omega,transform,energy_density
0.000000000000000000e+00,1.353371465632002280e-01,1.831614323986913845e-02
1.000000000000000021e-02,1.353574488100981466e-01,1.832163894837833887e-02
2.000000000000000042e-02,1.354183521717404193e-01,1.833813010490951273e-02
2.999999999999999889e-02,1.355198465102349925e-01,1.836562879815765298e-02
4.000000000000000083e-02,1.356619149266401758e-01,1.840415516156295589e-02
5.000000000000000278e-02,1.358445337572874723e-01,1.845373735173481619e-02
5.999999999999999778e-02,1.360676725686460198e-01,1.851441151824826520e-02
7.000000000000000666e-02,1.363312941507396625e-01,1.858622176481550259e-02
8.000000000000000167e-02,1.366353545091318344e-01,1.866922010183613354e-02
8.999999999999999667e-02,1.369798028554977953e-01,1.876346639033104127e-02
1.000000000000000056e-01,1.373645815968045081e-01,1.886902827726516518e-02
1.100000000000000006e-01,1.377896263231239704e-01,1.898598112226613718e-02
1.199999999999999956e-01,1.382548657941095605e-01,1.911440791574724532e-02
1.300000000000000044e-01,1.387602219241643176e-01,1.925439918844333229e-02
1.400000000000000133e-01,1.393056097663390169e-01,1.940605291237152905e-02
1.499999999999999944e-01,1.398909374949958706e-01,1.956947439322884175e-02
1.600000000000000033e-01,1.405161063872795157e-01,1.974477615424125379e-02
1.700000000000000122e-01,1.411810108034406985e-01,1.993207781148123928e-02
1.799999999999999933e-01,1.418855381660580894e-01,2.013150594067192670e-02
1.900000000000000022e-01,1.426295689382094944e-01,2.034319393549945468e-02
2.000000000000000111e-01,1.434129766006462803e-01,2.056728185745751794e-02
2.099999999999999922e-01,1.442356276280250538e-01,2.080391627725030473e-02
2.200000000000000011e-01,1.450973814642576853e-01,2.105325010778430830e-02
2.300000000000000100e-01,1.459980904970402393e-01,2.131544242878195133e-02
2.399999999999999911e-01,1.469376000316252040e-01,2.159065830305386194e-02
2.500000000000000000e-01,1.479157482639038568e-01,2.187906858447057762e-02
2.600000000000000089e-01,1.489323662528689862e-01,2.218084971767871061e-02
2.700000000000000178e-01,1.499872778925293859e-01,2.249618352961083381e-02
2.800000000000000266e-01,1.510802998833503108e-01,2.282525701284306152e-02
2.899999999999999800e-01,1.522112417032977227e-01,2.316826210085971838e-02
2.999999999999999889e-01,1.533799055785639576e-01,2.352539543528919461e-02
3.099999999999999978e-01,1.545860864540561930e-01,2.389685812518093505e-02
3.200000000000000067e-01,1.558295719637328158e-01,2.428285549840018473e-02
3.300000000000000155e-01,1.571101424008693181e-01,2.468359684522143660e-02
3.400000000000000244e-01,1.584275706883442048e-01,2.509929515421030141e-02
3.500000000000000333e-01,1.597816223490318155e-01,2.553016684048862311e-02
3.599999999999999867e-01,1.611720554763932944e-01,2.597643146648559789e-02
3.699999999999999956e-01,1.625986207053576882e-01,2.643831145528477422e-02
3.800000000000000044e-01,1.640610611835865151e-01,2.691603179668451695e-02
3.900000000000000133e-01,1.655591125432176181e-01,2.740981974609779659e-02
4.000000000000000222e-01,1.670925028731843898e-01,2.791990451642513416e-02
4.100000000000000311e-01,1.686609526922068503e-01,2.844651696304283800e-02
4.199999999999999845e-01,1.702641749225548840e-01,2.898988926205836592e-02
4.299999999999999933e-01,1.719018748646819195e-01,2.955025458199276103e-02
4.400000000000000022e-01,1.735737501728299437e-01,3.012784674905998397e-02
4.500000000000000111e-01,1.752794908317070466e-01,3.072289990622247349e-02
4.600000000000000200e-01,1.770187791343389716e-01,3.133564816621188520e-02
4.700000000000000289e-01,1.787912896611978664e-01,3.196632525871435926e-02
4.799999999999999822e-01,1.805966892607096252e-01,3.261516417192931311e-02
4.899999999999999911e-01,1.824346370312435461e-01,3.328239678872157992e-02
5.000000000000000000e-01,1.843047843046884959e-01,3.396825351759775319e-02
5.100000000000000089e-01,1.862067746317160044e-01,3.467296291874667757e-02
5.200000000000000178e-01,1.881402437688370066e-01,3.539675132539741448e-02
5.300000000000000266e-01,1.901048196673522095e-01,3.613984246075650081e-02
5.400000000000000355e-01,1.921001224643005545e-01,3.690245705079926719e-02
5.500000000000000444e-01,1.941257644755071399e-01,3.768481243320007112e-02
5.600000000000000533e-01,1.961813501908327706e-01,3.848712216269815911e-02
5.700000000000000622e-01,1.982664762717257501e-01,3.930959561320678669e-02
5.799999999999999600e-01,2.003807315511771936e-01,4.015243757698493815e-02
5.899999999999999689e-01,2.025236970361770084e-01,4.101584786120120868e-02
5.999999999999999778e-01,2.046949459127717086e-01,4.190002088223253318e-02
6.099999999999999867e-01,2.068940435538193512e-01,4.280514525804969550e-02
6.199999999999999956e-01,2.091205475295373484e-01,4.373140339905348672e-02
6.300000000000000044e-01,2.113740076209399965e-01,4.467897109773719816e-02
6.400000000000000133e-01,2.136539658362552885e-01,4.564801711755973879e-02
6.500000000000000222e-01,2.159599564304159613e-01,4.663870278142716319e-02
6.600000000000000311e-01,2.182915059277118763e-01,4.765118156018827156e-02
6.700000000000000400e-01,2.206481331476933816e-01,4.868559866156222521e-02
6.800000000000000488e-01,2.230293492344105066e-01,4.974209061992464903e-02
6.900000000000000577e-01,2.254346576890722542e-01,5.082078488738918376e-02
7.000000000000000666e-01,2.278635544062085072e-01,5.192179942663114472e-02
7.099999999999999645e-01,2.303155277134117107e-01,5.304524230590731970e-02
7.199999999999999734e-01,2.327900584147388763e-01,5.419121129673754034e-02
7.299999999999999822e-01,2.352866198378451568e-01,5.535979347471867151e-02
7.399999999999999911e-01,2.378046778849226828e-01,5.655106482395183543e-02
7.500000000000000000e-01,2.403436910875141330e-01,5.776508984557041787e-02
7.600000000000000089e-01,2.429031106652668470e-01,5.900192117086287130e-02
7.700000000000000178e-01,2.454823805886907351e-01,6.026159917949080319e-02
7.800000000000000266e-01,2.480809376459827409e-01,6.154415162330997835e-02
7.900000000000000355e-01,2.506982115139719247e-01,6.284959325630420923e-02
8.000000000000000444e-01,2.533336248332437868e-01,6.417792547115071244e-02
8.100000000000000533e-01,2.559865932874914596e-01,6.552913594293556521e-02
8.200000000000000622e-01,2.586565256871432017e-01,6.690319828054376583e-02
8.300000000000000711e-01,2.613428240573111849e-01,6.830007168625071290e-02
8.399999999999999689e-01,2.640448837301007656e-01,6.971970062404243829e-02
8.499999999999999778e-01,2.667620934413201805e-01,7.116201449719564143e-02
8.599999999999999867e-01,2.694938354316209206e-01,7.262692733564557468e-02
8.699999999999999956e-01,2.722394855521031998e-01,7.411433749367381252e-02
8.800000000000000044e-01,2.749984133744086678e-01,7.562412735844215028e-02
8.900000000000000133e-01,2.777699823053260131e-01,7.715616306990112638e-02
9.000000000000000222e-01,2.805535497059257755e-01,7.871029425259536139e-02
9.100000000000000311e-01,2.833484670152405793e-01,8.028635375988688039e-02
9.200000000000000400e-01,2.861540798785011108e-01,8.188415743111158995e-02
9.300000000000000488e-01,2.889697282799334466e-01,8.350350386217857135e-02
9.400000000000000577e-01,2.917947466801218415e-01,8.514417419011648114e-02
9.500000000000000666e-01,2.946284641579344221e-01,8.680593189206324556e-02
9.599999999999999645e-01,2.974702045570059572e-01,8.848852259918696395e-02
9.699999999999999734e-01,3.003192866367685454e-01,9.019167392601754041e-02
9.799999999999999822e-01,3.031750242280156771e-01,9.191509531565789093e-02
9.899999999999999911e-01,3.060367263929806847e-01,9.365847790133212392e-02
1.000000000000000000e+00,3.089036975899080995e-01,9.542149438471739242e-02
1.010000000000000009e+00,3.117752378420901027e-01,9.720379893149184991e-02
1.020000000000000018e+00,3.146506429113373748e-01,9.900502708451794365e-02
1.030000000000000027e+00,3.175292044758482035e-01,1.008247956950650143e-01
1.040000000000000036e+00,3.204102103124367718e-01,1.026627028724599600e-01
1.050000000000000044e+00,3.232929444830758836e-01,1.045183279525371822e-01
1.060000000000000053e+00,3.261766875257059994e-01,1.063912314852420576e-01
1.070000000000000062e+00,3.290607166492581226e-01,1.082809552417233478e-01
1.080000000000000071e+00,3.319443059328327505e-01,1.101870222412300593e-01
1.090000000000000080e+00,3.348267265289740502e-01,1.121089367981083773e-01
1.100000000000000089e+00,3.377072468709744202e-01,1.140461845891732606e-01
1.110000000000000098e+00,3.405851328841383308e-01,1.159982327417061615e-01
1.120000000000000107e+00,3.434596482009329987e-01,1.179645299423086602e-01
1.130000000000000115e+00,3.463300543799464615e-01,1.199445065668166693e-01
1.140000000000000124e+00,3.491956111285717812e-01,1.219375748314567298e-01
1.150000000000000133e+00,3.520555765293313932e-01,1.239431289653999124e-01
1.159999999999999920e+00,3.549092072697498934e-01,1.259605454048422779e-01
1.169999999999999929e+00,3.577557588756826723e-01,1.279891830087155902e-01
1.179999999999999938e+00,3.605944859480014753e-01,1.300283832961034447e-01
1.189999999999999947e+00,3.634246424025341926e-01,1.320774707054098440e-01
1.199999999999999956e+00,3.662454817131544638e-01,1.341357528753005512e-01
1.209999999999999964e+00,3.690562571579109052e-01,1.362025209474060639e-01
1.219999999999999973e+00,3.718562220680817210e-01,1.382770498907465173e-01
1.229999999999999982e+00,3.746446300800398976e-01,1.403585988478099345e-01
1.239999999999999991e+00,3.774207353898067496e-01,1.424464115021825128e-01
1.250000000000000000e+00,3.801837930101711338e-01,1.445397164676006374e-01
1.260000000000000009e+00,3.829330590302473802e-01,1.466377276982629152e-01
1.270000000000000018e+00,3.856677908773405439e-01,1.487396449202080806e-01
1.280000000000000027e+00,3.883872475809861391e-01,1.508446540835342298e-01
1.290000000000000036e+00,3.910906900390287988e-01,1.529519278352036993e-01
1.300000000000000044e+00,3.937773812855975830e-01,1.550606260121429048e-01
1.310000000000000053e+00,3.964465867608384375e-01,1.571698961543190054e-01
1.320000000000000062e+00,3.990975745822573639e-01,1.592788740374404821e-01
1.330000000000000071e+00,4.017296158175257537e-01,1.613866842248968259e-01
1.340000000000000080e+00,4.043419847585993931e-01,1.634924406385234175e-01
1.350000000000000089e+00,4.069339591969962089e-01,1.655952471477425691e-01
1.360000000000000098e+00,4.095048207000796525e-01,1.676941981766043865e-01
1.370000000000000107e+00,4.120538548881896856e-01,1.697883793282172760e-01
1.380000000000000115e+00,4.145803517124608262e-01,1.718768680260277237e-01
1.390000000000000124e+00,4.170836057331682722e-01,1.739587341713809687e-01
1.400000000000000133e+00,4.195629163984380683e-01,1.760330408167627425e-01
1.409999999999999920e+00,4.220175883231553349e-01,1.780988448540922198e-01
1.419999999999999929e+00,4.244469315679065824e-01,1.801551977174111752e-01
1.429999999999999938e+00,4.268502619177865776e-01,1.822011460992830068e-01
1.439999999999999947e+00,4.292269011609014528e-01,1.842357326801902784e-01
1.449999999999999956e+00,4.315761773663979173e-01,1.862579968701925659e-01
1.459999999999999964e+00,4.338974251618488154e-01,1.882669755620821894e-01
1.469999999999999973e+00,4.361899860098194526e-01,1.902617038952464923e-01
1.479999999999999982e+00,4.384532084834464327e-01,1.922412160294285355e-01
1.489999999999999991e+00,4.406864485408527043e-01,1.942045459275496266e-01
1.500000000000000000e+00,4.428890697982258429e-01,1.961507281467377573e-01
1.510000000000000009e+00,4.450604438013868180e-01,1.980787986366873976e-01
1.520000000000000018e+00,4.471999502956734984e-01,1.999877955444528399e-01
1.530000000000000027e+00,4.493069774939650873e-01,2.018767600247624583e-01
1.540000000000000036e+00,4.513809223426751283e-01,2.037447370549241021e-01
1.550000000000000044e+00,4.534211907855377754e-01,2.055907762533750460e-01
1.560000000000000053e+00,4.554271980250140239e-01,2.074139327009153488e-01
1.570000000000000062e+00,4.573983687811462029e-01,2.092132677636534266e-01
1.580000000000000071e+00,4.593341375476890365e-01,2.109878499166793209e-01
1.590000000000000080e+00,4.612339488453456315e-01,2.127367555674709032e-01
1.600000000000000089e+00,4.630972574719379731e-01,2.144590698780304006e-01
1.610000000000000098e+00,4.649235287493451163e-01,2.161538875847431318e-01
1.620000000000000107e+00,4.667122387670386563e-01,2.178203138149412965e-01
1.630000000000000115e+00,4.684628746220532158e-01,2.194574648991575450e-01
1.640000000000000124e+00,4.701749346552236974e-01,2.210644691780438709e-01
1.650000000000000133e+00,4.718479286835297604e-01,2.226404678029373918e-01
1.660000000000000142e+00,4.734813782283858741e-01,2.241846155290518061e-01
1.669999999999999929e+00,4.750748167397169652e-01,2.256960815002756471e-01
1.679999999999999938e+00,4.766277898156647264e-01,2.271740500245654770e-01
1.689999999999999947e+00,4.781398554177704874e-01,2.286177213389264662e-01
1.699999999999999956e+00,4.796105840814817167e-01,2.300263123629800455e-01
1.709999999999999964e+00,4.810395591218328271e-01,2.313990574401272871e-01
1.719999999999999973e+00,4.824263768341567338e-01,2.327352090653317940e-01
1.729999999999999982e+00,4.837706466896782853e-01,2.340340385985495431e-01
1.739999999999999991e+00,4.850719915258547843e-01,2.352948369628589387e-01
1.750000000000000000e+00,4.863300477313204917e-01,2.365169153263484703e-01
1.760000000000000009e+00,4.875444654253049959e-01,2.376996057668464279e-01
1.770000000000000018e+00,4.887149086313920532e-01,2.388422619185898710e-01
1.780000000000000027e+00,4.898410554454906141e-01,2.399442595999522199e-01
1.790000000000000036e+00,4.909225981978966868e-01,2.410049974213735180e-01
1.800000000000000044e+00,4.919592436093223053e-01,2.420238973726565324e-01
1.810000000000000053e+00,4.929507129407770250e-01,2.430004053888203397e-01
1.820000000000000062e+00,4.938967421371877609e-01,2.439339918937277474e-01
1.830000000000000071e+00,4.947970819646489993e-01,2.448241523207315695e-01
1.840000000000000080e+00,4.956514981411972998e-01,2.456704076096133116e-01
1.850000000000000089e+00,4.964597714610109458e-01,2.464723046791192085e-01
1.860000000000000098e+00,4.972216979119356561e-01,2.472294168744282039e-01
1.870000000000000107e+00,4.979370887862468176e-01,2.479413443889226520e-01
1.880000000000000115e+00,4.986057707845584219e-01,2.486077146596636089e-01
1.890000000000000124e+00,4.992275861127959402e-01,2.492281827360090796e-01
1.900000000000000133e+00,4.998023925721548633e-01,2.498024316208503903e-01
1.910000000000000142e+00,5.003300636419683034e-01,2.503301725839760516e-01
1.919999999999999929e+00,5.008104885554177654e-01,2.508111454471162460e-01
1.929999999999999938e+00,5.012435723680185307e-01,2.512451188402530233e-01
1.939999999999999947e+00,5.016292360188202570e-01,2.516318904288252778e-01
1.949999999999999956e+00,5.019674163842712256e-01,2.519712871115002972e-01
1.959999999999999964e+00,5.022580663246879462e-01,2.522631651882146220e-01
1.969999999999999973e+00,5.025011547232941522e-01,2.525074104982439893e-01
1.979999999999999982e+00,5.026966665177802218e-01,2.527039385280883121e-01
1.989999999999999991e+00,5.028446027243513861e-01,2.528526944890107653e-01
2.000000000000000000e+00,5.029449804542348579e-01,2.529536533641106866e-01
2.010000000000000231e+00,5.029978329226180156e-01,2.530068199248499683e-01
2.020000000000000018e+00,5.030032094499975459e-01,2.530122287169980777e-01
2.030000000000000249e+00,5.029611754559246695e-01,2.529699440160054214e-01
2.040000000000000036e+00,5.028718124451362348e-01,2.528800597518562898e-01
2.049999999999999822e+00,5.027352179860653525e-01,2.527426994034966401e-01
2.060000000000000053e+00,5.025515056817323467e-01,2.525580158629762706e-01
2.069999999999999840e+00,5.023208051330191326e-01,2.523261912694845788e-01
2.080000000000000071e+00,5.020432618943396763e-01,2.520474368135085519e-01
2.089999999999999858e+00,5.017190374217179727e-01,2.517219925113752255e-01
2.100000000000000089e+00,5.013483090132965225e-01,2.513501269504918589e-01
2.109999999999999876e+00,5.009312697422986238e-01,2.509321370056315503e-01
2.120000000000000107e+00,5.004681283824746751e-01,2.504683475266571424e-01
2.129999999999999893e+00,4.999591093260677410e-01,2.499591109981149639e-01
2.140000000000000124e+00,4.994044524943379026e-01,2.494048071711693904e-01
2.149999999999999911e+00,4.988044132406898035e-01,2.488058426683888436e-01
2.160000000000000142e+00,4.981592622464539044e-01,2.481626505619312362e-01
2.169999999999999929e+00,4.974692854093749617e-01,2.474756899257141707e-01
2.180000000000000160e+00,4.967347837248664577e-01,2.467454453621898414e-01
2.189999999999999947e+00,4.959560731600965444e-01,2.459724265043830294e-01
2.200000000000000178e+00,4.951334845209706126e-01,2.451571674938782530e-01
2.209999999999999964e+00,4.942673633120878707e-01,2.443002264354834641e-01
2.220000000000000195e+00,4.933580695897448187e-01,2.434021848293194956e-01
2.229999999999999982e+00,4.924059778080705496e-01,2.424636469811220774e-01
2.240000000000000213e+00,4.914114766583795868e-01,2.414852393915691564e-01
2.250000000000000000e+00,4.903749689018310765e-01,2.404676101254717979e-01
2.260000000000000231e+00,4.892968711954907013e-01,2.394114281616966100e-01
2.270000000000000018e+00,4.881776139118944036e-01,2.383173827247106469e-01
2.280000000000000249e+00,4.870176409522146699e-01,2.371861825986602834e-01
2.290000000000000036e+00,4.858174095531378467e-01,2.360185554249212836e-01
2.300000000000000266e+00,4.845773900875622320e-01,2.348152469840734669e-01
2.310000000000000053e+00,4.832980658592322953e-01,2.335770204632748315e-01
2.319999999999999840e+00,4.819799328914254333e-01,2.323046557100229559e-01
2.330000000000000071e+00,4.806234997098126072e-01,2.309989484733082354e-01
2.339999999999999858e+00,4.792292871196217607e-01,2.296607096331808595e-01
2.350000000000000089e+00,4.777978279772238657e-01,2.282907644197527952e-01
2.359999999999999876e+00,4.763296669562834817e-01,2.268899516226839386e-01
2.370000000000000107e+00,4.748253603085998420e-01,2.254591227921916574e-01
2.379999999999999893e+00,4.732854756197794610e-01,2.239991414326408525e-01
2.390000000000000124e+00,4.717105915598816535e-01,2.225108821897734956e-01
2.399999999999999911e+00,4.701012976291777945e-01,2.209952300326367969e-01
2.410000000000000142e+00,4.684581938991705941e-01,2.194530794312729016e-01
2.419999999999999929e+00,4.667818907490235980e-01,2.178853335312334050e-01
2.430000000000000160e+00,4.650730085975492423e-01,2.162929033259761158e-01
2.439999999999999947e+00,4.633321776309085593e-01,2.146767068281998092e-01
2.450000000000000178e+00,4.615600375261798005e-01,2.130376682411685152e-01
2.459999999999999964e+00,4.597572371709503503e-01,2.113767171310654835e-01
2.470000000000000195e+00,4.579244343790934701e-01,2.096947876014126910e-01
2.479999999999999982e+00,4.560622956028870245e-01,2.079928174705751032e-01
2.490000000000000213e+00,4.541714956416419424e-01,2.062717474533659889e-01
2.500000000000000000e+00,4.522527173469987893e-01,2.045325203477443843e-01
2.510000000000000231e+00,4.503066513250611469e-01,2.027760802275901941e-01
2.520000000000000018e+00,4.483339956355310019e-01,2.010033716425203287e-01
2.530000000000000249e+00,4.463354554880151204e-01,1.992153388256939217e-01
2.540000000000000036e+00,4.443117429356691628e-01,1.974129249105321671e-01
2.550000000000000266e+00,4.422635765663500695e-01,1.955970711572597998e-01
2.560000000000000053e+00,4.401916811914473038e-01,1.937687161901527899e-01
2.569999999999999840e+00,4.380967875325636474e-01,1.919287952463522018e-01
2.580000000000000071e+00,4.359796319062161363e-01,1.900782394370797157e-01
2.589999999999999858e+00,4.338409559067303856e-01,1.882179750220655812e-01
2.600000000000000089e+00,4.316815060874983900e-01,1.863489226979709035e-01
2.609999999999999876e+00,4.295020336407727735e-01,1.844719969015595207e-01
2.620000000000000107e+00,4.273032940761715137e-01,1.825881051283471113e-01
2.629999999999999893e+00,4.250860468980601214e-01,1.806981472674197564e-01
2.640000000000000124e+00,4.228510552819888524e-01,1.788030149530915880e-01
2.649999999999999911e+00,4.205990857503516533e-01,1.769035909340316570e-01
2.660000000000000142e+00,4.183309078474402032e-01,1.750007484604635122e-01
2.669999999999999929e+00,4.160472938140617472e-01,1.730953506900042294e-01
2.680000000000000160e+00,4.137490182618925316e-01,1.711882501126798795e-01
2.689999999999999947e+00,4.114368578477309857e-01,1.692802879956139817e-01
2.700000000000000178e+00,4.091115909478240664e-01,1.673722938478597322e-01
2.709999999999999964e+00,4.067739973324295266e-01,1.654650849058033890e-01
2.720000000000000195e+00,4.044248578407794170e-01,1.635594656395346347e-01
2.729999999999999982e+00,4.020649540566126334e-01,1.616562272805460165e-01
2.740000000000000213e+00,3.996950679844348264e-01,1.597561473710819857e-01
2.750000000000000000e+00,3.973159817266704308e-01,1.578599893354279138e-01
2.760000000000000231e+00,3.949284771618644663e-01,1.559685020733893035e-01
2.770000000000000018e+00,3.925333356240947036e-01,1.540824195761781867e-01
2.780000000000000249e+00,3.901313375837474062e-01,1.522024605648838735e-01
2.790000000000000036e+00,3.877232623298139114e-01,1.503293281516736857e-01
2.800000000000000266e+00,3.853098876538590956e-01,1.484637095238295068e-01
2.810000000000000053e+00,3.828919895358143810e-01,1.466062756506942011e-01
2.819999999999999840e+00,3.804703418317397778e-01,1.447576810135609293e-01
2.830000000000000071e+00,3.780457159637060083e-01,1.429185633585110804e-01
2.839999999999999858e+00,3.756188806119388768e-01,1.410895434721659847e-01
2.850000000000000089e+00,3.731906014093651081e-01,1.392712249802836311e-01
2.859999999999999876e+00,3.707616406387046482e-01,1.374641941691039648e-01
2.870000000000000107e+00,3.683327569322400463e-01,1.356690198293046268e-01
2.879999999999999893e+00,3.659047049744031388e-01,1.338862531224050134e-01
2.890000000000000124e+00,3.634782352073060441e-01,1.321164274694177077e-01
2.899999999999999911e+00,3.610540935393486417e-01,1.303600584615207114e-01
2.910000000000000142e+00,3.586330210570279342e-01,1.286176437924906324e-01
2.919999999999999929e+00,3.562157537400733598e-01,1.268896632126085833e-01
2.930000000000000160e+00,3.538030221800281261e-01,1.251765785037214640e-01
2.939999999999999947e+00,3.513955513023963584e-01,1.234788334751150685e-01
2.950000000000000178e+00,3.489940600924679726e-01,1.217968539798251482e-01
2.959999999999999964e+00,3.465992613249391785e-01,1.201310479509934831e-01
2.970000000000000195e+00,3.442118612974301994e-01,1.184818054578413299e-01
2.979999999999999982e+00,3.418325595680146156e-01,1.168494987808202656e-01
2.990000000000000213e+00,3.394620486968562001e-01,1.152344825054667649e-01
3.000000000000000000e+00,3.371010139920601056e-01,1.136370936344751059e-01
3.010000000000000231e+00,3.347501332598286639e-01,1.120576517174730474e-01
3.020000000000000018e+00,3.324100765590227158e-01,1.104964589979753470e-01
3.030000000000000249e+00,3.300815059602140722e-01,1.089538005769628420e-01
3.040000000000000036e+00,3.277650753093185321e-01,1.074299445925232521e-01
3.050000000000000266e+00,3.254614299958951684e-01,1.059251424149729726e-01
3.060000000000000053e+00,3.231712067261919286e-01,1.044396288568630732e-01
3.070000000000000284e+00,3.208950333010149314e-01,1.029736223972594761e-01
3.080000000000000071e+00,3.186335283984996769e-01,1.015273254196775027e-01
3.089999999999999858e+00,3.163873013618519470e-01,1.001009244630353262e-01
3.100000000000000089e+00,3.141569519921297848e-01,9.869459048498534226e-02
3.109999999999999876e+00,3.119430703461317789e-01,9.730847913697171503e-02
3.120000000000000107e+00,3.097462365394521577e-01,9.594273105035425186e-02
3.129999999999999893e+00,3.075670205547633707e-01,9.459747213293423496e-02
3.140000000000000124e+00,3.054059820553824411e-01,9.327281387521257905e-02
3.149999999999999911e+00,3.032636702041722199e-01,9.196885366570493880e-02
3.160000000000000142e+00,3.011406234878277743e-01,9.068567511463765385e-02
3.169999999999999929e+00,2.990373695465955439e-01,8.942334838534714281e-02
3.180000000000000160e+00,2.969544250094676152e-01,8.818193053270352577e-02
3.189999999999999947e+00,2.948922953348911968e-01,8.696146584788069789e-02
3.200000000000000178e+00,2.928514746570299310e-01,8.576198620879704748e-02
3.209999999999999964e+00,2.908324456376157885e-01,8.458351143555674356e-02
3.220000000000000195e+00,2.888356793234142517e-01,8.342604965021818697e-02
3.229999999999999982e+00,2.868616350093402545e-01,8.228959764023194290e-02
3.240000000000000213e+00,2.849107601072428664e-01,8.117414122488689210e-02
3.250000000000000000e+00,2.829834900203855308e-01,8.007965562411763216e-02
3.260000000000000231e+00,2.810802480236385681e-01,7.900610582903017098e-02
3.270000000000000018e+00,2.792014451494033156e-01,7.795344697351526408e-02
3.280000000000000249e+00,2.773474800792770645e-01,7.692162470632499249e-02
3.290000000000000036e+00,2.755187390414757798e-01,7.591057556300483122e-02
3.300000000000000266e+00,2.737155957140163798e-01,7.492022733707885684e-02
3.310000000000000053e+00,2.719384111336703436e-01,7.395049944990511603e-02
3.320000000000000284e+00,2.701875336106849268e-01,7.300130331862499100e-02
3.330000000000000071e+00,2.684632986492780371e-01,7.207254272165145026e-02
3.339999999999999858e+00,2.667660288739003849e-01,7.116411416115064892e-02
3.350000000000000089e+00,2.650960339612611905e-01,7.027590722199014706e-02
3.359999999999999876e+00,2.634536105781104531e-01,6.940780492664266887e-02
3.370000000000000107e+00,2.618390423247662913e-01,6.855968408555075666e-02
3.379999999999999893e+00,2.602525996843766953e-01,6.773141564247642243e-02
3.390000000000000124e+00,2.586945399778993737e-01,6.692286501437698376e-02
3.399999999999999911e+00,2.571651073247831487e-01,6.613389242536724111e-02
3.410000000000000142e+00,2.556645326093313630e-01,6.536435323434786060e-02
3.419999999999999929e+00,2.541930334527263691e-01,6.461409825589886635e-02
3.430000000000000160e+00,2.527508141906888994e-01,6.388297407405614525e-02
3.439999999999999947e+00,2.513380658567493375e-01,6.317082334861166826e-02
3.450000000000000178e+00,2.499549661711001625e-01,6.247748511359582646e-02
3.459999999999999964e+00,2.486016795350007857e-01,6.180279506762322711e-02
3.470000000000000195e+00,2.472783570307015288e-01,6.114658585580309835e-02
3.479999999999999982e+00,2.459851364268538232e-01,6.050868734293788492e-02
3.490000000000000213e+00,2.447221421893684135e-01,5.988892687775344836e-02
3.500000000000000000e+00,2.434894854976861478e-01,5.928712954792791229e-02
3.510000000000000231e+00,2.422872642664183340e-01,5.870311842570523353e-02
3.520000000000000018e+00,2.411155631723187198e-01,5.813671480390442126e-02
3.530000000000000249e+00,2.399744536865393851e-01,5.758773842215303418e-02
3.540000000000000036e+00,2.388639941121294408e-01,5.705600768319940563e-02
3.550000000000000266e+00,2.377842296267267119e-01,5.654133985917590005e-02
3.560000000000000053e+00,2.367351923303955830e-01,5.604355128770938804e-02
3.570000000000000284e+00,2.357169012985610712e-01,5.556245755779558315e-02
3.580000000000000071e+00,2.347293626399856448e-01,5.509787368537388819e-02
3.589999999999999858e+00,2.337725695597388798e-01,5.464961427856295656e-02
3.600000000000000089e+00,2.328465024271028083e-01,5.421749369253479195e-02
3.609999999999999876e+00,2.319511288483582234e-01,5.380132617402767770e-02
3.620000000000000107e+00,2.310864037443942365e-01,5.340092599551718444e-02
3.629999999999999893e+00,2.302522694330838837e-01,5.301610757908545302e-02
3.640000000000000124e+00,2.294486557163623042e-01,5.264668561004576253e-02
3.649999999999999911e+00,2.286754799719521170e-01,5.229247514040267358e-02
3.660000000000000142e+00,2.279326472496672473e-01,5.195329168224124133e-02
3.669999999999999929e+00,2.272200503722361931e-01,5.162895129116155252e-02
3.680000000000000160e+00,2.265375700405781179e-01,5.131927063988983573e-02
3.689999999999999947e+00,2.258850749434664074e-01,5.102406708221543519e-02
3.700000000000000178e+00,2.252624218715127691e-01,5.074315870741939738e-02
3.709999999999999964e+00,2.246694558354029869e-01,5.047636438537609488e-02
3.720000000000000195e+00,2.241060101883175781e-01,5.022350380252630503e-02
3.729999999999999982e+00,2.235719067524646886e-01,4.998439748893276913e-02
3.740000000000000213e+00,2.230669559496566146e-01,4.975886683664604293e-02
3.750000000000000000e+00,2.225909569358561768e-01,4.954673410962017605e-02
3.760000000000000231e+00,2.221436977396216983e-01,4.934782244543240576e-02
3.770000000000000018e+00,2.217249554043763671e-01,4.916195584907268740e-02
3.780000000000000249e+00,2.213344961344272943e-01,4.898895917908081127e-02
3.790000000000000036e+00,2.209720754446595214e-01,4.882865812632029845e-02
3.800000000000000266e+00,2.206374383138280659e-01,4.868087918568828748e-02
3.810000000000000053e+00,2.203303193413725103e-01,4.854544962107119194e-02
3.820000000000000284e+00,2.200504429076754753e-01,4.842219742386414533e-02
3.830000000000000071e+00,2.197975233376867066e-01,4.831095126538093032e-02
3.839999999999999858e+00,2.195712650678348088e-01,4.821154044348937434e-02
3.850000000000000089e+00,2.193713628161452212e-01,4.812379482381282103e-02
3.859999999999999876e+00,2.191975017554866345e-01,4.804754477584656513e-02
3.870000000000000107e+00,2.190493576898620287e-01,4.798262110434111521e-02
3.879999999999999893e+00,2.189265972336654764e-01,4.792885497631158703e-02
3.890000000000000124e+00,2.188288779938204476e-01,4.788607784403435541e-02
3.899999999999999911e+00,2.187558487547185404e-01,4.785412136439729652e-02
3.910000000000000142e+00,2.187071496658745118e-01,4.783281731497123629e-02
3.919999999999999929e+00,2.186824124322141183e-01,4.782199750717299608e-02
3.930000000000000160e+00,2.186812605069102522e-01,4.782149369689114859e-02
3.939999999999999947e+00,2.187033092866835504e-01,4.783113749294676253e-02
3.950000000000000178e+00,2.187481663094804352e-01,4.785076026376011010e-02
3.959999999999999964e+00,2.188154314544455137e-01,4.788019304259514414e-02
3.970000000000000195e+00,2.189046971440989642e-01,4.791926643174968664e-02
3.979999999999999982e+00,2.190155485486364462e-01,4.796781050606013092e-02
3.990000000000000213e+00,2.191475637922596642e-01,4.802565471608252062e-02
4.000000000000000000e+00,2.193003141614553175e-01,4.809262779131300014e-02
4.009999999999999787e+00,2.194733643151308977e-01,4.816855764380217203e-02
4.020000000000000462e+00,2.196662724965212643e-01,4.825327127251593379e-02
4.030000000000000249e+00,2.198785907467770973e-01,4.834659466878869077e-02
4.040000000000000036e+00,2.201098651201468526e-01,4.844835272320924258e-02
4.049999999999999822e+00,2.203596359006623207e-01,4.855836913427246521e-02
4.060000000000000497e+00,2.206274378202398856e-01,4.867646631912381922e-02
4.070000000000000284e+00,2.209128002781067523e-01,4.880246532671467935e-02
4.080000000000000071e+00,2.212152475614631020e-01,4.893618575367940371e-02
4.089999999999999858e+00,2.215342990672898582e-01,4.907744566323542224e-02
4.099999999999999645e+00,2.218694695252121651e-01,4.922606150739904790e-02
4.110000000000000320e+00,2.222202692213271769e-01,4.938184805279913214e-02
4.120000000000000107e+00,2.225862042229074800e-01,4.954461831036187369e-02
4.129999999999999893e+00,2.229667766038873067e-01,4.971418346912778730e-02
4.139999999999999680e+00,2.233614846710423318e-01,4.989035283445227703e-02
4.150000000000000355e+00,2.237698231907702950e-01,5.007293377082860236e-02
4.160000000000000142e+00,2.241912836163839906e-01,5.026173164956192208e-02
4.169999999999999929e+00,2.246253543158224786e-01,5.045654980150878627e-02
4.179999999999999716e+00,2.250715207996916711e-01,5.065718947508603826e-02
4.190000000000000391e+00,2.255292659495415630e-01,5.086344979973905084e-02
4.200000000000000178e+00,2.259980702462894009e-01,5.107512775504675917e-02
4.209999999999999964e+00,2.264774119986984191e-01,5.129201814562818484e-02
4.219999999999999751e+00,2.269667675718184119e-01,5.151391358199983866e-02
4.230000000000000426e+00,2.274656116153006280e-01,5.174060446752278691e-02
4.240000000000000213e+00,2.279734172914919810e-01,5.197187899156073543e-02
4.250000000000000000e+00,2.284896565032212556e-01,5.220752312896004277e-02
4.259999999999999787e+00,2.290138001211838026e-01,5.244732064594552490e-02
4.270000000000000462e+00,2.295453182108351253e-01,5.269105311251355561e-02
4.280000000000000249e+00,2.300836802587032937e-01,5.293849992138921490e-02
4.290000000000000036e+00,2.306283553980292278e-01,5.318943831359967955e-02
4.299999999999999822e+00,2.311788126336453975e-01,5.344364341070212410e-02
4.310000000000000497e+00,2.317345210660020638e-01,5.370088825368935642e-02
4.320000000000000284e+00,2.322949501142532736e-01,5.396094384858341614e-02
4.330000000000000071e+00,2.328595697383124552e-01,5.422357921871200082e-02
4.339999999999999858e+00,2.334278506597889935e-01,5.448856146364875613e-02
4.350000000000000533e+00,2.339992645817176586e-01,5.475565582478470611e-02
4.360000000000000320e+00,2.345732844069928213e-01,5.502462575748394424e-02
4.370000000000000107e+00,2.351493844554201351e-01,5.529523300976298128e-02
4.379999999999999893e+00,2.357270406792988660e-01,5.556723770741982260e-02
4.389999999999999680e+00,2.363057308774473286e-01,5.584039844552456111e-02
4.400000000000000355e+00,2.368849349075880240e-01,5.611447238617221778e-02
4.410000000000000142e+00,2.374641348970037980e-01,5.638921536238241522e-02
4.419999999999999929e+00,2.380428154513837824e-01,5.666438198802156018e-02
4.429999999999999716e+00,2.386204638617730189e-01,5.693972577360772308e-02
4.440000000000000391e+00,2.391965703095428053e-01,5.721499924784805707e-02
4.450000000000000178e+00,2.397706280692997738e-01,5.748995408474648350e-02
4.459999999999999964e+00,2.403421337096524613e-01,5.776434123610846294e-02
4.469999999999999751e+00,2.409105872917523539e-01,5.803791106925702825e-02
4.480000000000000426e+00,2.414754925655323570e-01,5.831041350976647053e-02
4.490000000000000213e+00,2.420363571635603395e-01,5.858159818900654514e-02
4.500000000000000000e+00,2.425926927924323406e-01,5.885121459628345209e-02
4.509999999999999787e+00,2.431440154216272520e-01,5.911901223535251382e-02
4.520000000000000462e+00,2.436898454697453142e-01,5.938474078506834897e-02
4.530000000000000249e+00,2.442297079880572375e-01,5.964815026393170683e-02
4.540000000000000036e+00,2.447631328412896712e-01,5.990899119828281549e-02
4.549999999999999822e+00,2.452896548855728331e-01,6.016701479388342211e-02
4.560000000000000497e+00,2.458088141434797980e-01,6.042197311062379173e-02
4.570000000000000284e+00,2.463201559760860304e-01,6.067361924008334712e-02
4.580000000000000071e+00,2.468232312519812455e-01,6.092170748566901051e-02
4.589999999999999858e+00,2.473175965131642340e-01,6.116599354504830693e-02
4.600000000000000533e+00,2.478028141377545401e-01,6.140623469459052103e-02
4.610000000000000320e+00,2.482784524994560149e-01,6.164218997552463331e-02
4.620000000000000107e+00,2.487440861237088241e-01,6.187362038151907051e-02
4.629999999999999893e+00,2.491992958404664615e-01,6.210028904738432165e-02
4.639999999999999680e+00,2.496436689335374270e-01,6.232196143859763948e-02
4.650000000000000355e+00,2.500767992864336708e-01,6.253840554134723617e-02
4.660000000000000142e+00,2.504982875246650753e-01,6.274939205278977361e-02
4.669999999999999929e+00,2.509077411544278768e-01,6.295469457121738444e-02
4.679999999999999716e+00,2.513047746976283525e-01,6.315408978582574828e-02
4.690000000000000391e+00,2.516890098231936990e-01,6.334735766577968830e-02
4.700000000000000178e+00,2.520600754746133987e-01,6.353428164826779856e-02
4.709999999999999964e+00,2.524176079936691908e-01,6.371464882524564832e-02
4.719999999999999751e+00,2.527612512402991340e-01,6.388825012856162722e-02
4.730000000000000426e+00,2.530906567085544068e-01,6.405488051316733655e-02
4.740000000000000213e+00,2.534054836386045451e-01,6.421433913811507022e-02
4.750000000000000000e+00,2.537053991247487650e-01,6.436642954504806502e-02
4.759999999999999787e+00,2.539900782193937889e-01,6.451095983389378008e-02
4.770000000000000462e+00,2.542592040329602621e-01,6.464774283547451705e-02
4.780000000000000249e+00,2.545124678296826759e-01,6.477659628075525811e-02
4.790000000000000036e+00,2.547495691192678269e-01,6.489734296645260914e-02
4.799999999999999822e+00,2.549702157443818340e-01,6.500981091673661838e-02
4.810000000000000497e+00,2.551741239639336301e-01,6.511383354076097363e-02
4.820000000000000284e+00,2.553610185321307235e-01,6.520924978576721209e-02
4.830000000000000071e+00,2.555306327732786986e-01,6.529590428551221293e-02
4.839999999999999858e+00,2.556827086523038584e-01,6.537364750377890055e-02
4.850000000000000533e+00,2.558169968409761408e-01,6.544233587273599884e-02
4.860000000000000320e+00,2.559332567798151548e-01,6.550183192592279324e-02
4.870000000000000107e+00,2.560312567356621272e-01,6.555200442564253216e-02
4.879999999999999893e+00,2.561107738549029955e-01,6.559272848455725835e-02
4.889999999999999680e+00,2.561715942123315992e-01,6.562388568128747768e-02
4.900000000000000355e+00,2.562135128556436992e-01,6.564536416982909295e-02
4.910000000000000142e+00,2.562363338455527217e-01,6.565705878260955086e-02
4.919999999999999929e+00,2.562398702915237303e-01,6.565887112701690453e-02
4.929999999999999716e+00,2.562239443831226815e-01,6.565070967524554157e-02
4.940000000000000391e+00,2.561883874169799680e-01,6.563248984731262503e-02
4.950000000000000178e+00,2.561330398193710223e-01,6.560413408711150696e-02
4.959999999999999964e+00,2.560577511644176463e-01,6.556557193137882433e-02
4.969999999999999751e+00,2.559623801879168381e-01,6.551674007146368606e-02
4.980000000000000426e+00,2.558467947968072753e-01,6.545758240779961379e-02
4.990000000000000213e+00,2.557108720742828356e-01,6.538805009699023840e-02
5.000000000000000000e+00,2.555544982805684762e-01,6.530810159143307647e-02
5.009999999999999787e+00,2.553775688493751805e-01,6.521770267141735467e-02
5.020000000000000462e+00,2.551799883800489610e-01,6.511682646964192522e-02
5.030000000000000249e+00,2.549616706254402843e-01,6.500545348811549717e-02
5.040000000000000036e+00,2.547225384755114619e-01,6.488357160740841623e-02
5.049999999999999822e+00,2.544625239367116487e-01,6.475117608824154658e-02
5.060000000000000497e+00,2.541815681071444288e-01,6.460826956540689781e-02
5.070000000000000284e+00,2.538796211475605746e-01,6.445486203402889247e-02
5.080000000000000071e+00,2.535566422482065096e-01,6.429097082818498177e-02
5.089999999999999858e+00,2.532125995915630035e-01,6.411662059191720886e-02
5.100000000000000533e+00,2.528474703110132338e-01,6.393184324267871255e-02
5.110000000000000320e+00,2.524612404454770198e-01,6.373667792726896153e-02
5.120000000000000107e+00,2.520539048900529711e-01,6.353117097032387472e-02
5.129999999999999893e+00,2.516254673427140709e-01,6.331537581543926485e-02
5.139999999999999680e+00,2.511759402470988278e-01,6.308935295901416107e-02
5.150000000000000355e+00,2.507053447314500638e-01,6.285316987691522139e-02
5.160000000000000142e+00,2.502137105437472475e-01,6.260690094407013462e-02
5.169999999999999929e+00,2.497010759830868287e-01,6.235062734711130372e-02
5.179999999999999716e+00,2.491674878273644200e-01,6.208443699019979695e-02
5.190000000000000391e+00,2.486130012573131709e-01,6.180842439416880246e-02
5.200000000000000178e+00,2.480376797769587027e-01,6.152269058913710509e-02
5.209999999999999964e+00,2.474415951305481698e-01,6.122734300075011876e-02
5.219999999999999751e+00,2.468248272160173118e-01,6.092249533021679847e-02
5.230000000000000426e+00,2.461874639950568655e-01,6.060826742831742359e-02
5.240000000000000213e+00,2.455296013998466420e-01,6.028478516356757660e-02
5.250000000000000000e+00,2.448513432365208575e-01,5.995218028472854704e-02
5.259999999999999787e+00,2.441528010854373265e-01,5.961059027786512476e-02
5.270000000000000462e+00,2.434340941983180184e-01,5.926015821815557028e-02
5.280000000000000249e+00,2.426953493923349192e-01,5.890103261666752160e-02
5.290000000000000036e+00,2.419367009412139724e-01,5.853336726231840592e-02
5.299999999999999822e+00,2.411582904634324287e-01,5.815732105924524553e-02
5.310000000000000497e+00,2.403602668075877635e-01,5.777305785981477759e-02
5.320000000000000284e+00,2.395427859350128807e-01,5.738074629350740224e-02
5.330000000000000071e+00,2.387060107997209801e-01,5.698055959191650893e-02
5.339999999999999858e+00,2.378501112257573324e-01,5.657267541010513323e-02
5.350000000000000533e+00,2.369752637820422836e-01,5.615727564456852311e-02
5.360000000000000320e+00,2.360816516547876998e-01,5.573454624805252583e-02
5.370000000000000107e+00,2.351694645175702036e-01,5.530467704148071123e-02
5.379999999999999893e+00,2.342388983991479656e-01,5.486786152324636678e-02
5.389999999999999680e+00,2.332901555491068146e-01,5.442429667612645044e-02
5.400000000000000355e+00,2.323234443014212947e-01,5.397418277207560039e-02
5.410000000000000142e+00,2.313389789360222326e-01,5.351772317516133998e-02
5.419999999999999929e+00,2.303369795384549168e-01,5.305512414289859785e-02
5.429999999999999716e+00,2.293176718577217554e-01,5.258659462624575009e-02
5.440000000000000391e+00,2.282812871623970674e-01,5.211234606852079010e-02
5.450000000000000178e+00,2.272280620951064034e-01,5.163259220349752932e-02
5.459999999999999964e+00,2.261582385254594929e-01,5.114754885293863046e-02
5.469999999999999751e+00,2.250720634015319910e-01,5.065743372382323917e-02
5.480000000000000426e+00,2.239697885999851201e-01,5.016246620552202579e-02
5.490000000000000213e+00,2.228516707749186032e-01,4.966286716717271260e-02
5.500000000000000000e+00,2.217179712055465379e-01,4.915885875550356221e-02
5.509999999999999787e+00,2.205689556427929410e-01,4.865066419335235814e-02
5.520000000000000462e+00,2.194048941548971954e-01,4.813850757912164352e-02
5.530000000000000249e+00,2.182260609721250189e-01,4.762261368740962342e-02
5.540000000000000036e+00,2.170327343306758250e-01,4.710320777104971129e-02
5.549999999999999822e+00,2.158251963158823450e-01,4.658051536478915317e-02
5.560000000000000497e+00,2.146037327047935761e-01,4.605476209083048805e-02
5.570000000000000284e+00,2.133686328082358419e-01,4.552617346645577989e-02
5.580000000000000071e+00,2.121201893124420590e-01,4.499497471394625636e-02
5.589999999999999858e+00,2.108586981203451338e-01,4.446139057300683983e-02
5.600000000000000533e+00,2.095844581926237793e-01,4.392564511589566734e-02
5.610000000000000320e+00,2.082977713885957316e-01,4.338796156545569188e-02
5.620000000000000107e+00,2.069989423070457413e-01,4.284856211623565281e-02
5.629999999999999893e+00,2.056882781270829297e-01,4.230766775888421954e-02
5.639999999999999680e+00,2.043660884491132479e-01,4.176549810799078111e-02
5.650000000000000355e+00,2.030326851360192697e-01,4.122227123354194056e-02
5.660000000000000142e+00,2.016883821546347211e-01,4.067820349615397513e-02
5.669999999999999929e+00,2.003334954175992888e-01,4.013350938623327230e-02
5.679999999999999716e+00,1.989683426256839971e-01,3.958840136721158282e-02
5.690000000000000391e+00,1.975932431106699194e-01,3.904308972299230795e-02
5.700000000000000178e+00,1.962085176788669338e-01,3.849778240973823762e-02
5.709999999999999964e+00,1.948144884553536793e-01,3.795268491212112905e-02
5.719999999999999751e+00,1.934114787290245885e-01,3.740800010414793014e-02
5.730000000000000426e+00,1.919998127985226566e-01,3.686392811466774472e-02
5.740000000000000213e+00,1.905798158191401026e-01,3.632066619765736415e-02
5.750000000000000000e+00,1.891518136507635839e-01,3.577840860737319106e-02
5.759999999999999787e+00,1.877161327069442331e-01,3.523734647845110091e-02
5.770000000000000462e+00,1.862730998051672637e-01,3.469766771102580222e-02
5.780000000000000249e+00,1.848230420183963330e-01,3.415955686093389426e-02
5.790000000000000036e+00,1.833662865279655774e-01,3.362319503505597357e-02
5.799999999999999822e+00,1.819031604778924005e-01,3.308875979184587590e-02
5.810000000000000497e+00,1.804339908306804297e-01,3.255642504708607110e-02
5.820000000000000284e+00,1.789591042246824748e-01,3.202636098490076189e-02
5.830000000000000071e+00,1.774788268330888263e-01,3.149873397404952952e-02
5.839999999999999858e+00,1.759934842246088094e-01,3.097370648951763145e-02
5.850000000000000533e+00,1.745034012259078782e-01,3.045143703941018826e-02
5.860000000000000320e+00,1.730089017858632838e-01,2.993208009715048884e-02
5.870000000000000107e+00,1.715103088416972399e-01,2.941578603897437166e-02
5.879999999999999893e+00,1.700079441870488983e-01,2.890270108670673493e-02
5.889999999999999680e+00,1.685021283420388150e-01,2.839296725579691996e-02
5.900000000000000355e+00,1.669931804253831364e-01,2.788672230858456683e-02
5.910000000000000142e+00,1.654814180286104663e-01,2.738409971275972479e-02
5.919999999999999929e+00,1.639671570924298993e-01,2.688522860497358571e-02
5.929999999999999716e+00,1.624507117853040972e-01,2.639023375955193776e-02
5.940000000000000391e+00,1.609323943842703442e-01,2.589923556225432952e-02
5.950000000000000178e+00,1.594125151580585986e-01,2.541234998901826386e-02
5.959999999999999964e+00,1.578913822525467581e-01,2.492968858961983752e-02
5.969999999999999751e+00,1.563693015785969087e-01,2.445135847617819005e-02
5.980000000000000426e+00,1.548465767023112782e-01,2.397746231642476980e-02
5.990000000000000213e+00,1.533235087377460837e-01,2.350809833165369914e-02
6.000000000000000000e+00,1.518003962421158315e-01,2.304336029926337334e-02
6.009999999999999787e+00,1.502775351135261506e-01,2.258333755979708563e-02
6.020000000000000462e+00,1.487552184912623310e-01,2.212811502838319538e-02
6.030000000000000249e+00,1.472337366586660978e-01,2.167777321047343816e-02
6.040000000000000036e+00,1.457133769486247676e-01,2.123238822177201182e-02
6.049999999999999822e+00,1.441944236517013755e-01,2.079203181224633865e-02
6.060000000000000497e+00,1.426771579269265067e-01,2.035677139410512620e-02
6.070000000000000284e+00,1.411618577152752296e-01,1.992667007362760798e-02
6.080000000000000071e+00,1.396487976558454247e-01,1.950178668672325824e-02
6.089999999999999858e+00,1.381382490047579903e-01,1.908217583810052284e-02
6.100000000000000533e+00,1.366304795567913066e-01,1.866788794391876713e-02
6.110000000000000320e+00,1.351257535697658330e-01,1.825896927779708384e-02
6.120000000000000107e+00,1.336243316916868040e-01,1.785546202004993296e-02
6.129999999999999893e+00,1.321264708906571828e-01,1.745740431001967935e-02
6.140000000000000568e+00,1.306324243875662539e-01,1.706483030137321416e-02
6.150000000000000355e+00,1.291424415915605750e-01,1.667777022022963462e-02
6.160000000000000142e+00,1.276567680382987569e-01,1.629625042598401366e-02
6.169999999999999929e+00,1.261756453309932358e-01,1.592029347469259629e-02
6.179999999999999716e+00,1.246993110842381791e-01,1.554991818488360607e-02
6.190000000000000391e+00,1.232279988706205809e-01,1.518513970565766799e-02
6.200000000000000178e+00,1.217619381701114528e-01,1.482596958694204492e-02
6.209999999999999964e+00,1.203013543222294923e-01,1.447241585176260378e-02
6.219999999999999751e+00,1.188464684809715510e-01,1.412448307039856389e-02
6.230000000000000426e+00,1.173974975724988018e-01,1.378217243628486292e-02
6.240000000000000213e+00,1.159546542555684873e-01,1.344548184352842637e-02
6.250000000000000000e+00,1.145181468846960815e-01,1.311440596590482746e-02
6.259999999999999787e+00,1.130881794760369707e-01,1.278893633720435026e-02
6.270000000000000462e+00,1.116649516759667948e-01,1.246906143279599873e-02
6.280000000000000249e+00,1.102486587323475847e-01,1.215476675228164063e-02
6.290000000000000036e+00,1.088394914684545217e-01,1.184603490311178509e-02
6.299999999999999822e+00,1.074376362595474144e-01,1.154284568503881683e-02
6.310000000000000497e+00,1.060432750120611917e-01,1.124517617528364086e-02
6.320000000000000284e+00,1.046565851453931106e-01,1.095300081429491715e-02
6.330000000000000071e+00,1.032777395762590339e-01,1.066629149198158183e-02
6.339999999999999858e+00,1.019069067055948380e-01,1.038501763430280979e-02
6.350000000000000533e+00,1.005442504079723243e-01,1.010914629010104329e-02
6.360000000000000320e+00,9.918993002350159904e-02,9.838642218067144077e-03
6.370000000000000107e+00,9.784410035218764345e-02,9.573467973728965949e-03
6.379999999999999893e+00,9.650691165071070832e-02,9.313583996358081388e-03
6.390000000000000568e+00,9.517850963159558975e-02,9.058948695691734082e-03
6.400000000000000355e+00,9.385903546473747805e-02,8.809518538370848459e-03
6.410000000000000142e+00,9.254862578124588290e-02,8.565248133997090466e-03
6.419999999999999929e+00,9.124741267957303670e-02,8.326090320716305476e-03
6.429999999999999716e+00,8.995552373388736311e-02,8.091996250237973309e-03
6.440000000000000391e+00,8.867308200465376378e-02,7.862915472204051737e-03
6.450000000000000178e+00,8.740020605138185128e-02,7.638796017824005073e-03
6.459999999999999964e+00,8.613700994750030093e-02,7.419584482695766071e-03
6.469999999999999751e+00,8.488360329731739484e-02,7.205226108736352726e-03
6.480000000000000426e+00,8.364009125502501474e-02,6.995664865148912108e-03
6.490000000000000213e+00,8.240657454570356200e-02,6.790843528356598456e-03
6.500000000000000000e+00,8.118314948828307676e-02,6.590703760836916746e-03
6.509999999999999787e+00,7.996990802041831214e-02,6.395186188794164950e-03
6.520000000000000462e+00,7.876693772523078729e-02,6.204230478610384646e-03
6.530000000000000249e+00,7.757432185987422901e-02,6.017775412019360851e-03
6.540000000000000036e+00,7.639213938587527397e-02,5.835758959950996215e-03
6.549999999999999822e+00,7.522046500120496693e-02,5.658118354997501188e-03
6.560000000000000497e+00,7.405936917403278807e-02,5.484790162455678054e-03
6.570000000000000284e+00,7.290891817811656628e-02,5.315710349903295974e-03
6.580000000000000071e+00,7.176917412977935895e-02,5.150814355270590811e-03
6.589999999999999858e+00,7.064019502642679416e-02,4.990037153371612404e-03
6.600000000000000533e+00,6.952203478655530344e-02,4.833313320863005975e-03
6.610000000000000320e+00,6.841474329120356135e-02,4.680577099601282952e-03
6.620000000000000107e+00,6.731836642679657479e-02,4.531762458372451917e-03
6.629999999999999893e+00,6.623294612933620928e-02,4.386803152971551975e-03
6.640000000000000568e+00,6.515852042988627690e-02,4.245632784611907615e-03
6.650000000000000355e+00,6.409512350130550096e-02,4.108184856647604383e-03
6.660000000000000142e+00,6.304278570617631583e-02,3.974392829594868698e-03
6.669999999999999929e+00,6.200153364588330274e-02,3.844190174441599120e-03
6.679999999999999716e+00,6.097139021078996912e-02,3.717510424236414920e-03
6.690000000000000391e+00,5.995237463146570189e-02,3.594287223951612292e-03
6.700000000000000178e+00,5.894450253091394754e-02,3.474454378616920885e-03
6.709999999999999964e+00,5.794778597775167295e-02,3.357945899723313414e-03
6.719999999999999751e+00,5.696223354029342906e-02,3.244696049898929645e-03
6.730000000000000426e+00,5.598785034148961309e-02,3.134639385861038696e-03
6.740000000000000213e+00,5.502463811467239729e-02,3.027710799650658487e-03
6.750000000000000000e+00,5.407259526005993300e-02,2.923845558158255729e-03
6.759999999999999787e+00,5.313171690197239505e-02,2.822979340951338977e-03
6.770000000000000462e+00,5.220199494671225876e-02,2.725048276416572237e-03
6.780000000000000249e+00,5.128341814106204821e-02,2.629988976231012032e-03
6.790000000000000036e+00,5.037597213135256574e-02,2.537738568178810310e-03
6.799999999999999822e+00,4.947963952305673568e-02,2.448234727331638147e-03
6.810000000000000497e+00,4.859439994086246078e-02,2.361415705612493737e-03
6.820000000000000284e+00,4.772023008918042930e-02,2.277220359764321137e-03
6.830000000000000071e+00,4.685710381304105526e-02,2.195588177746106515e-03
6.839999999999999858e+00,4.600499215933824548e-02,2.116459303580773589e-03
6.850000000000000533e+00,4.516386343837520967e-02,2.039774560680205229e-03
6.860000000000000320e+00,4.433368328567077743e-02,1.965475473674164510e-03
6.870000000000000107e+00,4.351441472398245858e-02,1.893504288770741324e-03
6.879999999999999893e+00,4.270601822550628562e-02,1.823803992677274942e-03
6.890000000000000568e+00,4.190845177421193696e-02,1.756318330111447711e-03
6.900000000000000355e+00,4.112167092827287429e-02,1.690991819933162577e-03
6.910000000000000142e+00,4.034562888255163043e-02,1.627769769928584260e-03
6.919999999999999929e+00,3.958027653110264554e-02,1.566598290278554875e-03
6.929999999999999716e+00,3.882556252965341931e-02,1.507424305744027582e-03
6.940000000000000391e+00,3.808143335802736951e-02,1.450195566601879607e-03
6.950000000000000178e+00,3.734783338247181506e-02,1.394860658364876008e-03
6.959999999999999964e+00,3.662470491785456417e-02,1.341369010319920290e-03
6.969999999999999751e+00,3.591198828969539847e-02,1.289670902919219349e-03
6.980000000000000426e+00,3.520962189599766839e-02,1.239717474059118339e-03
6.990000000000000213e+00,3.451754226884638788e-02,1.191460724281597026e-03
7.000000000000000000e+00,3.383568413574047223e-02,1.144853520933599572e-03
7.009999999999999787e+00,3.316398048062810938e-02,1.099849601319482237e-03
7.020000000000000462e+00,3.250236260461322052e-02,1.056403574881759847e-03
7.030000000000000249e+00,3.185076018630454003e-02,1.014470924445482359e-03
7.040000000000000036e+00,3.120910134177618672e-02,9.740080065612561526e-04
7.049999999999999822e+00,3.057731268411357020e-02,9.349720509820526240e-04
7.060000000000000497e+00,2.995531938251556198e-02,8.973211593085125316e-04
7.070000000000000284e+00,2.934304522092794770e-02,8.610143028374224634e-04
7.080000000000000071e+00,2.874041265618024546e-02,8.260113196475256554e-04
7.089999999999999858e+00,2.814734287560387987e-02,7.922729109568084739e-04
7.100000000000000533e+00,2.756375585410552470e-02,7.597606367847365436e-04
7.110000000000000320e+00,2.698957041067400267e-02,7.284369109527296477e-04
7.120000000000000107e+00,2.642470426429740366e-02,6.982649954555774328e-04
7.129999999999999893e+00,2.586907408927054466e-02,6.692089942361686755e-04
7.140000000000000568e+00,2.532259556987101132e-02,6.412338463952509289e-04
7.150000000000000355e+00,2.478518345438533027e-02,6.143053188675363192e-04
7.160000000000000142e+00,2.425675160846563552e-02,5.883899985948002004e-04
7.169999999999999929e+00,2.373721306779991158e-02,5.634552842261308361e-04
7.179999999999999716e+00,2.322648009007841421e-02,5.394693773748090223e-04
7.190000000000000391e+00,2.272446420624029198e-02,5.164012734606962442e-04
7.200000000000000178e+00,2.223107627098515685e-02,4.942207521663593292e-04
7.209999999999999964e+00,2.174622651253517794e-02,4.728983675344878949e-04
7.219999999999999751e+00,2.126982458163424045e-02,4.524054377334922107e-04
7.230000000000000426e+00,2.080177959977154087e-02,4.327140345174714593e-04
7.240000000000000213e+00,2.034200020661773925e-02,4.137969724060361386e-04
7.250000000000000000e+00,1.989039460666178205e-02,3.956277976087201314e-04
7.259999999999999787e+00,1.944687061503972206e-02,3.781807767180954275e-04
7.270000000000000462e+00,1.901133570254438451e-02,3.614308851948388026e-04
7.280000000000000249e+00,1.858369703980854160e-02,3.453537956673887583e-04
7.290000000000000036e+00,1.816386154065228326e-02,3.299258660679871388e-04
7.299999999999999822e+00,1.775173590458898817e-02,3.151241276262738210e-04
7.310000000000000497e+00,1.734722665848180065e-02,3.009262727407416380e-04
7.320000000000000284e+00,1.695024019734692883e-02,2.873106427477556662e-04
7.330000000000000071e+00,1.656068282429613847e-02,2.742562156069371006e-04
7.339999999999999858e+00,1.617846078961730077e-02,2.617425935211844319e-04
7.350000000000000533e+00,1.580348032898673538e-02,2.497499905086707000e-04
7.360000000000000320e+00,1.543564770081216724e-02,2.382592199435879432e-04
7.370000000000000107e+00,1.507486922270346447e-02,2.272516820816121485e-04
7.379999999999999893e+00,1.472105130706947637e-02,2.167093515853719423e-04
7.390000000000000568e+00,1.437410049584088648e-02,2.066147650645332211e-04
7.400000000000000355e+00,1.403392349431800169e-02,1.969510086443707877e-04
7.410000000000000142e+00,1.370042720414373777e-02,1.877017055760417906e-04
7.419999999999999929e+00,1.337351875540383588e-02,1.788510039011381736e-04
7.429999999999999716e+00,1.305310553785474399e-02,1.703835641823741838e-04
7.440000000000000391e+00,1.273909523128190398e-02,1.622845473116693539e-04
7.450000000000000178e+00,1.243139583499072720e-02,1.545396024062247896e-04
7.459999999999999964e+00,1.212991569643385482e-02,1.471348548025924155e-04
7.469999999999999751e+00,1.183456353897801606e-02,1.400568941581078553e-04
7.480000000000000426e+00,1.154524848881523236e-02,1.332927626684903975e-04
7.490000000000000213e+00,1.126188010102269210e-02,1.268299434098108718e-04
7.500000000000000000e+00,1.098436838477639260e-02,1.206563488124751381e-04
7.509999999999999787e+00,1.071262382772508737e-02,1.147603092743432966e-04
7.520000000000000462e+00,1.044655741952925203e-02,1.091305619195216626e-04
7.530000000000000249e+00,1.018608067457310584e-02,1.037562395089117005e-04
7.540000000000000036e+00,9.931105653855321416e-03,9.862685950803713156e-05
7.549999999999999822e+00,9.681544986066990474e-03,9.373231331723888310e-05
7.560000000000000497e+00,9.437311887863397697e-03,8.906285566880780386e-05
7.570000000000000284e+00,9.198320183338801886e-03,8.460909419521796661e-05
7.580000000000000071e+00,8.964484322711786107e-03,8.036197917214539586e-05
7.589999999999999858e+00,8.735719400230542581e-03,7.631279343956426473e-05
7.600000000000000533e+00,8.511941171306955031e-03,7.245314250379041704e-05
7.610000000000000320e+00,8.293066068888913650e-03,6.877494482295662338e-05
7.620000000000000107e+00,8.079011219080769676e-03,6.527042227803293850e-05
7.629999999999999893e+00,7.869694456021050777e-03,6.193209083112845574e-05
7.640000000000000568e+00,7.665034336029514367e-03,5.875275137251141937e-05
7.650000000000000355e+00,7.464950151031655642e-03,5.572548075738753949e-05
7.660000000000000142e+00,7.269361941273097018e-03,5.284362303322977299e-05
7.669999999999999929e+00,7.078190507334241287e-03,5.010078085811656151e-05
7.679999999999999716e+00,6.891357421456259513e-03,4.749080711026026609e-05
7.690000000000000391e+00,6.708785038189560117e-03,4.500779668863610087e-05
7.700000000000000178e+00,6.530396504376616805e-03,4.264607850437433838e-05
7.709999999999999964e+00,6.356115768480549016e-03,4.040020766232707832e-05
7.719999999999999751e+00,6.185867589271186809e-03,3.826495783199572323e-05
7.730000000000000426e+00,6.019577543880608866e-03,3.623531380679170355e-05
7.740000000000000213e+00,5.857172035240476235e-03,3.430646425040306043e-05
7.750000000000000000e+00,5.698578298912492131e-03,3.247379462883639024e-05
7.759999999999999787e+00,5.543724409325212488e-03,3.073288032654817274e-05
7.770000000000000462e+00,5.392539285428831625e-03,2.907947994489329375e-05
7.780000000000000249e+00,5.244952695780721874e-03,2.750952878097746035e-05
7.790000000000000036e+00,5.100895263073762682e-03,2.601913248484835108e-05
7.799999999999999822e+00,4.960298468120290065e-03,2.460456089283649659e-05
7.810000000000000497e+00,4.823094653304346377e-03,2.326224203473297280e-05
7.820000000000000284e+00,4.689217025513873864e-03,2.198875631236918120e-05
7.830000000000000071e+00,4.558599658566965702e-03,2.078083084708685723e-05
7.839999999999999858e+00,4.431177495142962774e-03,1.963533399346146252e-05
7.850000000000000533e+00,4.306886348232434429e-03,1.854927001659091568e-05
7.860000000000000320e+00,4.185662902117711845e-03,1.751977393016446462e-05
7.870000000000000107e+00,4.067444712896877736e-03,1.654410649247276463e-05
7.879999999999999893e+00,3.952170208563461282e-03,1.561964935745655301e-05
7.890000000000000568e+00,3.839778688654588070e-03,1.474390037784594745e-05
7.900000000000000355e+00,3.730210323479749793e-03,1.391446905739489885e-05
7.910000000000000142e+00,3.623406152942337637e-03,1.312907214918039079e-05
7.919999999999999929e+00,3.519308084966740312e-03,1.238552939691226439e-05
7.930000000000000604e+00,3.417858893542738245e-03,1.168175941616919130e-05
7.940000000000000391e+00,3.319002216399415898e-03,1.101577571246423551e-05
7.950000000000000178e+00,3.222682552320631222e-03,1.038568283303181818e-05
7.959999999999999964e+00,3.128845258113932461e-03,9.789672649222040204e-06
7.969999999999999751e+00,3.037436545244728402e-03,9.226020766388230349e-06
7.980000000000000426e+00,2.948403476147520765e-03,8.693083058158784790e-06
7.990000000000000213e+00,2.861693960225445820e-03,8.189292321990795701e-06
8.000000000000000000e+00,2.777256749549992468e-03,7.713155052920990054e-06
8.009999999999999787e+00,2.695041434272084455e-03,7.263248332443334255e-06
8.019999999999999574e+00,2.614998437755230824e-03,6.838216829462297853e-06
8.029999999999999361e+00,2.537079011443041637e-03,6.436769910304801680e-06
8.040000000000000924e+00,2.461235229470309926e-03,6.057678854785768950e-06
8.050000000000000711e+00,2.387419983030212786e-03,5.699774175371981363e-06
8.060000000000000497e+00,2.315586974506658215e-03,5.361943036504898669e-06
8.070000000000000284e+00,2.245690711383272007e-03,5.043126771193106427e-06
8.080000000000000071e+00,2.177686499939308559e-03,4.742318492017916500e-06
8.089999999999999858e+00,2.111530438741497911e-03,4.458560793731862242e-06
8.099999999999999645e+00,2.047179411943638588e-03,4.190943544685902250e-06
8.109999999999999432e+00,1.984591082402079477e-03,3.938601764349857552e-06
8.120000000000000995e+00,1.923723884617419477e-03,3.700713584247534506e-06
8.130000000000000782e+00,1.864537017512244571e-03,3.476498289673456119e-06
8.140000000000000568e+00,1.806990437053289898e-03,3.265214439602039741e-06
8.150000000000000355e+00,1.751044848728199694e-03,3.066158062257563753e-06
8.160000000000000142e+00,1.696661699884511373e-03,2.878660923854999593e-06
8.169999999999999929e+00,1.643803171941442091e-03,2.702088868084746276e-06
8.179999999999999716e+00,1.592432172480676839e-03,2.535840223951528268e-06
8.189999999999999503e+00,1.542512327227079641e-03,2.379344279647501241e-06
8.199999999999999289e+00,1.494007971925128157e-03,2.232059820175834430e-06
8.210000000000000853e+00,1.446884144121373750e-03,2.093473726509840283e-06
8.220000000000000639e+00,1.401106574858672002e-03,1.963099634112199299e-06
8.230000000000000426e+00,1.356641680291353425e-03,1.840476648703746727e-06
8.240000000000000213e+00,1.313456553228019557e-03,1.725168117217629321e-06
8.250000000000000000e+00,1.271518954609462135e-03,1.616760451931139429e-06
8.259999999999999787e+00,1.230797304928656598e-03,1.514862005819644581e-06
8.269999999999999574e+00,1.191260675600379435e-03,1.419101997231872344e-06
8.279999999999999361e+00,1.152878780285903574e-03,1.329129482033512770e-06
8.290000000000000924e+00,1.115621966180348201e-03,1.244612371424106006e-06
8.300000000000000711e+00,1.079461205269088061e-03,1.165236493680992262e-06
8.310000000000000497e+00,1.044368085558377603e-03,1.090704698132870764e-06
8.320000000000000284e+00,1.010314802287412940e-03,1.020735999721054225e-06
8.330000000000000071e+00,9.772741491265927831e-04,9.550647625511059394e-07
8.339999999999999858e+00,9.452195093683767599e-04,8.934399208905948586e-07
8.349999999999999645e+00,9.141248471158242017e-04,8.356242361145289407e-07
8.359999999999999432e+00,8.839646984739204074e-04,7.813935881480890763e-07
8.370000000000000995e+00,8.547141627493144754e-04,7.305363000042616352e-07
8.380000000000000782e+00,8.263488936628318564e-04,6.828524940577861735e-07
8.390000000000000568e+00,7.988450905799196087e-04,6.381534787436399735e-07
8.400000000000000355e+00,7.721794897635542642e-04,5.962611644115029597e-07
8.410000000000000142e+00,7.463293556533704722e-04,5.570075071099752032e-07
8.419999999999999929e+00,7.212724721768068925e-04,5.202339791200427019e-07
8.429999999999999716e+00,6.969871340944030482e-04,4.857910650931293234e-07
8.439999999999999503e+00,6.734521383846858202e-04,4.535377826949060130e-07
8.449999999999999289e+00,6.506467756717848909e-04,4.233412266920899530e-07
8.460000000000000853e+00,6.285508216992990614e-04,3.950761354588640289e-07
8.470000000000000639e+00,6.071445288544630430e-04,3.686244789179079190e-07
8.480000000000000426e+00,5.864086177449691784e-04,3.438750669655653896e-07
8.490000000000000213e+00,5.663242688326204383e-04,3.207231774688021500e-07
8.500000000000000000e+00,5.468731141261455120e-04,2.990702029540281727e-07
8.509999999999999787e+00,5.280372289361818334e-04,2.788233151426017149e-07
8.519999999999999574e+00,5.097991236955257350e-04,2.598951465207259574e-07
8.529999999999999361e+00,4.921417358465760309e-04,2.422034881620810102e-07
8.540000000000000924e+00,4.750484217990747762e-04,2.256710030537916683e-07
8.550000000000000711e+00,4.585029489601492934e-04,2.102249542051532691e-07
8.560000000000000497e+00,4.424894878386972930e-04,1.957969468477526396e-07
8.570000000000000284e+00,4.269926042265525341e-04,1.823226840641733363e-07
8.580000000000000071e+00,4.119972514582791049e-04,1.697417352091764576e-07
8.589999999999999858e+00,3.974887627510150586e-04,1.579973165133327405e-07
8.599999999999999645e+00,3.834528436266745411e-04,1.470360832853829268e-07
8.609999999999999432e+00,3.698755644176099041e-04,1.368079331532455036e-07
8.620000000000000995e+00,3.567433528574365438e-04,1.272658198079654863e-07
8.630000000000000782e+00,3.440429867584013585e-04,1.183655767376415271e-07
8.640000000000000568e+00,3.317615867763203737e-04,1.100657504603419531e-07
8.650000000000000355e+00,3.198866092646737258e-04,1.023274427868500410e-07
8.660000000000000142e+00,3.084058392181698231e-04,9.511416166386360991e-08
8.669999999999999929e+00,2.973073833077228743e-04,8.839168016928525750e-08
8.679999999999999716e+00,2.865796630066707999e-04,8.212790324901700408e-08
8.689999999999999503e+00,2.762114078097861595e-04,7.629274180426399766e-08
8.700000000000001066e+00,2.661916485452078666e-04,7.085799375521546188e-08
8.710000000000000853e+00,2.565097107804167084e-04,6.579723172465302585e-08
8.720000000000000639e+00,2.471552083219272417e-04,6.108569700065525399e-08
8.730000000000000426e+00,2.381180368101151767e-04,5.670019945430336715e-08
8.740000000000000213e+00,2.293883674085804678e-04,5.261902310237390443e-08
8.750000000000000000e+00,2.209566405891933067e-04,4.882183702046194995e-08
8.759999999999999787e+00,2.128135600119795891e-04,4.528961132497243784e-08
8.769999999999999574e+00,2.049500865009391912e-04,4.200453795674245377e-08
8.779999999999999361e+00,1.973574321151572153e-04,3.894995601108888608e-08
8.790000000000000924e+00,1.900270543155212666e-04,3.611028137183406748e-08
8.800000000000000711e+00,1.829506502268869294e-04,3.347094041844072445e-08
8.810000000000000497e+00,1.761201509952743226e-04,3.101830758659822386e-08
8.820000000000000284e+00,1.695277162404327587e-04,2.873964657369668994e-08
8.830000000000000071e+00,1.631657286028725885e-04,2.662305499050627331e-08
8.839999999999999858e+00,1.570267883854892406e-04,2.465741227066121833e-08
8.849999999999999645e+00,1.511037082892855191e-04,2.283233065877349374e-08
8.859999999999999432e+00,1.453895082424706787e-04,2.113810910698744986e-08
8.870000000000000995e+00,1.398774103230970628e-04,1.956568991869606199e-08
8.880000000000000782e+00,1.345608337738319715e-04,1.810661798590883791e-08
8.890000000000000568e+00,1.294333901093161401e-04,1.675300247519041854e-08
8.900000000000000355e+00,1.244888783145445667e-04,1.549748082401348412e-08
8.910000000000000142e+00,1.197212801340413177e-04,1.433318491693359589e-08
8.919999999999999929e+00,1.151247554517144948e-04,1.325370931781706581e-08
8.929999999999999716e+00,1.106936377591687370e-04,1.225308144035806606e-08
8.939999999999999503e+00,1.064224297134165885e-04,1.132573354610709471e-08
8.950000000000001066e+00,1.023057987820975991e-04,1.046647646444304306e-08
8.960000000000000853e+00,9.833857297564307985e-05,9.670474934885879852e-09
8.970000000000000639e+00,9.451573666592347840e-05,8.933224477502191234e-09
8.980000000000000426e+00,9.083242648974644638e-05,8.250529702015191834e-09
8.990000000000000213e+00,8.728392733728527390e-05,7.618483971420495805e-09
9.000000000000000000e+00,8.386566842333931314e-05,7.033450340093492719e-09
9.009999999999999787e+00,8.057321944185256339e-05,6.492043691224928288e-09
9.019999999999999574e+00,7.740228680130469886e-05,5.991114002071427796e-09
9.029999999999999361e+00,7.434870994133832925e-05,5.527730669941260854e-09
9.040000000000000924e+00,7.140845772840504261e-05,5.099167835149410174e-09
9.050000000000000711e+00,6.857762493038870521e-05,4.702890641093070415e-09
9.060000000000000497e+00,6.585242876869384118e-05,4.336542374735896462e-09
9.070000000000000284e+00,6.322920554666730671e-05,3.997932434062703303e-09
9.080000000000000071e+00,6.070440735369654411e-05,3.685025072163527083e-09
9.089999999999999858e+00,5.827459884374435259e-05,3.395928870399330549e-09
9.099999999999999645e+00,5.593645408683987403e-05,3.128886895809145449e-09
9.109999999999999432e+00,5.368675349335915852e-05,2.882267500656711762e-09
9.120000000000000995e+00,5.152238080910239023e-05,2.654555724238162380e-09
9.130000000000000782e+00,4.944032018053425405e-05,2.444345259553742801e-09
9.140000000000000568e+00,4.743765328915667157e-05,2.250330949582236895e-09
9.150000000000000355e+00,4.551155655352237626e-05,2.071301779924465735e-09
9.160000000000000142e+00,4.365929839824077849e-05,1.906134336626629881e-09
9.169999999999999929e+00,4.187823658870368714e-05,1.753786699779440336e-09
9.179999999999999716e+00,4.016581563021970108e-05,1.613292745240801215e-09
9.189999999999999503e+00,3.851956423071454058e-05,1.483756828524143105e-09
9.200000000000001066e+00,3.693709282595375367e-05,1.364348826433124311e-09
9.210000000000000853e+00,3.541609116587926304e-05,1.254299513469871078e-09
9.220000000000000639e+00,3.395432596118039763e-05,1.152896251478089102e-09
9.230000000000000426e+00,3.254963858915803024e-05,1.059478972284805519e-09
9.240000000000000213e+00,3.119994285740801068e-05,9.734364343055250504e-10
9.250000000000000000e+00,2.990322282446740553e-05,8.942027352897483992e-10
9.259999999999999787e+00,2.865753067641161434e-05,8.212540644694727685e-10
9.269999999999999574e+00,2.746098465832426221e-05,7.541056784047205458e-10
9.279999999999999361e+00,2.631176705909608345e-05,6.923090857721337267e-10
9.290000000000000924e+00,2.520812224963287827e-05,6.354494273524361447e-10
9.300000000000000711e+00,2.414835477192071660e-05,5.831430381905460410e-10
9.310000000000000497e+00,2.313082747923454421e-05,5.350351798741118780e-10
9.320000000000000284e+00,2.215395972559344007e-05,4.907979315232161672e-10
9.330000000000000071e+00,2.121622560404586637e-05,4.501282288817713911e-10
9.339999999999999858e+00,2.031615223211562246e-05,4.127460415184965879e-10
9.349999999999999645e+00,1.945231808417752036e-05,3.783926788480198057e-10
9.359999999999999432e+00,1.862335136921395835e-05,3.468292162212034431e-10
9.370000000000000995e+00,1.782792845291994416e-05,3.178350329224325145e-10
9.380000000000000782e+00,1.706477232372021025e-05,2.912064544604072847e-10
9.390000000000000568e+00,1.633265110142216619e-05,2.667554920007866749e-10
9.400000000000000355e+00,1.563037658725137415e-05,2.443086722592959092e-10
9.410000000000000142e+00,1.495680285492905885e-05,2.237059516412140395e-10
9.419999999999999929e+00,1.431082488149265744e-05,2.047997087887493288e-10
9.429999999999999716e+00,1.369137721717204907e-05,1.874538101028978546e-10
9.439999999999999503e+00,1.309743269286477549e-05,1.715427431441230352e-10
9.450000000000001066e+00,1.252800116544506080e-05,1.569508132013927936e-10
9.460000000000000853e+00,1.198212829871241990e-05,1.435713985668049847e-10
9.470000000000000639e+00,1.145889438010776635e-05,1.313062604144653563e-10
9.480000000000000426e+00,1.095741317204907480e-05,1.200649034229945646e-10
9.490000000000000213e+00,1.047683079655801823e-05,1.097639835397065239e-10
9.500000000000000000e+00,1.001632465343733803e-05,1.003267595630566092e-10
9.509999999999999787e+00,9.575102370129257167e-06,9.168258539845491707e-11
9.519999999999999574e+00,9.152400782968088682e-06,8.376644009207488142e-11
9.529999999999999361e+00,8.747484949077915207e-06,7.651849293434465888e-11
9.540000000000000924e+00,8.359647188126245225e-06,6.988370110994704338e-11
9.550000000000000711e+00,7.988206152705466952e-06,6.381143753812147473e-11
9.560000000000000497e+00,7.632505927418908813e-06,5.825514673208477928e-11
9.570000000000000284e+00,7.291915155530019469e-06,5.317202663544838816e-11
9.580000000000000071e+00,6.965826191965121311e-06,4.852273453666730354e-11
9.589999999999999858e+00,6.653654283138991964e-06,4.427111531953385098e-11
9.599999999999999645e+00,6.354836771729147348e-06,4.038395039532092970e-11
9.609999999999999432e+00,6.068832326535828782e-06,3.683072580760627724e-11
9.620000000000000995e+00,5.795120196299388663e-06,3.358341808955706530e-11
9.630000000000000782e+00,5.533199487024279525e-06,3.061629656320574737e-11
9.640000000000000568e+00,5.282588462417970852e-06,2.790574086327146254e-11
9.650000000000000355e+00,5.042823866109650310e-06,2.543007254460508075e-11
9.660000000000000142e+00,4.813460265901835045e-06,2.316939973141576555e-11
9.669999999999999929e+00,4.594069418795999645e-06,2.110547382471661544e-11
9.679999999999999716e+00,4.384239656617338952e-06,1.922155736665612338e-11
9.689999999999999503e+00,4.183575291370897413e-06,1.750230221856908869e-11
9.700000000000001066e+00,3.991696040084209763e-06,1.593363727642396274e-11
9.710000000000000853e+00,3.808236468367177307e-06,1.450266499900171132e-11
9.720000000000000639e+00,3.632845452016523384e-06,1.319756607823713743e-11
9.730000000000000426e+00,3.465185656810899303e-06,1.200751163616798328e-11
9.740000000000000213e+00,3.304933034946581853e-06,1.092258236548122380e-11
9.750000000000000000e+00,3.151776338579403544e-06,9.933694088428990259e-12
9.759999999999999787e+00,3.005416649588149816e-06,9.032529237621660223e-12
9.769999999999999574e+00,2.865566924694537386e-06,8.211473799903308039e-12
9.779999999999999361e+00,2.731951556477482513e-06,7.463559306939738939e-12
9.790000000000000924e+00,2.604305948723157526e-06,6.782409474554825446e-12
9.800000000000000711e+00,2.482376106425372409e-06,6.162191133751592148e-12
9.810000000000000497e+00,2.365918239546000684e-06,5.597569116216447206e-12
9.820000000000000284e+00,2.254698380686132937e-06,5.083664787868670225e-12
9.830000000000000071e+00,2.148492015448687111e-06,4.616017940446761437e-12
9.839999999999999858e+00,2.047083725846379882e-06,4.190551780625096318e-12
9.849999999999999645e+00,1.950266845922933978e-06,3.803540770306188868e-12
9.859999999999999432e+00,1.857843129355390765e-06,3.451581093293031327e-12
9.870000000000000995e+00,1.769622428706545763e-06,3.131563540181253509e-12
9.880000000000000782e+00,1.685422385805444460e-06,2.840648618574116510e-12
9.890000000000000568e+00,1.605068133123692872e-06,2.576243711969176692e-12
9.900000000000000355e+00,1.528392005592671240e-06,2.335982122759588100e-12
9.910000000000000142e+00,1.455233262719227338e-06,2.117703848924447861e-12
9.919999999999999929e+00,1.385437820552787337e-06,1.919437954618057449e-12
9.929999999999999716e+00,1.318857993156098819e-06,1.739386406111732468e-12
9.939999999999999503e+00,1.255352243401270171e-06,1.575909255012601894e-12
9.950000000000001066e+00,1.194784942891149165e-06,1.427511059759406490e-12
9.960000000000000853e+00,1.137026140102007157e-06,1.292828443275269178e-12
9.970000000000000639e+00,1.081951337471971155e-06,1.170618696657387147e-12
9.980000000000000426e+00,1.029441276097895259e-06,1.059749340934062956e-12
9.990000000000000213e+00,9.793817287607657061e-07,9.591885706304259475e-13
1.000000000000000000e+01,9.316633000969254233e-07,8.679965047474937062e-13
1.000999999999999979e+01,8.861812345394314382e-07,7.853171804498308114e-13
1.001999999999999957e+01,8.428352308936397740e-07,7.103712264355350285e-13
1.002999999999999936e+01,8.015292642157225975e-07,6.424491613941976286e-13
1.004000000000000092e+01,7.621714139637309449e-07,5.809052642634729185e-13
1.005000000000000071e+01,7.246736988819375976e-07,5.251519698512291890e-13
1.006000000000000050e+01,6.889519177148438778e-07,4.746547449229610049e-13
1.007000000000000028e+01,6.549254962125356236e-07,4.289274055892360079e-13
1.008000000000000007e+01,6.225173396761888111e-07,3.875278381975194249e-13
1.008999999999999986e+01,5.916536912892541573e-07,3.500540904162000511e-13
1.009999999999999964e+01,5.622639956400778569e-07,3.161408007931455042e-13
1.010999999999999943e+01,5.342807675083795599e-07,2.854559385293431250e-13
1.012000000000000099e+01,5.076394657993642918e-07,2.576978272370639316e-13
1.013000000000000078e+01,4.822783719587227331e-07,2.325924280591560998e-13
1.014000000000000057e+01,4.581384735747818056e-07,2.098908609694310391e-13
1.015000000000000036e+01,4.351633519590732441e-07,1.893671428882562453e-13
1.016000000000000014e+01,4.132990745089304333e-07,1.708161249899384342e-13
1.016999999999999993e+01,3.924940909279306316e-07,1.540516114133426710e-13
1.017999999999999972e+01,3.726991336433261031e-07,1.389046442184858605e-13
1.018999999999999950e+01,3.538671222595371095e-07,1.252219402162461861e-13
1.020000000000000107e+01,3.359530713606796093e-07,1.128644661566738867e-13
1.021000000000000085e+01,3.189140024057710276e-07,1.017061409304681308e-13
1.022000000000000064e+01,3.027088587039042070e-07,9.163265313782024039e-14
1.023000000000000043e+01,2.872984241550890185e-07,8.254038452199744113e-14
1.024000000000000021e+01,2.726452448435873253e-07,7.433542953581968202e-14
1.025000000000000000e+01,2.587135539536572325e-07,6.693270299933191469e-14
1.025999999999999979e+01,2.454691997159809558e-07,6.025512800920414521e-14
1.026999999999999957e+01,2.328795762186120588e-07,5.423289701976034277e-14
1.027999999999999936e+01,2.209135567780204014e-07,4.880279956831564649e-14
1.029000000000000092e+01,2.095414305019721938e-07,4.390761109681284117e-14
1.030000000000000071e+01,1.987348408516232449e-07,3.949553696832001913e-14
1.031000000000000050e+01,1.884667271915643676e-07,3.551970725829954600e-14
1.032000000000000028e+01,1.787112682646881716e-07,3.193771740477334202e-14
1.033000000000000007e+01,1.694438284862372548e-07,2.871121101207338481e-14
1.033999999999999986e+01,1.606409058972573838e-07,2.580550064749150123e-14
1.034999999999999964e+01,1.522800827955459609e-07,2.318922361621833443e-14
1.035999999999999943e+01,1.443399778764258144e-07,2.083402921336709499e-14
1.037000000000000099e+01,1.368002008689917387e-07,1.871429495779648719e-14
1.038000000000000078e+01,1.296413086481636351e-07,1.680686890800842627e-14
1.039000000000000057e+01,1.228447633636998537e-07,1.509083588588341264e-14
1.040000000000000036e+01,1.163928923450564278e-07,1.354730538844789455e-14
1.041000000000000014e+01,1.102688495046702250e-07,1.215921917108361144e-14
1.041999999999999993e+01,1.044565785841072878e-07,1.091117680949778168e-14
1.042999999999999972e+01,9.894077792579173571e-08,9.789277536560837069e-15
1.043999999999999950e+01,9.370686641173835831e-08,8.780976812707379240e-15
1.045000000000000107e+01,8.874095133403537833e-08,7.874956443669635311e-15
1.046000000000000085e+01,8.402979729816571900e-08,7.061006833970818644e-15
1.047000000000000064e+01,7.956079647718640818e-08,6.329920336084277537e-15
1.048000000000000043e+01,7.532194026579106258e-08,5.673394685403397061e-15
1.049000000000000021e+01,7.130179217697368933e-08,5.083945567648346592e-15
1.050000000000000000e+01,6.748946166298428926e-08,4.554827435559425807e-15
1.050999999999999979e+01,6.387457925234358492e-08,4.079961874663921386e-15
1.051999999999999957e+01,6.044727278696901304e-08,3.653872787382244603e-15
1.052999999999999936e+01,5.719814456968236494e-08,3.271627742214284329e-15
1.054000000000000092e+01,5.411824960337653349e-08,2.928784940133364167e-15
1.055000000000000071e+01,5.119907469334606955e-08,2.621345249454830016e-15
1.056000000000000050e+01,4.843251856520361824e-08,2.345708854568793067e-15
1.057000000000000028e+01,4.581087274678678121e-08,2.098636061822292000e-15
1.058000000000000007e+01,4.332680340335386830e-08,1.877211893152876316e-15
1.058999999999999986e+01,4.097333381024838684e-08,1.678814083526043585e-15
1.059999999999999964e+01,3.874382783814677141e-08,1.501084195551956669e-15
1.060999999999999943e+01,3.663197385656793235e-08,1.341901508628276492e-15
1.062000000000000099e+01,3.463176979801978728e-08,1.199359479343035576e-15
1.063000000000000078e+01,3.273750833989301395e-08,1.071744452304564566e-15
1.064000000000000057e+01,3.094376317176605555e-08,9.575164792303451653e-16
1.065000000000000036e+01,2.924537577071388102e-08,8.552920039702585183e-16
1.066000000000000014e+01,2.763744264047921160e-08,7.638282357057785197e-16
1.066999999999999993e+01,2.611530322275913336e-08,6.820090624166535754e-16
1.067999999999999972e+01,2.467452850314579882e-08,6.088323568525544859e-16
1.068999999999999950e+01,2.331090974100545270e-08,5.433985129533029311e-16
1.070000000000000107e+01,2.202044817885413539e-08,4.849001379976003693e-16
1.071000000000000085e+01,2.079934484836393741e-08,4.326127461211634751e-16
1.072000000000000064e+01,1.964399106064876425e-08,3.858863847908485736e-16
1.073000000000000043e+01,1.855095921137313658e-08,3.441380876620298174e-16
1.074000000000000021e+01,1.751699414560770527e-08,3.068450838972546379e-16
1.075000000000000000e+01,1.653900464663970356e-08,2.735386747015697243e-16
1.075999999999999979e+01,1.561405569400613309e-08,2.437987352155253471e-16
1.076999999999999957e+01,1.473936079759905669e-08,2.172487567217998911e-16
1.077999999999999936e+01,1.391227478624851673e-08,1.935513897280862090e-16
1.079000000000000092e+01,1.313028685584055727e-08,1.724044329166593121e-16
1.080000000000000071e+01,1.239101412800924985e-08,1.535372311205248332e-16
1.081000000000000050e+01,1.169219529800310738e-08,1.367074308866459840e-16
1.082000000000000028e+01,1.103168471987926227e-08,1.216980677588176094e-16
1.083000000000000007e+01,1.040744657553948701e-08,1.083149442227085914e-16
1.083999999999999986e+01,9.817549757935075994e-09,9.638428324953106723e-17
1.084999999999999964e+01,9.260162359593143946e-09,8.575060692602565796e-17
1.085999999999999943e+01,8.733547025357202003e-09,7.627484364412562989e-17
1.087000000000000099e+01,8.236056080532706075e-09,6.783261976167976504e-17
1.088000000000000078e+01,7.766127171240821738e-09,6.031273123988496826e-17
1.089000000000000057e+01,7.322278955101597287e-09,5.361576909632373669e-17
1.090000000000000036e+01,6.903107115477621353e-09,4.765288784775776759e-17
1.091000000000000014e+01,6.507280482007547039e-09,4.234469927151637540e-17
1.091999999999999993e+01,6.133537305471817397e-09,3.762027987761448036e-17
1.092999999999999972e+01,5.780681818269438668e-09,3.341628228407086061e-17
1.093999999999999950e+01,5.447580890947737177e-09,2.967613756341893920e-17
1.095000000000000107e+01,5.133160946514994998e-09,2.634934130282671836e-17
1.096000000000000085e+01,4.836404818543927961e-09,2.339081156883492421e-17
1.097000000000000064e+01,4.556348972770053802e-09,2.076031596166272538e-17
1.098000000000000043e+01,4.292080723914616772e-09,1.842195694059942142e-17
1.099000000000000021e+01,4.042735745833198774e-09,1.634371231063750922e-17
1.100000000000000000e+01,3.807495487459767116e-09,1.449702188702649100e-17
1.100999999999999979e+01,3.585584867435130387e-09,1.285641884157980091e-17
1.101999999999999957e+01,3.376270162933743957e-09,1.139920021311665012e-17
1.102999999999999936e+01,3.178856615303684305e-09,1.010512938065999647e-17
1.104000000000000092e+01,2.992686748456572929e-09,8.956173974387574339e-18
1.105000000000000071e+01,2.817138169858868480e-09,7.936267468075775588e-18
1.106000000000000050e+01,2.651621956405217023e-09,7.031098999690230345e-18
1.107000000000000028e+01,2.495580797454998961e-09,6.227923516626128628e-18
1.108000000000000007e+01,2.348487373733768063e-09,5.515392944586931295e-18
1.108999999999999986e+01,2.209842861946670944e-09,4.883405474496653256e-18
1.109999999999999964e+01,2.079175394108245233e-09,4.322970319465177242e-18
1.110999999999999943e+01,1.956038639549706387e-09,3.826087159411466546e-18
1.112000000000000099e+01,1.840010485735934244e-09,3.385638587618188710e-18
1.113000000000000078e+01,1.730691815072594680e-09,2.995294158759272143e-18
1.114000000000000057e+01,1.627705177771260058e-09,2.649424145743369353e-18
1.115000000000000036e+01,1.530693785949488594e-09,2.343023466344378709e-18
1.116000000000000014e+01,1.439320366693701957e-09,2.071643117979292551e-18
1.116999999999999993e+01,1.353266037553010903e-09,1.831328968394427010e-18
1.117999999999999972e+01,1.272229507428434389e-09,1.618567919571596875e-18
1.118999999999999950e+01,1.195926014082650452e-09,1.430239031159615884e-18
1.120000000000000107e+01,1.124086524931896278e-09,1.263570515533466746e-18
1.121000000000000085e+01,1.056456754508293868e-09,1.116100874146197443e-18
1.122000000000000064e+01,9.927966238260324809e-10,9.856451362803686116e-19
1.123000000000000043e+01,9.328792145544961417e-10,8.702636289478137090e-19
1.124000000000000021e+01,8.764903269535590080e-10,7.682352932431567725e-19
1.125000000000000000e+01,8.234275525867335314e-10,6.780329343589778151e-19
1.125999999999999979e+01,7.734998393351561442e-10,5.983020014515123587e-19
1.126999999999999957e+01,7.265268110376881824e-10,5.278412071565927094e-19
1.127999999999999936e+01,6.823381262010100684e-10,4.655853184675055819e-19
1.129000000000000092e+01,6.407729986666974276e-10,4.105900358203114039e-19
1.130000000000000071e+01,6.016796698101498617e-10,3.620184250628509700e-19
1.131000000000000050e+01,5.649149078918468912e-10,3.191288531584538540e-19
1.132000000000000028e+01,5.303435826587211068e-10,2.812643156672877433e-19
1.133000000000000007e+01,4.978381679042768361e-10,2.478428414222869537e-19
1.133999999999999986e+01,4.672783077666607179e-10,2.183490169092740774e-19
1.134999999999999964e+01,4.385505132046246111e-10,1.923265526320396194e-19
1.135999999999999943e+01,4.115477443365281762e-10,1.693715458684843492e-19
1.137000000000000099e+01,3.861689981123525040e-10,1.491264951030981009e-19
1.138000000000000078e+01,3.623190043936234741e-10,1.312750609447865510e-19
1.139000000000000057e+01,3.399080831576896575e-10,1.155375049959348790e-19
1.140000000000000036e+01,3.188514314713621463e-10,1.016662353513367510e-19
1.141000000000000014e+01,2.990693378744076167e-10,8.944246885663658813e-20
1.141999999999999993e+01,2.804865050446841651e-10,7.867267951218163524e-20
1.142999999999999972e+01,2.630320403803877516e-10,6.918585426666993182e-20
1.143999999999999950e+01,2.466390707030801855e-10,6.083083119727898526e-20
1.145000000000000107e+01,2.312446880223076260e-10,5.347410573853438410e-20
1.146000000000000085e+01,2.167894612985570135e-10,4.699767053011854630e-20
1.147000000000000064e+01,2.032175508775832264e-10,4.129737298468312536e-20
1.148000000000000043e+01,1.904762463439569390e-10,3.628120042128377074e-20
1.149000000000000021e+01,1.785159406440370379e-10,3.186794106402535347e-20
1.150000000000000000e+01,1.672899544198542453e-10,2.798592884979690804e-20
1.150999999999999979e+01,1.567542108771067677e-10,2.457188262770445735e-20
1.151999999999999957e+01,1.468673599826361674e-10,2.157002142826923819e-20
1.152999999999999936e+01,1.375903104707790903e-10,1.893109353544538324e-20
1.154000000000000092e+01,1.288863759307441825e-10,1.661169790056111378e-20
1.155000000000000071e+01,1.207210176681372100e-10,1.457356410683069777e-20
1.156000000000000050e+01,1.130616065133139261e-10,1.278292686737143074e-20
1.157000000000000028e+01,1.058776061507418678e-10,1.121006748421161269e-20
1.158000000000000007e+01,9.914017947859783565e-11,9.828775187048590821e-21
1.158999999999999986e+01,9.282218120601466418e-11,8.615957323842221918e-21
1.159999999999999964e+01,8.689815388711533302e-11,7.551289148988777720e-21
1.160999999999999943e+01,8.134406202811710270e-11,6.616856427234162610e-21
1.162000000000000099e+01,7.613733940351938576e-11,5.796894451446705749e-21
1.163000000000000078e+01,7.125679343667168091e-11,5.077530610876496495e-21
1.164000000000000057e+01,6.668239928212183027e-11,4.446542374020321706e-21
1.165000000000000036e+01,6.239544800300839926e-11,3.893191931496125205e-21
1.166000000000000014e+01,5.837823098608069853e-11,3.408017853064192868e-21
1.166999999999999993e+01,5.461422340643854230e-11,2.982713398288379722e-21
1.167999999999999972e+01,5.108776550059759351e-11,2.609959783844049747e-21
1.168999999999999950e+01,4.778425851051335708e-11,2.283335361399568124e-21
1.170000000000000107e+01,4.468987939153151014e-11,1.997185320029632720e-21
1.171000000000000085e+01,4.179168961633750674e-11,1.746545320988292046e-21
1.172000000000000064e+01,3.907756125082607077e-11,1.527055793312063194e-21
1.173000000000000043e+01,3.653602993846834752e-11,1.334881483664655351e-21
1.174000000000000021e+01,3.415635937357258769e-11,1.166656885656639922e-21
1.175000000000000000e+01,3.192848278212548936e-11,1.019428012768483913e-21
1.175999999999999979e+01,2.984294053956349127e-11,8.906011000479220347e-22
1.176999999999999957e+01,2.789081642335836521e-11,7.778976407614766790e-22
1.177999999999999936e+01,2.606379337477101787e-11,6.793213250827576492e-22
1.179000000000000092e+01,2.435398262761208723e-11,5.931164698260313073e-22
1.180000000000000071e+01,2.275408360933558056e-11,5.177483209006341307e-22
1.181000000000000050e+01,2.125712714690303608e-11,4.518654545396020510e-22
1.182000000000000028e+01,1.985665981821811724e-11,3.942869391364379314e-22
1.183000000000000007e+01,1.854658904274665707e-11,3.439759651205303516e-22
1.183999999999999986e+01,1.732121688675890898e-11,3.000245544381419983e-22
1.184999999999999964e+01,1.617517909359494830e-11,2.616364187098710797e-22
1.185999999999999943e+01,1.510345010781844278e-11,2.281142051593609244e-22
1.187000000000000099e+01,1.410129377308906066e-11,1.988464860749603188e-22
1.188000000000000078e+01,1.316431943588856883e-11,1.732993062101135244e-22
1.189000000000000057e+01,1.228838017971183068e-11,1.510042874411345534e-22
1.190000000000000036e+01,1.146954820306389749e-11,1.315505359824062688e-22
1.191000000000000014e+01,1.070421290737759939e-11,1.145801739664691959e-22
1.191999999999999993e+01,9.988930538703198255e-12,9.977873330703736397e-23
1.192999999999999972e+01,9.320494835393162868e-12,8.687162397659061797e-23
1.193999999999999950e+01,8.695952230323664943e-12,7.561958519207112662e-23
1.195000000000000107e+01,8.112395533486699296e-12,6.581096129173495411e-23
1.196000000000000085e+01,7.567262161539800268e-12,5.726345662147200495e-23
1.197000000000000064e+01,7.058039671302885857e-12,4.981592400168535179e-23
1.198000000000000043e+01,6.582401822817031737e-12,4.332801375702498079e-23
1.199000000000000021e+01,6.138266002299548339e-12,3.767830951498647899e-23
1.200000000000000000e+01,5.723459555887500088e-12,3.275798928787994168e-23
1.200999999999999979e+01,5.336180087006527834e-12,2.847481792096499334e-23
1.201999999999999957e+01,4.974587130675934909e-12,2.474651712068663160e-23
1.203000000000000114e+01,4.637046356847582693e-12,2.150219891555344061e-23
1.204000000000000092e+01,4.321947107252923699e-12,1.867922679789191478e-23
1.205000000000000071e+01,4.027903512940145551e-12,1.622400670955556419e-23
1.206000000000000050e+01,3.753443665817497010e-12,1.408833935246549157e-23
1.207000000000000028e+01,3.497380216562459995e-12,1.223166837920248009e-23
1.208000000000000007e+01,3.258446672927926514e-12,1.061747472031507400e-23
1.208999999999999986e+01,3.035530566027705202e-12,9.214445817288480730e-24
1.209999999999999964e+01,2.827604286784320990e-12,7.995346002641067911e-24
1.210999999999999943e+01,2.633635984582909382e-12,6.936038499289990719e-24
1.212000000000000099e+01,2.452754448589382576e-12,6.016004385075006107e-24
1.213000000000000078e+01,2.284054588385613137e-12,5.216905362725372437e-24
1.214000000000000057e+01,2.126768470112494463e-12,4.523144125464640149e-24
1.215000000000000036e+01,1.980121240717195557e-12,3.920880127939405710e-24
1.216000000000000014e+01,1.843398209259228922e-12,3.398116957900132239e-24
1.216999999999999993e+01,1.715972211449806236e-12,2.944560630467938669e-24
1.217999999999999972e+01,1.597179667009177678e-12,2.550982888707547626e-24
1.218999999999999950e+01,1.486495582282440403e-12,2.209669116145211428e-24
1.220000000000000107e+01,1.383342234330300155e-12,1.913635737281947104e-24
1.221000000000000085e+01,1.287226076077656107e-12,1.656950970934279529e-24
1.222000000000000064e+01,1.197680164337019602e-12,1.434437776046350294e-24
1.223000000000000043e+01,1.114268706147270183e-12,1.241594749499111612e-24
1.224000000000000021e+01,1.036557208514970141e-12,1.074450846524347263e-24
1.225000000000000000e+01,9.641888254115793874e-13,9.296600910485612020e-25
1.225999999999999979e+01,8.967915399288911026e-13,8.042350660880319287e-25
1.226999999999999957e+01,8.340385283814140820e-13,6.956202668246349021e-25
1.228000000000000114e+01,7.755942132130735495e-13,6.015463835696066206e-25
1.229000000000000092e+01,7.211938666587767350e-13,5.201205933062374807e-25
1.230000000000000071e+01,6.705638000794883963e-13,4.496558099770440368e-25
1.231000000000000050e+01,6.234188304856861389e-13,3.886510382041406535e-25
1.232000000000000028e+01,5.795211539732112128e-13,3.358447679024423734e-25
1.233000000000000007e+01,5.386845901303166175e-13,2.901810876438672020e-25
1.233999999999999986e+01,5.006909337890292671e-13,2.506914111785301107e-25
1.234999999999999964e+01,4.653188956105848117e-13,2.165216746122543228e-25
1.235999999999999943e+01,4.324213629798610525e-13,1.869882351613607413e-25
1.237000000000000099e+01,4.018127138933757778e-13,1.614534570463598681e-25
1.238000000000000078e+01,3.733445864559131077e-13,1.393861802359367835e-25
1.239000000000000057e+01,3.468538375956646447e-13,1.203075846548397077e-25
1.240000000000000036e+01,3.221999974749179683e-13,1.038128383728371505e-25
1.241000000000000014e+01,2.992849416810055459e-13,8.957147631700289040e-26
1.241999999999999993e+01,2.779776941615097577e-13,7.727159845134985689e-26
1.242999999999999972e+01,2.581644470880983914e-13,6.664888174030355777e-26
1.243999999999999950e+01,2.397335586820474801e-13,5.747217915835869960e-26
1.245000000000000107e+01,2.225827866710133532e-13,4.954309692223384213e-26
1.246000000000000085e+01,2.066555008538070054e-13,4.270649603313782577e-26
1.247000000000000064e+01,1.918350819305300893e-13,3.680069865929319200e-26
1.248000000000000043e+01,1.780618456038378490e-13,3.170602085984498838e-26
1.249000000000000021e+01,1.652371274692885100e-13,2.730330829430189702e-26
1.250000000000000000e+01,1.533503797776672205e-13,2.351633897795476773e-26
1.250999999999999979e+01,1.422853197946622095e-13,2.024511222906929242e-26
1.251999999999999957e+01,1.319973965093013557e-13,1.742331268523372306e-26
1.253000000000000114e+01,1.224295005537272718e-13,1.498898260583510546e-26
1.254000000000000092e+01,1.135369268266993311e-13,1.289063375325127839e-26
1.255000000000000071e+01,1.052763448743725020e-13,1.108310879010781683e-26
1.256000000000000050e+01,9.759967718129575775e-14,9.525696985893143280e-27
1.257000000000000028e+01,9.045479933496557118e-14,8.182070722728888242e-27
1.258000000000000007e+01,8.382743771050739854e-14,7.027039313108997674e-27
1.258999999999999986e+01,7.766427437167110333e-14,6.031739513678208855e-27
1.259999999999999964e+01,7.194780250128098397e-14,5.176486284763334328e-27
1.260999999999999943e+01,6.661327985651120822e-14,4.437329053241882008e-27
1.262000000000000099e+01,6.166030634333118068e-14,3.801993378353447359e-27
1.263000000000000078e+01,5.708015964154057382e-14,3.258144624703757178e-27
1.264000000000000057e+01,5.280721622011103742e-14,2.788602084917558153e-27
1.265000000000000036e+01,4.884358197937918423e-14,2.385695500576335080e-27
1.266000000000000014e+01,4.516294938516571608e-14,2.039691997167040509e-27
1.266999999999999993e+01,4.175955627242894333e-14,1.743860540070159643e-27
1.267999999999999972e+01,3.857888712616505185e-14,1.488330531893383654e-27
1.268999999999999950e+01,3.562188811468958859e-14,1.268918912855463327e-27
1.270000000000000107e+01,3.288101692485861418e-14,1.081161274012838699e-27
1.271000000000000085e+01,3.036928607434895705e-14,9.222935366656454502e-28
1.272000000000000064e+01,2.801593298650981618e-14,7.848925011046088665e-28
1.273000000000000043e+01,2.583341193971185108e-14,6.673651724468467960e-28
1.274000000000000021e+01,2.381350073129295011e-14,5.670828170792899050e-28
1.275000000000000000e+01,2.195536673313542690e-14,4.820381283864697791e-28
1.275999999999999979e+01,2.022043871802147167e-14,4.088661419492617873e-28
1.276999999999999957e+01,1.860540915185372894e-14,3.461612497078825119e-28
1.278000000000000114e+01,1.713542989179750563e-14,2.936229575767074716e-28
1.279000000000000092e+01,1.576456581780197681e-14,2.485215354238104919e-28
1.280000000000000071e+01,1.449461464966668479e-14,2.100938538423320512e-28
1.281000000000000050e+01,1.333869028024512330e-14,1.779206583923057198e-28
1.282000000000000028e+01,1.226497712409248543e-14,1.504296638545119724e-28
1.283000000000000007e+01,1.126621401522145354e-14,1.269275782367723051e-28
1.283999999999999986e+01,1.035396718545508697e-14,1.072046364774807396e-28
1.284999999999999964e+01,9.520667964103516891e-15,9.064311848270701065e-29
1.285999999999999943e+01,8.759493125942620251e-15,7.672871982343601932e-29
1.287000000000000099e+01,8.048254348138289626e-15,6.477439805232689047e-29
1.288000000000000078e+01,7.398569901770942892e-15,5.473883659139090024e-29
1.289000000000000057e+01,6.817411695657144176e-15,4.647710222808282001e-29
1.290000000000000036e+01,6.266782286079004759e-15,3.927256022111359495e-29
1.291000000000000014e+01,5.783877577024242392e-15,3.345323982600382078e-29
1.291999999999999993e+01,5.321858181866174711e-15,2.832217450789594905e-29
1.292999999999999972e+01,4.918839139527621639e-15,2.419497848054883235e-29
1.293999999999999950e+01,4.549295532193149282e-15,2.069608983923254919e-29
1.295000000000000107e+01,4.214209347407393270e-15,1.775956042377584650e-29
1.296000000000000085e+01,3.920772140203027965e-15,1.537245417539223323e-29
1.297000000000000064e+01,3.646931430482679551e-15,1.330010885864244279e-29
1.298000000000000043e+01,3.417812717865719189e-15,1.168144377440465417e-29
1.299000000000000021e+01,3.195640232353901732e-15,1.021211649463889934e-29
1.300000000000000000e+01,3.004002287971088686e-15,9.024029746135535551e-30
1.300999999999999979e+01,2.825385140237862894e-15,7.982801190676928851e-30
1.301999999999999957e+01,2.674108539734156485e-15,7.150856482279143324e-30
1.303000000000000114e+01,2.529504706796537354e-15,6.398394061705836333e-30
1.304000000000000092e+01,2.407208059087665280e-15,5.794650639736604404e-30
1.305000000000000071e+01,2.310678943223800097e-15,5.339237178657857487e-30
1.306000000000000050e+01,2.209450644405075738e-15,4.881672150062004311e-30
1.307000000000000028e+01,2.120194320994103043e-15,4.495223958775645530e-30
1.308000000000000007e+01,2.047775696353156681e-15,4.193385302574655844e-30
1.308999999999999986e+01,1.977805197749376448e-15,3.911713400244449842e-30
1.309999999999999964e+01,1.937706077660578555e-15,3.754704843402744151e-30
1.310999999999999943e+01,1.870484535930720132e-15,3.498712399155961228e-30
1.312000000000000099e+01,1.824944779068894414e-15,3.330423446650815575e-30
1.313000000000000078e+01,1.769301972100552013e-15,3.130429468478902529e-30
1.314000000000000057e+01,1.726808539297534763e-15,2.981867731390885662e-30
1.315000000000000036e+01,1.684414116250394371e-15,2.837250915023597167e-30
1.316000000000000014e+01,1.641931834716810476e-15,2.695940149856511320e-30
1.316999999999999993e+01,1.607049312260608402e-15,2.582607492037294338e-30
1.317999999999999972e+01,1.572127591402762134e-15,2.471585163649850226e-30
1.318999999999999950e+01,1.524665085356841309e-15,2.324603622506184164e-30
1.320000000000000107e+01,1.462257850766843218e-15,2.138198022129267510e-30
1.321000000000000085e+01,1.456522043271090509e-15,2.121456462534592312e-30
1.322000000000000064e+01,1.394728466417176355e-15,1.945267495034408639e-30
1.323000000000000043e+01,1.360638697842501115e-15,1.851337666066537161e-30
1.324000000000000021e+01,1.317039937696570737e-15,1.734594197487786925e-30
1.325000000000000000e+01,1.254406974379863384e-15,1.573536857372843177e-30
1.325999999999999979e+01,1.196904946671469528e-15,1.432581451366633367e-30
1.326999999999999957e+01,1.145302954245027133e-15,1.311718857002386634e-30
1.328000000000000114e+01,1.089412116011108956e-15,1.186818758511801868e-30
1.329000000000000092e+01,1.021850967439420070e-15,1.044179399656878713e-30
1.330000000000000071e+01,9.562274364110708302e-16,9.143709101452884473e-31
1.331000000000000050e+01,9.032028123387511612e-16,8.157753202166292955e-31
1.332000000000000028e+01,8.312805036668981170e-16,6.910272757766917738e-31
1.333000000000000007e+01,7.496369913873027576e-16,5.619556188562070053e-31
1.333999999999999986e+01,6.870682323491506284e-16,4.720627559033864130e-31
1.334999999999999964e+01,6.077482391187361550e-16,3.693579221519245152e-31
1.335999999999999943e+01,5.412150348384387753e-16,2.929137139351724868e-31
1.337000000000000099e+01,4.564140237229582627e-16,2.083137610509811072e-31
1.338000000000000078e+01,3.698707112378476502e-16,1.368043430315912781e-31
1.339000000000000057e+01,2.913171143430268714e-16,8.486566110914819392e-32
1.340000000000000036e+01,2.145828639521022740e-16,4.604580550188643312e-32
1.341000000000000014e+01,1.362576991220351743e-16,1.856616057003106544e-32
1.341999999999999993e+01,6.465032933235730061e-17,4.179665082782258715e-33
1.342999999999999972e+01,-1.328960982637961597e-17,1.766137293374056500e-34
1.343999999999999950e+01,-1.001032561159324556e-16,1.002066188501196851e-32
1.345000000000000107e+01,-1.914787853554477858e-16,3.666412524119764771e-32
1.346000000000000085e+01,-2.466593215181940932e-16,6.084082089181585147e-32
1.347000000000000064e+01,-3.062462986933485678e-16,9.378679546337566483e-32
1.348000000000000043e+01,-3.803596628502058192e-16,1.446734731235222377e-31
1.349000000000000021e+01,-4.446207115041663343e-16,1.976875770984711034e-31
1.350000000000000000e+01,-4.924833115806616615e-16,2.425398121854550864e-31
1.350999999999999979e+01,-5.360286808002147792e-16,2.873267466404185253e-31
1.351999999999999957e+01,-6.087687492305054900e-16,3.705993900396740920e-31
1.353000000000000114e+01,-6.578248730536132338e-16,4.327335636080023802e-31
1.354000000000000092e+01,-6.852407758311211961e-16,4.695549208616369155e-31
1.355000000000000071e+01,-7.230672334176990869e-16,5.228262240423253640e-31
1.356000000000000050e+01,-7.613073017250734668e-16,5.795888076599120745e-31
1.357000000000000028e+01,-7.810470761254445573e-16,6.100345351241059966e-31
1.358000000000000007e+01,-7.959248970529221831e-16,6.334964417487047527e-31
1.358999999999999986e+01,-8.267449782628688169e-16,6.835072590828714380e-31
1.359999999999999964e+01,-8.231583245124316537e-16,6.775896272141137800e-31
1.360999999999999943e+01,-8.423412112756516618e-16,7.095387162133320390e-31
1.362000000000000099e+01,-8.382868800435294726e-16,7.027248932531147634e-31
1.363000000000000078e+01,-8.251493329821485602e-16,6.808714217208846901e-31
1.364000000000000057e+01,-8.112514720957739160e-16,6.581289509775602349e-31
1.365000000000000036e+01,-8.008726815087260103e-16,6.413970519869772460e-31
1.366000000000000014e+01,-7.717428624110543263e-16,5.955870456824075145e-31
1.366999999999999993e+01,-7.376774238787789380e-16,5.441679817004316875e-31
1.367999999999999972e+01,-6.942253198217584528e-16,4.819487946816227791e-31
1.368999999999999950e+01,-6.597591114243973835e-16,4.352820851075104145e-31
1.370000000000000107e+01,-6.468263422198814768e-16,4.183843169895511958e-31
1.371000000000000085e+01,-5.647800325716671977e-16,3.189764851916534653e-31
1.372000000000000064e+01,-5.248290891994291022e-16,2.754455728699023278e-31
1.373000000000000043e+01,-4.811012446618774928e-16,2.314584076152076903e-31
1.374000000000000021e+01,-4.283959523960553075e-16,1.835230920293232797e-31
1.375000000000000000e+01,-3.645181019098916644e-16,1.328734466199901744e-31
1.375999999999999979e+01,-2.953768522512379439e-16,8.724748484584964762e-32
1.376999999999999957e+01,-2.431889113036670576e-16,5.914084658106283960e-32
1.378000000000000114e+01,-1.730911868531712096e-16,2.996055896623943064e-32
1.379000000000000092e+01,-9.471651714516564372e-17,8.971218620110456694e-33
1.380000000000000071e+01,-3.470705892125629193e-17,1.204579938963556038e-33
1.381000000000000050e+01,4.687799367312843919e-17,2.197546290817869963e-33
1.382000000000000028e+01,1.091106306411479796e-16,1.190512971890902086e-32
1.383000000000000007e+01,1.730400979880973113e-16,2.994287551173031708e-32
1.383999999999999986e+01,2.425934166200691852e-16,5.885156578739845581e-32
1.384999999999999964e+01,3.045706515023762443e-16,9.276328175658191984e-32
1.385999999999999943e+01,3.584817170153245952e-16,1.285091414342552598e-31
1.387000000000000099e+01,4.221106914427736373e-16,1.781774358302964573e-31
1.388000000000000078e+01,4.773540802150527629e-16,2.278669178979590427e-31
1.389000000000000057e+01,5.353021587007763091e-16,2.865484011097110867e-31
1.390000000000000036e+01,5.803583559699057925e-16,3.368158213440918847e-31
1.391000000000000014e+01,6.115525115817493293e-16,3.739964744219456274e-31
1.391999999999999993e+01,6.784597902639436120e-16,4.603076870049943756e-31
1.392999999999999972e+01,6.998654967341898008e-16,4.898117135189942251e-31
1.393999999999999950e+01,7.386587355889041774e-16,5.456167276617986851e-31
1.395000000000000107e+01,7.630516305982369535e-16,5.822477909586282720e-31
1.396000000000000085e+01,7.800333243587862154e-16,6.084519871102193434e-31
1.397000000000000064e+01,8.091455717591690411e-16,6.547165562974725433e-31
1.398000000000000043e+01,8.249533409739279836e-16,6.805480147840459107e-31
1.399000000000000021e+01,8.295098172478016386e-16,6.880865369104813100e-31
1.400000000000000000e+01,8.313129437234312195e-16,6.910812104021167448e-31
1.400999999999999979e+01,8.337236454245447258e-16,6.950951169399919470e-31
1.401999999999999957e+01,8.105411700246020464e-16,6.569769883048508398e-31
1.403000000000000114e+01,8.075877732110707208e-16,6.521980114400157807e-31
1.404000000000000092e+01,7.840329129955088867e-16,6.147076086602232458e-31
1.405000000000000071e+01,7.530627965240968636e-16,5.671035755086933098e-31
1.406000000000000050e+01,7.386418397261264973e-16,5.455917673939967568e-31
1.407000000000000028e+01,7.150254785700540535e-16,5.112614350043348595e-31
1.408000000000000007e+01,6.508590467476483301e-16,4.236174987332574828e-31
1.408999999999999986e+01,6.131684318978026641e-16,3.759755258760102623e-31
1.409999999999999964e+01,5.883801736994731396e-16,3.461912288026221897e-31
1.410999999999999943e+01,5.176594987883657629e-16,2.679713566858220468e-31
1.412000000000000099e+01,4.635346161319664086e-16,2.148643403526094708e-31
1.413000000000000078e+01,4.202595807168555317e-16,1.766181151843072197e-31
1.414000000000000057e+01,3.481534450579817874e-16,1.212108213057411345e-31
1.415000000000000036e+01,2.896478031005961779e-16,8.389584984100173024e-32
1.416000000000000014e+01,2.183350971577602980e-16,4.767021465088862905e-32
1.416999999999999993e+01,1.663458515564544547e-16,2.767094233004198026e-32
1.417999999999999972e+01,1.011156562135685766e-16,1.022437593150059001e-32
1.418999999999999950e+01,3.007598741321936701e-17,9.045650188801297563e-34
1.420000000000000107e+01,-1.421415143757201393e-17,2.020421010902305470e-34
1.421000000000000085e+01,-9.715796931653445491e-17,9.439671001712651054e-33
1.422000000000000064e+01,-1.615339098373829014e-16,2.609320402735174674e-32
1.423000000000000043e+01,-2.310975560654775895e-16,5.340608041943655527e-32
1.424000000000000021e+01,-2.859428783107155004e-16,8.176332965661665668e-32
1.425000000000000000e+01,-3.438902809619279177e-16,1.182605253400737334e-31
1.425999999999999979e+01,-3.966378128846942047e-16,1.573215546099536846e-31
1.426999999999999957e+01,-4.661798324084335075e-16,2.173236361443551518e-31
1.428000000000000114e+01,-5.110201005512648267e-16,2.611415431674248048e-31
1.429000000000000092e+01,-5.675766357786220423e-16,3.221432374817785734e-31
1.430000000000000071e+01,-6.209905405293383489e-16,3.856292514269198286e-31
1.431000000000000050e+01,-6.500196602848552290e-16,4.225255587568386005e-31
1.432000000000000028e+01,-6.932095405515667736e-16,4.805394671117143169e-31
1.433000000000000007e+01,-7.258631607901427533e-16,5.268773281922566732e-31
1.433999999999999986e+01,-7.540839824703773769e-16,5.686426526183843712e-31
1.434999999999999964e+01,-7.773029529339197349e-16,6.041998806397914807e-31
1.435999999999999943e+01,-7.911744562743612888e-16,6.259570202610312446e-31
1.437000000000000099e+01,-8.069950663448311380e-16,6.512410371048983836e-31
1.438000000000000078e+01,-8.151719880946973165e-16,6.645053701742613278e-31
1.439000000000000057e+01,-8.193472937043073877e-16,6.713299877005725694e-31
1.440000000000000036e+01,-8.198933679892807035e-16,6.722251348728060502e-31
1.441000000000000014e+01,-8.102242036388934892e-16,6.564632601622791063e-31
1.441999999999999993e+01,-7.957289050447016065e-16,6.331844903236397404e-31
1.442999999999999972e+01,-7.872944903461042417e-16,6.198326145293320195e-31
1.443999999999999950e+01,-7.575962944245929250e-16,5.739521453258744781e-31
1.445000000000000107e+01,-7.245736685429532872e-16,5.250070011457934941e-31
1.446000000000000085e+01,-6.953539634553046645e-16,4.835171344930011989e-31
1.447000000000000064e+01,-6.544132604415524895e-16,4.282567154417432508e-31
1.448000000000000043e+01,-6.158359507131362771e-16,3.792539181907524143e-31
1.449000000000000021e+01,-5.697436991384819378e-16,3.246078827080010232e-31
1.450000000000000000e+01,-5.209856183347717337e-16,2.714260145116644270e-31
1.450999999999999979e+01,-4.744182550988101971e-16,2.250726807709997366e-31
1.451999999999999957e+01,-4.161785540215446632e-16,1.732045888274637794e-31
1.453000000000000114e+01,-3.542602857003315421e-16,1.255003500244805268e-31
1.454000000000000092e+01,-2.924984730684393622e-16,8.555535674736854420e-32
1.455000000000000071e+01,-2.509515464982254702e-16,6.297667868985102563e-32
1.456000000000000050e+01,-1.724167040110878651e-16,2.972751982204708057e-32
1.457000000000000028e+01,-9.967241161510267263e-17,9.934589637170454499e-33
1.458000000000000007e+01,-4.846814779844591533e-17,2.349161351011997637e-33
1.458999999999999986e+01,1.677015755857321985e-17,2.812381845393705084e-34
1.459999999999999964e+01,8.653230377451956180e-17,7.487839596525732818e-33
1.460999999999999943e+01,1.565070527437798034e-16,2.449445755854427450e-32
1.462000000000000099e+01,2.146505318825267192e-16,4.607485083745161854e-32
1.463000000000000078e+01,2.714495227407430331e-16,7.368484339617716507e-32
1.464000000000000057e+01,3.318959079760821184e-16,1.101548937312679645e-31
1.465000000000000036e+01,3.971095453734459055e-16,1.576959910267048934e-31
1.466000000000000014e+01,4.353333936525538327e-16,1.895151636290493894e-31
1.466999999999999993e+01,5.026931435399332590e-16,2.527003965620599393e-31
1.467999999999999972e+01,5.385140622148053911e-16,2.899973952030912872e-31
1.468999999999999950e+01,5.957315635940237924e-16,3.548960958621803954e-31
1.470000000000000107e+01,6.480327068222048987e-16,4.199463891113137264e-31
1.471000000000000085e+01,6.646879725138901933e-16,4.418101008046260822e-31
1.472000000000000064e+01,7.025806618825563495e-16,4.936195864513309898e-31
1.473000000000000043e+01,7.363176448424345317e-16,5.421636741063095355e-31
1.474000000000000021e+01,7.595285052918437374e-16,5.768835503508622822e-31
1.475000000000000000e+01,7.740650297912130531e-16,5.991766703456715480e-31
1.475999999999999979e+01,7.820520420434584699e-16,6.116053964643433468e-31
1.476999999999999957e+01,7.989783173740971343e-16,6.383663516339434489e-31
1.478000000000000114e+01,7.830651179756057322e-16,6.131909789901493457e-31
1.479000000000000092e+01,7.955362922090365264e-16,6.328779922217015769e-31
1.480000000000000071e+01,7.804597759352938084e-16,6.091174618529690599e-31
1.481000000000000050e+01,7.791628495084822696e-16,6.070947460541777778e-31
1.482000000000000028e+01,7.695173393659838272e-16,5.921569355849027256e-31
1.483000000000000007e+01,7.359979751186816562e-16,5.416930193787995703e-31
1.483999999999999986e+01,7.119294806746795100e-16,5.068435854537188579e-31
1.484999999999999964e+01,6.697134779384710335e-16,4.485161425324429408e-31
1.485999999999999943e+01,6.377721872746003594e-16,4.067533628610278876e-31
1.487000000000000099e+01,6.006844168086608645e-16,3.608217685967610201e-31
1.488000000000000078e+01,5.482038395177812725e-16,3.005274496620372639e-31
1.489000000000000057e+01,5.234007129602075040e-16,2.739483063272535397e-31
1.490000000000000036e+01,4.651991965328193477e-16,2.164102924547806981e-31
1.491000000000000014e+01,4.029055021406871151e-16,1.623328436552392232e-31
1.491999999999999993e+01,3.500045557838998930e-16,1.225031890694850924e-31
1.492999999999999972e+01,3.025650281113566130e-16,9.154559623602601210e-32
1.493999999999999950e+01,2.384188713242840663e-16,5.684355820354552002e-32
1.495000000000000107e+01,1.949552780805747596e-16,3.800756045147423351e-32
1.496000000000000085e+01,1.140295020517735151e-16,1.300272733817541908e-32
1.497000000000000064e+01,4.411982855399278111e-17,1.946559271633716861e-33
1.498000000000000043e+01,-1.449935360125855753e-17,2.102312548543294853e-34
1.499000000000000021e+01,-7.681399886323507105e-17,5.900390421361078907e-33
1.500000000000000000e+01,-1.387136817353927637e-16,1.924148550058783704e-32
1.500999999999999979e+01,-1.989264816678310032e-16,3.957174510874190288e-32
1.501999999999999957e+01,-2.603301020088372175e-16,6.777176201193158854e-32
1.503000000000000114e+01,-3.231036389038544019e-16,1.043959614729123315e-31
1.504000000000000092e+01,-3.796209757295674726e-16,1.441120852138688548e-31
1.505000000000000071e+01,-4.510715519126688653e-16,2.034655449449035091e-31
1.506000000000000050e+01,-4.876693423580568201e-16,2.378213874759396119e-31
1.507000000000000028e+01,-5.244800206744430317e-16,2.750792920866641735e-31
1.508000000000000007e+01,-5.660188372305237220e-16,3.203773240997940863e-31
1.508999999999999986e+01,-6.140503959347954560e-16,3.770578887476790505e-31
1.509999999999999964e+01,-6.522857334005921801e-16,4.254766779979484003e-31
1.510999999999999943e+01,-6.930858628360344746e-16,4.803680132631703912e-31
1.512000000000000099e+01,-7.047068372544944997e-16,4.966117264732326116e-31
1.513000000000000078e+01,-7.274419102080853298e-16,5.291717327271881211e-31
1.514000000000000057e+01,-7.414634488099922730e-16,5.497680459212080412e-31
1.515000000000000036e+01,-7.677621971406426726e-16,5.894587913582270601e-31
1.516000000000000014e+01,-7.692956656463411414e-16,5.918158211822471094e-31
1.516999999999999993e+01,-7.800556268976527295e-16,6.084867810546899938e-31
1.517999999999999972e+01,-7.693260781993409064e-16,5.918626145975783711e-31
1.518999999999999950e+01,-7.750909465790713207e-16,6.007659754688408341e-31
1.520000000000000107e+01,-7.441782760411032326e-16,5.538013065315084745e-31
1.521000000000000085e+01,-7.322889953217343532e-16,5.362471726693150503e-31
1.522000000000000064e+01,-7.289321253050730283e-16,5.313420433017707303e-31
1.523000000000000043e+01,-6.942057206209363557e-16,4.819215825428335651e-31
1.524000000000000021e+01,-6.558399470944962408e-16,4.301260362049116031e-31
1.525000000000000000e+01,-6.270885953230438223e-16,3.932401063842282246e-31
1.525999999999999979e+01,-6.003137215793194581e-16,3.603765643164126700e-31
1.526999999999999957e+01,-5.410433728726179515e-16,2.927279313293787144e-31
1.528000000000000114e+01,-5.081494934653439562e-16,2.582159077090856427e-31
1.529000000000000092e+01,-4.655736088519718398e-16,2.167587852594488510e-31
1.530000000000000071e+01,-4.103694184813368591e-16,1.684030596247105867e-31
1.531000000000000050e+01,-3.394162564984091779e-16,1.152033951753938927e-31
1.532000000000000028e+01,-2.964436570270180554e-16,8.787884179155231614e-32
1.533000000000000007e+01,-2.464224415220515741e-16,6.072401968568893001e-32
1.533999999999999986e+01,-1.736151275579057813e-16,3.014221251694789441e-32
1.534999999999999964e+01,-1.195351878964948962e-16,1.428866114545034090e-32
1.535999999999999943e+01,-4.850075681360675685e-17,2.352323411492622104e-33
1.537000000000000099e+01,1.621293200416669012e-17,2.628591641717325172e-34
1.538000000000000078e+01,7.755667763145465094e-17,6.015038245229377934e-33
1.539000000000000057e+01,1.182320522401125610e-16,1.397881817690870522e-32
1.540000000000000036e+01,1.789352123500148166e-16,3.201781021874489297e-32
1.541000000000000014e+01,2.512644578768673033e-16,6.313382779215602627e-32
1.541999999999999993e+01,2.918381827510892562e-16,8.516952491145817558e-32
1.542999999999999972e+01,3.628895096967550202e-16,1.316887962479512495e-31
1.543999999999999950e+01,4.068645407067434823e-16,1.655387544845093315e-31
1.545000000000000107e+01,4.876537981643013978e-16,2.378062268640691954e-31
1.546000000000000085e+01,5.026066367225118168e-16,2.526134312775149785e-31
1.547000000000000064e+01,5.477540716506405953e-16,3.000345230098551116e-31
1.548000000000000043e+01,5.934360916770538435e-16,3.521663949049366574e-31
1.549000000000000021e+01,6.251915278503705294e-16,3.908644464958806406e-31
1.550000000000000000e+01,6.544440109118077450e-16,4.282969634183343641e-31
1.550999999999999979e+01,6.992457564875060482e-16,4.889446279657845883e-31
1.551999999999999957e+01,7.226948486020799322e-16,5.222878441959831949e-31
1.553000000000000114e+01,7.411322898995505513e-16,5.492770711317514250e-31
1.554000000000000092e+01,7.446182443078329105e-16,5.544563297560795428e-31
1.555000000000000071e+01,7.583890483061197592e-16,5.751539485906620137e-31
1.556000000000000050e+01,7.596940847470645490e-16,5.771351023996800562e-31
1.557000000000000028e+01,7.618270184641136923e-16,5.803804060619210254e-31
1.558000000000000007e+01,7.495085828301927043e-16,5.617631157361238547e-31
1.558999999999999986e+01,7.561608219230047445e-16,5.717791886112740563e-31
1.559999999999999964e+01,7.324511956043996682e-16,5.364847539423145110e-31
1.561000000000000121e+01,7.175605338212110370e-16,5.148931196977813116e-31
1.562000000000000099e+01,6.798259897281435210e-16,4.621633763098498658e-31
1.563000000000000078e+01,6.528236976714321464e-16,4.261787802414014196e-31
1.564000000000000057e+01,6.239229864730254182e-16,3.892798930494190636e-31
1.565000000000000036e+01,5.926108977389939069e-16,3.511876761190162972e-31
1.566000000000000014e+01,5.424166685991844428e-16,2.942158423742374715e-31
1.566999999999999993e+01,5.043962465079193127e-16,2.544155734912777140e-31
1.567999999999999972e+01,4.503977449050965757e-16,2.028581286155964403e-31
1.568999999999999950e+01,4.018809370218511053e-16,1.615082875415610611e-31
1.570000000000000107e+01,3.690793090253430245e-16,1.362195363506246459e-31
1.571000000000000085e+01,3.046391642259395636e-16,9.280502038027897463e-32
1.572000000000000064e+01,2.405247716608889412e-16,5.785216578252276396e-32
1.573000000000000043e+01,1.677090097653543576e-16,2.812631195647572531e-32
1.574000000000000021e+01,1.249915378219055934e-16,1.562288452708485739e-32
1.575000000000000000e+01,6.200916806295680248e-17,3.845136923860021630e-33
1.575999999999999979e+01,4.326692540097757502e-18,1.872026833653758517e-35
1.576999999999999957e+01,-5.572390710967514464e-17,3.105153823567703974e-33
1.578000000000000114e+01,-1.201458043772787785e-16,1.443501430946333975e-32
1.579000000000000092e+01,-1.700433421667129362e-16,2.891473821522581623e-32
1.580000000000000071e+01,-2.346186538683375175e-16,5.504591274299077014e-32
1.581000000000000050e+01,-2.902195590969914551e-16,8.422739248245211650e-32
1.582000000000000028e+01,-3.532918148459173080e-16,1.248151064371219210e-31
1.583000000000000007e+01,-3.849965634309010521e-16,1.482223538536038072e-31
1.583999999999999986e+01,-4.499733208321223201e-16,2.024759894606880801e-31
1.584999999999999964e+01,-5.000857739960880964e-16,2.500857813532664809e-31
1.586000000000000121e+01,-5.401269412755588184e-16,2.917371126916909844e-31
1.587000000000000099e+01,-5.740322070287022291e-16,3.295129747062428580e-31
1.588000000000000078e+01,-6.223976279814601018e-16,3.873788073169479879e-31
1.589000000000000057e+01,-6.550215115015473960e-16,4.290531805297718202e-31
1.590000000000000036e+01,-6.741543865109456406e-16,4.544841368519494918e-31
1.591000000000000014e+01,-6.958033934051898512e-16,4.841423622741773826e-31
1.591999999999999993e+01,-7.174442902853008108e-16,5.147263096629789475e-31
1.592999999999999972e+01,-7.301121323614633599e-16,5.330637258214030242e-31
1.593999999999999950e+01,-7.412992210237936206e-16,5.495245350904832464e-31
1.595000000000000107e+01,-7.390588296194786802e-16,5.462079536385136421e-31
1.596000000000000085e+01,-7.399441728290269687e-16,5.475173789036329171e-31
1.597000000000000064e+01,-7.385925038068158134e-16,5.455188866796212179e-31
1.598000000000000043e+01,-7.212208535333586370e-16,5.201595195713863501e-31
1.599000000000000021e+01,-7.043695958334527659e-16,4.961365275345815841e-31
1.600000000000000000e+01,-7.083029526880870731e-16,5.016930727866625046e-31
1.601000000000000156e+01,-6.768151469811682605e-16,4.580787431831404285e-31
1.601999999999999957e+01,-6.382053971962190442e-16,4.073061290103837587e-31
1.603000000000000114e+01,-6.145336176102359043e-16,3.776515671731236592e-31
1.603999999999999915e+01,-5.693091375478410938e-16,3.241128940954666297e-31
1.605000000000000071e+01,-5.445411543848447461e-16,2.965250688187793179e-31
1.605999999999999872e+01,-4.990696568086408281e-16,2.490705223470945215e-31
1.607000000000000028e+01,-4.397993081019393216e-16,1.934234314069445425e-31
1.608000000000000185e+01,-4.044339018875523390e-16,1.635667809959903116e-31
1.608999999999999986e+01,-3.535298775524542410e-16,1.249833743222532844e-31
1.610000000000000142e+01,-3.098285595194635657e-16,9.599373629390577311e-32
1.610999999999999943e+01,-2.403373965426849499e-16,5.776206417691578980e-32
1.612000000000000099e+01,-1.894509439048755869e-16,3.589166014644831555e-32
1.612999999999999901e+01,-1.255090580987846624e-16,1.575252366484410305e-32
1.614000000000000057e+01,-6.651461883124197599e-17,4.424194518265410005e-33
1.614999999999999858e+01,9.459486693316664208e-18,8.948188850103503645e-35
1.616000000000000014e+01,5.527834208840033918e-17,3.055695104042212286e-33
1.617000000000000171e+01,1.013753878641178312e-16,1.027696926460032893e-32
1.617999999999999972e+01,1.714500072222652519e-16,2.939510497651480495e-32
1.619000000000000128e+01,2.158444780257085481e-16,4.658883869419057881e-32
1.619999999999999929e+01,2.678605880488308654e-16,7.174929462986546968e-32
1.621000000000000085e+01,3.314966587386464898e-16,1.098900347548866542e-31
1.621999999999999886e+01,3.861230106022862304e-16,1.490909793165732485e-31
1.623000000000000043e+01,4.376880010892455634e-16,1.915707862974994203e-31
1.624000000000000199e+01,4.792345897422039649e-16,2.296657920053785607e-31
1.625000000000000000e+01,5.248314546202179301e-16,2.754480557587738935e-31
1.626000000000000156e+01,5.641417068759280167e-16,3.182558654368854829e-31
1.626999999999999957e+01,5.994466259015711075e-16,3.593362573047781594e-31
1.628000000000000114e+01,6.197696454850261734e-16,3.841144134646350312e-31
1.628999999999999915e+01,6.533988328403829694e-16,4.269300347571747192e-31
1.630000000000000071e+01,6.860463705683590356e-16,4.706596225700181856e-31
1.630999999999999872e+01,7.008856689287036454e-16,4.912407209096363591e-31
1.632000000000000028e+01,7.088760603535046574e-16,5.025052689423055939e-31
1.633000000000000185e+01,7.228273121662565617e-16,5.224793232134949454e-31
1.633999999999999986e+01,7.244486391583988290e-16,5.248258307784559156e-31
1.635000000000000142e+01,7.181072839406954325e-16,5.156780712486825448e-31
1.635999999999999943e+01,7.285725813451648789e-16,5.308180062879568548e-31
1.637000000000000099e+01,7.202544101824777403e-16,5.187664153873088541e-31
1.637999999999999901e+01,6.965049096277174888e-16,4.851190891355148785e-31
1.639000000000000057e+01,6.876440433526125310e-16,4.728543303583296761e-31
1.639999999999999858e+01,6.677082769440208639e-16,4.458343430995532240e-31
1.641000000000000014e+01,6.343470579723174316e-16,4.023961899581346870e-31
1.642000000000000171e+01,6.087748317411055022e-16,3.706067957614112982e-31
1.642999999999999972e+01,5.700846576493347574e-16,3.249965168871592035e-31
1.644000000000000128e+01,5.255275641666566352e-16,2.761792206989394278e-31
1.644999999999999929e+01,4.777494434040495113e-16,2.282445306728790936e-31
1.646000000000000085e+01,4.525712286928120725e-16,2.048207170405216118e-31
1.646999999999999886e+01,3.929801965105909723e-16,1.544334348495027007e-31
1.648000000000000043e+01,3.557511766318304187e-16,1.265588996749318008e-31
1.649000000000000199e+01,2.984268933998573000e-16,8.905861070428979193e-32
1.650000000000000000e+01,2.441884705455921857e-16,5.962800914739554121e-32
1.651000000000000156e+01,1.909259527253634521e-16,3.645271942408771778e-32
1.651999999999999957e+01,1.251618481187041840e-16,1.566548822448957423e-32
1.653000000000000114e+01,7.529810205482531266e-17,5.669804173058888099e-33
1.653999999999999915e+01,8.495239804596814723e-18,7.216909933760612813e-35
1.655000000000000071e+01,-2.918929253464888234e-17,8.520147986733090240e-34
1.655999999999999872e+01,-9.460061152651104358e-17,8.949275701189854059e-33
1.657000000000000028e+01,-1.561123653892941592e-16,2.437107062744049024e-32
1.658000000000000185e+01,-2.124708811048974116e-16,4.514387531749144932e-32
1.658999999999999986e+01,-2.686327289777689338e-16,7.216354307804346100e-32
1.660000000000000142e+01,-3.319915385594035295e-16,1.102183816750399109e-31
1.660999999999999943e+01,-3.661725447930780645e-16,1.340823325602387600e-31
1.662000000000000099e+01,-4.209313602208944839e-16,1.771832100174124285e-31
1.662999999999999901e+01,-4.691332292219648331e-16,2.200859867602285886e-31
1.664000000000000057e+01,-5.051356094630687882e-16,2.551619839476259519e-31
1.664999999999999858e+01,-5.458113853484676055e-16,2.979100683760134037e-31
1.666000000000000014e+01,-5.759353570119755342e-16,3.317015354565117233e-31
1.667000000000000171e+01,-6.076461881075591919e-16,3.692338899216472245e-31
1.667999999999999972e+01,-6.431869733775780345e-16,4.136894827226092631e-31
1.669000000000000128e+01,-6.552249376893902426e-16,4.293197189700653426e-31
1.669999999999999929e+01,-6.923370381977294904e-16,4.793305744604043260e-31
1.671000000000000085e+01,-7.033450307146167561e-16,4.946942322309451446e-31
1.671999999999999886e+01,-6.988385661945649632e-16,4.883753416008753840e-31
1.673000000000000043e+01,-7.105041456907579179e-16,5.048161410437537825e-31
1.674000000000000199e+01,-7.090369089671477145e-16,5.027333382776872848e-31
1.675000000000000000e+01,-7.167265540345067699e-16,5.136969532581787913e-31
1.676000000000000156e+01,-7.046034345742952789e-16,4.964660000138932063e-31
1.676999999999999957e+01,-6.998638071479120526e-16,4.898093485555698664e-31
1.678000000000000114e+01,-6.708380665649507676e-16,4.500237115526012980e-31
1.678999999999999915e+01,-6.526060789588562339e-16,4.258946942940528905e-31
1.680000000000000071e+01,-6.158325715405807805e-16,3.792497561702845530e-31
1.680999999999999872e+01,-5.979810787642386524e-16,3.575813705600425824e-31
1.682000000000000028e+01,-5.688083441751118858e-16,3.235429324032325497e-31
1.683000000000000185e+01,-5.213745610959129795e-16,2.718314329579558983e-31
1.683999999999999986e+01,-4.986945686549772564e-16,2.486962728059738448e-31
1.685000000000000142e+01,-4.549569245170146477e-16,2.069858031659805809e-31
1.685999999999999943e+01,-4.013867330356051452e-16,1.611113094569961549e-31
1.687000000000000099e+01,-3.402331714637080197e-16,1.157586109642529438e-31
1.687999999999999901e+01,-3.026214602930339285e-16,9.157974822988831593e-32
1.689000000000000057e+01,-2.458488269807507541e-16,6.044164572781111640e-32
1.689999999999999858e+01,-1.907146699613290711e-16,3.637208533845867380e-32
1.691000000000000014e+01,-1.238564737605038051e-16,1.534042609238636675e-32
1.692000000000000171e+01,-7.507968078876737605e-17,5.636958467343204894e-33
1.692999999999999972e+01,-1.784554754462722365e-17,3.184635671675507342e-34
1.694000000000000128e+01,2.664171322520802367e-17,7.097808835742241008e-34
1.694999999999999929e+01,7.172792177059633090e-17,5.144894761528787333e-33
1.696000000000000085e+01,1.382828372345629808e-16,1.912214307364063736e-32
1.696999999999999886e+01,1.995299174069343813e-16,3.981218794041805567e-32
1.698000000000000043e+01,2.583835296582254461e-16,6.676204839864306451e-32
1.699000000000000199e+01,2.986835415554496614e-16,8.921185799610602547e-32
1.700000000000000000e+01,3.560210035603892760e-16,1.267509549761467172e-31
1.701000000000000156e+01,4.031447475576185114e-16,1.625256874832959600e-31
1.701999999999999957e+01,4.429632273656799774e-16,1.962164207982190839e-31
1.703000000000000114e+01,4.859071038703490832e-16,2.361057135916702106e-31
1.703999999999999915e+01,5.279041362249592908e-16,2.786827770434203844e-31
1.705000000000000071e+01,5.662138154869776299e-16,3.205980848483211642e-31
1.705999999999999872e+01,5.924328153453176791e-16,3.509766406979792807e-31
1.707000000000000028e+01,6.174380164217120365e-16,3.812297041227783246e-31
1.708000000000000185e+01,6.427311229998373451e-16,4.131032964726320055e-31
1.708999999999999986e+01,6.581935407794214014e-16,4.332187371237518714e-31
1.710000000000000142e+01,6.694235449332068434e-16,4.481278825109411656e-31
1.710999999999999943e+01,6.882124201764522624e-16,4.736363352851296810e-31
1.712000000000000099e+01,7.026543278442668850e-16,4.937231044382784827e-31
1.712999999999999901e+01,6.846440139578149385e-16,4.687374258482687269e-31
1.714000000000000057e+01,6.902128903293247762e-16,4.763938339767604722e-31
1.715000000000000213e+01,7.053623967302668514e-16,4.975361107210663939e-31
1.716000000000000014e+01,6.653178502782405343e-16,4.426478418988592466e-31
1.717000000000000171e+01,6.643899294944926536e-16,4.414139784136968780e-31
1.717999999999999972e+01,6.363326597659456028e-16,4.049192538848026574e-31
1.719000000000000128e+01,6.162759189798660537e-16,3.797960083144784165e-31
1.719999999999999929e+01,5.708253722735063920e-16,3.258416056311871663e-31
1.721000000000000085e+01,5.547175325358166711e-16,3.077115409026248208e-31
1.721999999999999886e+01,5.089047385315044430e-16,2.589840328998189057e-31
1.723000000000000043e+01,4.872983092114598246e-16,2.374596421603475217e-31
1.724000000000000199e+01,4.312594632196095464e-16,1.859847246164657590e-31
1.725000000000000000e+01,3.872842632509933391e-16,1.499891005618647069e-31
1.726000000000000156e+01,3.382612553189297774e-16,1.144206768499381983e-31
1.726999999999999957e+01,3.007010765297275020e-16,9.042113742613703125e-32
1.728000000000000114e+01,2.343091216622511810e-16,5.490076449413562772e-32
1.728999999999999915e+01,1.870189534166622352e-16,3.497608893706367987e-32
1.730000000000000071e+01,1.475664379963644213e-16,2.177585362293486537e-32
1.730999999999999872e+01,8.144008609175258675e-17,6.632487622632072694e-33
1.732000000000000028e+01,1.506097207998727411e-17,2.268328799941562009e-34
1.733000000000000185e+01,-3.511298202448905958e-17,1.232921506652091882e-33
1.733999999999999986e+01,-9.672813856747132832e-17,9.356332790727934146e-33
1.735000000000000142e+01,-1.430180717366240418e-16,2.045416884326214124e-32
1.735999999999999943e+01,-1.963529038495410530e-16,3.855446285014711601e-32
1.737000000000000099e+01,-2.510961750836020255e-16,6.304928914161492262e-32
1.737999999999999901e+01,-2.967792088617819423e-16,8.807789881262519465e-32
1.739000000000000057e+01,-3.456156864687803869e-16,1.194502027332863120e-31
1.740000000000000213e+01,-3.791668149381045315e-16,1.437674735503068037e-31
1.741000000000000014e+01,-4.340026755001869830e-16,1.883583223413205999e-31
1.742000000000000171e+01,-4.727638122156238463e-16,2.235056221406496484e-31
1.742999999999999972e+01,-5.198870493369696980e-16,2.702825440683007633e-31
1.744000000000000128e+01,-5.310227745764559374e-16,2.819851871188775293e-31
1.744999999999999929e+01,-5.918269297061115019e-16,3.502591147253626489e-31
1.746000000000000085e+01,-6.082260541180877694e-16,3.699389329080590168e-31
1.746999999999999886e+01,-6.232458002928976321e-16,3.884353275827344479e-31
1.748000000000000043e+01,-6.479630958675610381e-16,4.198561736062740893e-31
1.749000000000000199e+01,-6.646845933413346967e-16,4.418056086253354685e-31
1.750000000000000000e+01,-6.781418101264684847e-16,4.598763146416032331e-31
1.751000000000000156e+01,-6.770780466059882807e-16,4.584346811957808421e-31
1.751999999999999957e+01,-6.939691785420494257e-16,4.815932207663268774e-31
1.753000000000000114e+01,-6.783425329762668157e-16,4.601485920446576415e-31
1.753999999999999915e+01,-6.820183968821699366e-16,4.651490936857250852e-31
1.755000000000000071e+01,-6.684800799557034418e-16,4.468656172975836572e-31
1.755999999999999872e+01,-6.606657434210455174e-16,4.364792245300827774e-31
1.757000000000000028e+01,-6.329541630449288433e-16,4.006309725159064095e-31
1.758000000000000185e+01,-6.083757514622976681e-16,3.701210549673153783e-31
1.758999999999999986e+01,-5.744698098746430792e-16,3.300155624574085861e-31
1.760000000000000142e+01,-5.515319865677205807e-16,3.041875322073363219e-31
1.760999999999999943e+01,-5.321406048578244812e-16,2.831736233384513121e-31
1.762000000000000099e+01,-4.790108885190280402e-16,2.294514313197886974e-31
1.762999999999999901e+01,-4.442466371022694313e-16,1.973550745766754566e-31
1.764000000000000057e+01,-3.937153355000460278e-16,1.550117654079138021e-31
1.765000000000000213e+01,-3.510024254395472234e-16,1.232027026644449049e-31
1.766000000000000014e+01,-3.061550610343493220e-16,9.373092139694616065e-32
1.767000000000000171e+01,-2.503500537833415076e-16,6.267514942932198587e-32
1.767999999999999972e+01,-1.967121943715075352e-16,3.869568741445376028e-32
1.769000000000000128e+01,-1.406034839870716799e-16,1.976933970930272164e-32
1.769999999999999929e+01,-8.771119675995796707e-17,7.693254037064060975e-33
1.771000000000000085e+01,-3.607348014365512269e-17,1.301295969674680471e-33
1.771999999999999886e+01,2.154989153922489125e-17,4.643978253523565190e-34
1.773000000000000043e+01,7.453318410722464780e-17,5.555195533161444955e-33
1.774000000000000199e+01,1.228874960302062367e-16,1.510133668057395383e-32
1.775000000000000000e+01,1.787318706414859413e-16,3.194508158300486343e-32
1.776000000000000156e+01,2.164130238081760986e-16,4.683459687379819419e-32
1.776999999999999957e+01,2.805380607667766191e-16,7.870160353878365018e-32
1.778000000000000114e+01,3.301860466629850715e-16,1.090228254109309608e-31
1.778999999999999915e+01,3.836580731816564912e-16,1.471935171174612948e-31
1.780000000000000071e+01,4.184665917588924899e-16,1.751142884183035827e-31
1.780999999999999872e+01,4.484442452507460165e-16,2.011022410985112304e-31
1.782000000000000028e+01,4.887003279047483326e-16,2.388280104942085579e-31
1.783000000000000185e+01,5.363841697530562538e-16,2.877079775616754582e-31
1.783999999999999986e+01,5.601887508204716123e-16,3.138114365458004560e-31
1.785000000000000142e+01,5.788515829273960030e-16,3.350691550575520175e-31
1.785999999999999943e+01,6.012855716062892873e-16,3.615443386219020344e-31
1.787000000000000099e+01,6.254023882178354487e-16,3.911281471885721622e-31
1.787999999999999901e+01,6.463934702155183811e-16,4.178245183372602733e-31
1.789000000000000057e+01,6.634532228621003438e-16,4.401701789261077942e-31
1.790000000000000213e+01,6.682083944822389924e-16,4.465024584565315608e-31
1.791000000000000014e+01,6.744064727835880915e-16,4.548240905324005170e-31
1.792000000000000171e+01,6.719890127373634934e-16,4.515692332397365074e-31
1.792999999999999972e+01,6.563502021503809576e-16,4.307955878628459523e-31
1.794000000000000128e+01,6.634457886824781724e-16,4.401603145205155124e-31
1.794999999999999929e+01,6.481455711855595297e-16,4.200926814474552120e-31
1.796000000000000085e+01,6.012636069846783623e-16,3.615179250842257439e-31
1.796999999999999886e+01,5.881051090534531936e-16,3.458676192947740718e-31
1.798000000000000043e+01,5.801221518082744516e-16,3.365417110186626098e-31
1.799000000000000199e+01,5.371755719655608302e-16,2.885575951165274170e-31
1.800000000000000000e+01,5.082633715804652559e-16,2.583316548903421020e-31
1.801000000000000156e+01,4.762024582081288590e-16,2.267687812034646914e-31
1.801999999999999957e+01,4.205461345495642746e-16,1.768590512845802251e-31
1.803000000000000114e+01,3.944913624774229764e-16,1.556234350692935195e-31
1.803999999999999915e+01,3.486224742086890219e-16,1.215376295233880492e-31
1.805000000000000071e+01,3.014181369460105127e-16,9.085289328000394466e-32
1.805999999999999872e+01,2.464417028056180821e-16,6.073351288173258978e-32
1.807000000000000028e+01,1.967604320597377024e-16,3.871466762433465787e-32
1.808000000000000185e+01,1.456234137769359409e-16,2.120617864004869507e-32
1.808999999999999986e+01,8.560795752174053587e-17,7.328722391044131533e-33
1.810000000000000142e+01,3.529478150797645933e-17,1.245721601695797031e-33
1.810999999999999943e+01,-6.901622027409918529e-18,4.763238660922979599e-35
1.812000000000000099e+01,-7.463172922687523142e-17,5.569895007393622569e-33
1.812999999999999901e+01,-1.153615718731625487e-16,1.330829226504684870e-32
1.814000000000000057e+01,-1.559292142367845387e-16,2.431391985250105126e-32
1.815000000000000213e+01,-2.338225208142551867e-16,5.467297123993279952e-32
1.816000000000000014e+01,-2.753789090676245875e-16,7.583354355927504934e-32
1.817000000000000171e+01,-3.151612317293419146e-16,9.932660198515596295e-32
1.817999999999999972e+01,-3.779401753004479330e-16,1.428387761061333167e-31
1.819000000000000128e+01,-4.035678199615705585e-16,1.628669853085346187e-31
1.819999999999999929e+01,-4.535214520154264672e-16,2.056817074381807557e-31
1.821000000000000085e+01,-4.907146526650984218e-16,2.408008703402281863e-31
1.821999999999999886e+01,-5.098529343505855004e-16,2.599500146659024382e-31
1.823000000000000043e+01,-5.494656225500153905e-16,3.019124703642759741e-31
1.824000000000000199e+01,-5.768301619046792329e-16,3.327330356829784512e-31
1.825000000000000000e+01,-5.953683025443045573e-16,3.544634156744865482e-31
1.826000000000000156e+01,-6.246981686572633941e-16,3.902478019237386920e-31
1.826999999999999957e+01,-6.424786988099395023e-16,4.127788784245129276e-31
1.828000000000000114e+01,-6.710813669889486908e-16,4.503502011197560063e-31
1.828999999999999915e+01,-6.485686435895116262e-16,4.206412854475389323e-31
1.830000000000000071e+01,-6.687348695663902111e-16,4.472063257739769044e-31
1.830999999999999872e+01,-6.565914750708456420e-16,4.311123651357089327e-31
1.832000000000000028e+01,-6.519444369724838700e-16,4.250315488993689879e-31
1.833000000000000185e+01,-6.377089967478120015e-16,4.066727645331009010e-31
1.833999999999999986e+01,-6.184007426827818475e-16,3.824194785506161746e-31
1.835000000000000142e+01,-6.115792070449380086e-16,3.740291264897151467e-31
1.835999999999999943e+01,-5.926947012183710307e-16,3.512870088523340926e-31
1.837000000000000099e+01,-5.715785898361335415e-16,3.267020843590629785e-31
1.837999999999999901e+01,-5.183322920441713838e-16,2.686683649757641633e-31
1.839000000000000057e+01,-5.006585437442499930e-16,2.506589774241130849e-31
1.840000000000000213e+01,-4.773385360212973406e-16,2.278520779709553993e-31
1.841000000000000014e+01,-4.323710420317503820e-16,1.869447179876216637e-31
1.842000000000000171e+01,-3.804025783416610498e-16,1.447061216089835704e-31
1.842999999999999972e+01,-3.384491373130171030e-16,1.145478185479254996e-31
1.844000000000000128e+01,-3.115445033431605755e-16,9.705997756333659596e-32
1.844999999999999929e+01,-2.380344904460927804e-16,5.666041864193103612e-32
1.846000000000000085e+01,-2.169819919872130862e-16,4.708118484673900543e-32
1.846999999999999886e+01,-1.567458757641417133e-16,2.456926956906774987e-32
1.848000000000000043e+01,-9.584004978022168652e-17,9.185315141875371307e-33
1.849000000000000199e+01,-7.077689061454286585e-17,5.009368245062966309e-33
1.850000000000000000e+01,3.265104361950236162e-18,1.066090649442645866e-35
1.851000000000000156e+01,6.313105335139202098e-17,3.985529897256305657e-33
1.851999999999999957e+01,1.159682178261936781e-16,1.344862754578350561e-32
1.853000000000000114e+01,1.506813592580499083e-16,2.270487202785350256e-32
1.853999999999999915e+01,2.034444353745716176e-16,4.138963828487824808e-32
1.855000000000000071e+01,2.433369190615991588e-16,5.921285617839125903e-32
1.855999999999999872e+01,2.936933484840739872e-16,8.625578294378772955e-32
1.857000000000000028e+01,3.443694476303017898e-16,1.185903164611991675e-31
1.858000000000000185e+01,3.828180108843523105e-16,1.465496294574520740e-31
1.858999999999999986e+01,4.223070213682498030e-16,1.783432202969233923e-31
1.860000000000000142e+01,4.784337258465438798e-16,2.288988300274058942e-31
1.860999999999999943e+01,4.864251310231114618e-16,2.366094080908511554e-31
1.862000000000000099e+01,5.256255601707669235e-16,2.762822295048325204e-31
1.862999999999999901e+01,5.522879074683921472e-16,3.050219327358152965e-31
1.864000000000000057e+01,5.949918627216188264e-16,3.540153167049416932e-31
1.865000000000000213e+01,5.897108918518400386e-16,3.477589359686925792e-31
1.866000000000000014e+01,6.179651673403743348e-16,3.818809480460168762e-31
1.867000000000000171e+01,6.276323041872282117e-16,3.939223092593693635e-31
1.867999999999999972e+01,6.362461529485240620e-16,4.048091671417967117e-31
1.869000000000000128e+01,6.521897649000151306e-16,4.253514894403370407e-31
1.869999999999999929e+01,6.484307733492460641e-16,4.204624678263013553e-31
1.871000000000000085e+01,6.454726456941370827e-16,4.166349363393890497e-31
1.871999999999999886e+01,6.432011659023112977e-16,4.137077398180926140e-31
1.873000000000000043e+01,6.158940724810913902e-16,3.793255085173438463e-31
1.874000000000000199e+01,6.009473164334809834e-16,3.611376771286023218e-31
1.875000000000000000e+01,5.829613325894288883e-16,3.398439152944427340e-31
1.876000000000000156e+01,5.556461291540756313e-16,3.087426208439076923e-31
1.876999999999999957e+01,5.380771352033757192e-16,2.895270034286718528e-31
1.878000000000000114e+01,5.043644822858972899e-16,2.543835309915212112e-31
1.878999999999999915e+01,4.599871607831733410e-16,2.115881880853649616e-31
1.880000000000000071e+01,4.182023404650502119e-16,1.748931975704457692e-31
1.880999999999999872e+01,3.891583523502890384e-16,1.514442232039917124e-31
1.882000000000000028e+01,3.480554490538714498e-16,1.211425956160921095e-31
1.883000000000000185e+01,3.068342747180103963e-16,9.414727214172746965e-32
1.883999999999999986e+01,2.634511057811226921e-16,6.940648513729629954e-32
1.885000000000000142e+01,2.140057012796181135e-16,4.579844018018114235e-32
1.885999999999999943e+01,1.466094563286389594e-16,2.149433268497909359e-32
1.887000000000000099e+01,9.474659178090984431e-17,8.976916654098372442e-33
1.887999999999999901e+01,5.288067132145408239e-17,2.796365399407656311e-33
1.889000000000000057e+01,-7.468647182227478323e-18,5.578069073259445298e-35
1.890000000000000213e+01,-5.397349572591176282e-17,2.913138240875015219e-33
1.891000000000000014e+01,-8.882357812558076516e-17,7.889628031031150368e-33
1.892000000000000171e+01,-1.433600439992434561e-16,2.055210221546501997e-32
1.892999999999999972e+01,-2.033450877014391208e-16,4.134922469230597029e-32
1.894000000000000128e+01,-2.457719508051124673e-16,6.040385180255062086e-32
1.894999999999999929e+01,-2.749416441389392772e-16,7.559290768182312631e-32
1.896000000000000085e+01,-3.530539210980081202e-16,1.246470712026785369e-31
1.896999999999999886e+01,-3.747177963514966735e-16,1.404134269025217296e-31
1.898000000000000043e+01,-4.186112203442690945e-16,1.752353537981182118e-31
1.899000000000000199e+01,-4.415118727530807855e-16,1.949327337819326093e-31
1.900000000000000000e+01,-4.880538921948759006e-16,2.381966016865675323e-31
1.901000000000000156e+01,-5.178784691699640318e-16,2.681981088298253717e-31
1.901999999999999957e+01,-5.538234034776239534e-16,3.067203622395390372e-31
1.903000000000000114e+01,-5.723960116773157176e-16,3.276371941840977578e-31
1.903999999999999915e+01,-5.941842404808476495e-16,3.530549116358017705e-31
1.905000000000000071e+01,-6.111598517307969979e-16,3.735163643676097511e-31
1.905999999999999872e+01,-6.103414161378481530e-16,3.725166442531539274e-31
1.907000000000000028e+01,-6.383033932003293325e-16,4.074312217710542132e-31
1.908000000000000185e+01,-6.337012980969560792e-16,4.015773352097671581e-31
1.908999999999999986e+01,-6.293168217061588370e-16,3.960396620823412845e-31
1.910000000000000142e+01,-6.158717699422248761e-16,3.792980370117687694e-31
1.910999999999999943e+01,-6.136617910909097007e-16,3.765807938449033187e-31
1.912000000000000099e+01,-6.044809171747963769e-16,3.653971792284830339e-31
1.912999999999999901e+01,-5.888410928360471725e-16,3.467338326123503199e-31
1.914000000000000057e+01,-5.849553823144458009e-16,3.421727992986394378e-31
1.915000000000000213e+01,-5.650601659765204872e-16,3.192929911734128735e-31
1.916000000000000014e+01,-5.264656224680712028e-16,2.771660516406936934e-31
1.917000000000000171e+01,-4.972601099051557446e-16,2.472676169028875771e-31
1.917999999999999972e+01,-4.733362440465302524e-16,2.240471999280764403e-31
1.919000000000000128e+01,-4.206498751470189860e-16,1.769463174612026707e-31
1.919999999999999929e+01,-3.671011414113370740e-16,1.347632480255065003e-31
1.921000000000000085e+01,-3.557658760324469669e-16,1.265693585491344269e-31
1.921999999999999886e+01,-3.067884869298830034e-16,9.411917571272699580e-32
1.923000000000000043e+01,-2.537902204034965726e-16,6.440947597245537156e-32
1.924000000000000199e+01,-2.203794965538546125e-16,4.856712250133041858e-32
1.925000000000000000e+01,-1.639288983861132156e-16,2.687268372608463287e-32
1.926000000000000156e+01,-1.202993032906136109e-16,1.447192237220703890e-32
1.926999999999999957e+01,-5.540436410489305335e-17,3.069643561867561896e-33
1.928000000000000114e+01,-1.004946910168334028e-17,1.009918292256881656e-34
1.928999999999999915e+01,3.982840612744334812e-17,1.586301934652566907e-33
1.930000000000000071e+01,7.939281439898608535e-17,6.303218978191851622e-33
1.930999999999999872e+01,1.329923202023148116e-16,1.768695723279503260e-32
1.932000000000000028e+01,1.796908798127447159e-16,3.228881228787826653e-32
1.933000000000000185e+01,2.320812331963917061e-16,5.386169880195794723e-32
1.933999999999999986e+01,2.702694312050388289e-16,7.304556544389521558e-32
1.935000000000000142e+01,3.443865124517071659e-16,1.186020699586498547e-31
1.935999999999999943e+01,3.578879963973183930e-16,1.280838179652869912e-31
1.937000000000000099e+01,4.017400255262855864e-16,1.613950481098606033e-31
1.937999999999999901e+01,4.410661598930066844e-16,1.945393574027633326e-31
1.939000000000000057e+01,4.580992170763999677e-16,2.098548926860106388e-31
1.940000000000000213e+01,4.857087464413395801e-16,2.359129863696174898e-31
1.941000000000000014e+01,5.198464992663033446e-16,2.702403827994307287e-31
1.942000000000000171e+01,5.485640593122006001e-16,3.009225271690795497e-31
1.942999999999999972e+01,5.714586292104123282e-16,3.265649648990435090e-31
1.944000000000000128e+01,5.853551384277647146e-16,3.426406380837875921e-31
1.944999999999999929e+01,6.197152408068821460e-16,3.840469796883319219e-31
1.946000000000000085e+01,6.078195396596577639e-16,3.694445927920782822e-31
1.946999999999999886e+01,6.191688286046533397e-16,3.833700383156585678e-31
1.948000000000000043e+01,6.117194427059923986e-16,3.742006765845299208e-31
1.949000000000000199e+01,6.100271530901841114e-16,3.721331275073149262e-31
1.950000000000000000e+01,6.018279288014515175e-16,3.621968558854449969e-31
1.951000000000000156e+01,6.035215700862819639e-16,3.642382855594109419e-31
1.951999999999999957e+01,5.760630897345744094e-16,3.318486833545443249e-31
1.953000000000000114e+01,5.721175678587402750e-16,3.273185114526002856e-31
1.953999999999999915e+01,5.402756248680020484e-16,2.918977508265100674e-31
1.955000000000000071e+01,5.137308727753092101e-16,2.639194096424809527e-31
1.955999999999999872e+01,4.823147055265674969e-16,2.326274751671795121e-31
1.957000000000000028e+01,4.649856328273100114e-16,2.162116387358139495e-31
1.958000000000000185e+01,4.358909571242158961e-16,1.900009265026650196e-31
1.958999999999999986e+01,3.888359792884916965e-16,1.511934187892403329e-31
1.960000000000000142e+01,3.546211813292618999e-16,1.257561822473612462e-31
1.960999999999999943e+01,3.211329054694706228e-16,1.031263429752639656e-31
1.962000000000000099e+01,2.669215159956496784e-16,7.124709570141587198e-32
1.962999999999999901e+01,2.119727910702126205e-16,4.493246415409601111e-32
1.964000000000000057e+01,1.629268047647714405e-16,2.654514371085795129e-32
1.965000000000000213e+01,1.174330046497010824e-16,1.379051058105671612e-32
1.966000000000000014e+01,6.226666101168801342e-17,3.877137073544468447e-33
1.967000000000000171e+01,9.100787526547392062e-18,8.282433360336059878e-35
1.967999999999999972e+01,-2.284590981341215145e-17,5.219355952025616776e-34
1.969000000000000128e+01,-7.016040810140088399e-17,4.922482864955118798e-33
1.969999999999999929e+01,-1.193963039044627147e-16,1.425547738604681764e-32
1.971000000000000085e+01,-1.708056834952400053e-16,2.917458151427610193e-32
1.971999999999999886e+01,-2.230517462107659800e-16,4.975208148767195876e-32
1.973000000000000043e+01,-2.684502536597704421e-16,7.206553868999509232e-32
1.974000000000000199e+01,-2.999515760569114382e-16,8.997094797902513110e-32
1.975000000000000000e+01,-3.538507299866015799e-16,1.252103391120508238e-31
1.976000000000000156e+01,-3.911230032740729039e-16,1.529772036901304332e-31
1.976999999999999957e+01,-4.175765177077664964e-16,1.743701481409446175e-31
1.978000000000000114e+01,-4.607366612559894048e-16,2.122782710253163135e-31
1.978999999999999915e+01,-4.841820362807522030e-16,2.344322442569756425e-31
1.980000000000000071e+01,-5.385285926567941447e-16,2.900130451089073211e-31
1.980999999999999872e+01,-5.513572833465998495e-16,3.039948538993427947e-31
1.982000000000000028e+01,-5.570518649371752250e-16,3.103067802299848980e-31
1.983000000000000185e+01,-5.904590406556338446e-16,3.486418786919714692e-31
1.983999999999999986e+01,-5.949952418941743230e-16,3.540193378767069941e-31
1.985000000000000142e+01,-5.997389243276242241e-16,3.596867773536557700e-31
1.985999999999999943e+01,-5.988826420020534428e-16,3.586604188913596932e-31
1.987000000000000099e+01,-6.122266565065771093e-16,3.748214789372223405e-31
1.987999999999999901e+01,-6.157230863497816461e-16,3.791149190641006493e-31
1.989000000000000057e+01,-6.079597753207121539e-16,3.696150884080108140e-31
1.990000000000000213e+01,-6.014204005912548433e-16,3.617064982473454569e-31
1.991000000000000014e+01,-5.707074391513185161e-16,3.257069811026559456e-31
1.992000000000000171e+01,-5.456971693160908153e-16,2.977854005995943075e-31
1.992999999999999972e+01,-5.423886214669736042e-16,2.941854166968439811e-31
1.994000000000000128e+01,-5.210363059231046755e-16,2.714788320899951303e-31
1.994999999999999929e+01,-4.817591695584387710e-16,2.320918974536365421e-31
1.996000000000000085e+01,-4.555421972036320592e-16,2.075186934331128106e-31
1.996999999999999886e+01,-4.302146230654403600e-16,1.850846218993389348e-31
1.998000000000000043e+01,-3.858645039017883755e-16,1.488914153713732475e-31
1.999000000000000199e+01,-3.427526825211094823e-16,1.174794013754164733e-31
2.000000000000000000e+01,-3.071759090633742461e-16,9.435703910891036820e-32
2.001000000000000156e+01,-2.646383780585073512e-16,7.003347114143746390e-32
2.001999999999999957e+01,-2.105662949732880746e-16,4.433816457877776291e-32
2.003000000000000114e+01,-1.711607500515120921e-16,2.929600235819619772e-32
2.003999999999999915e+01,-1.248553571679178289e-16,1.558886021352833056e-32
2.005000000000000071e+01,-6.678364320631893241e-17,4.460054999908908611e-33
2.005999999999999872e+01,-2.281830619759918423e-17,5.206750977273933363e-34
2.007000000000000028e+01,1.724645193027485891e-17,2.974401041832814085e-34
2.008000000000000185e+01,7.637183413434426115e-17,5.832657049043790952e-33
2.008999999999999986e+01,1.197228164526405794e-16,1.433355277935266627e-32
2.010000000000000142e+01,1.606134232332571428e-16,2.579667172270538760e-32
2.010999999999999943e+01,2.086525850757788180e-16,4.353590125880511978e-32
2.012000000000000099e+01,2.517865400366963568e-16,6.339646174365089254e-32
2.012999999999999901e+01,2.945198940911560830e-16,8.674196801546580112e-32
2.014000000000000057e+01,3.335567712871240212e-16,1.112601196714907530e-31
2.015000000000000213e+01,3.616941274052371101e-16,1.308226417994359031e-31
2.016000000000000014e+01,4.128216840048833875e-16,1.704217427846277999e-31
2.017000000000000171e+01,4.457419209580904732e-16,1.986858600994085572e-31
2.017999999999999972e+01,4.677609472471650106e-16,2.188003037695651086e-31
2.019000000000000128e+01,5.012157692986565659e-16,2.512172473936441138e-31
2.019999999999999929e+01,5.230965874302099521e-16,2.736300397811312731e-31
2.021000000000000085e+01,5.455532165652253396e-16,2.976283121046636467e-31
2.021999999999999886e+01,5.544755837808408085e-16,3.074431730091042278e-31
2.023000000000000043e+01,5.720043655781300549e-16,3.271889942404390636e-31
2.024000000000000199e+01,5.834252929813028287e-16,3.403850724903190418e-31
2.025000000000000000e+01,6.008581062780150256e-16,3.610304638800023992e-31
2.026000000000000156e+01,5.924196365723510847e-16,3.509610257965165594e-31
2.026999999999999957e+01,5.871119702393836176e-16,3.447004655983708803e-31
2.028000000000000114e+01,5.808966581580013478e-16,3.374409274591338719e-31
2.028999999999999915e+01,5.778628370376484936e-16,3.339254584291999143e-31
2.030000000000000071e+01,5.715262126615228514e-16,3.266422117592242553e-31
2.030999999999999872e+01,5.408798209209303788e-16,2.925509806794577178e-31
2.032000000000000028e+01,5.264994141936264644e-16,2.772016331462318319e-31
2.033000000000000185e+01,4.949636242364190285e-16,2.449889893172510135e-31
2.033999999999999986e+01,4.698529929762922115e-16,2.207618350087796998e-31
2.035000000000000142e+01,4.393796148705427710e-16,1.930544459637864973e-31
2.035999999999999943e+01,4.163221688551545990e-16,1.733241482802598472e-31
2.037000000000000099e+01,3.882534099399187021e-16,1.507407103299745692e-31
2.037999999999999901e+01,3.370393465228509332e-16,1.135955211045503924e-31
2.039000000000000057e+01,3.017229383105190948e-16,9.103673150273331366e-32
2.040000000000000213e+01,2.566974915116448670e-16,6.589360214837098452e-32
2.041000000000000014e+01,2.155716098418496848e-16,4.647111896980666544e-32
2.042000000000000171e+01,1.735597091279951344e-16,3.012297263259427499e-32
2.042999999999999972e+01,1.329238074787514923e-16,1.766873859464819117e-32
2.044000000000000128e+01,7.610775179912976532e-17,5.792389883917940000e-33
2.044999999999999929e+01,3.023210518528474993e-17,9.139801839341210673e-34
2.046000000000000085e+01,-9.129848410524930126e-18,8.335413199916459628e-35
2.046999999999999886e+01,-6.033512597894834226e-17,3.640327426895567022e-33
2.048000000000000043e+01,-1.149817528779212226e-16,1.322080349487934617e-32
2.049000000000000199e+01,-1.390495714874122152e-16,1.933478333083296011e-32
2.050000000000000000e+01,-1.926439240525937747e-16,3.711168147438151949e-32
2.051000000000000156e+01,-2.490943532617074017e-16,6.204799682686827725e-32
2.051999999999999957e+01,-2.699776396548689973e-16,7.288792591361428945e-32
2.053000000000000114e+01,-3.158627479518695030e-16,9.976927554370623505e-32
2.053999999999999915e+01,-3.573103268489508982e-16,1.276706696729041316e-31
2.055000000000000071e+01,-3.951509769602620028e-16,1.561442945926495225e-31
2.055999999999999872e+01,-4.334255128277028225e-16,1.878576751699571932e-31
2.057000000000000028e+01,-4.716763944872549690e-16,2.224786211164965798e-31
2.058000000000000185e+01,-4.853262241080538370e-16,2.355415438069808907e-31
2.058999999999999986e+01,-4.976304672172415619e-16,2.476360819028501176e-31
2.060000000000000142e+01,-5.246293801013973413e-16,2.752359864655764658e-31
2.060999999999999943e+01,-5.438284868928839500e-16,2.957494231562036552e-31
2.062000000000000099e+01,-5.615836732513935381e-16,3.153762220625279367e-31
2.062999999999999901e+01,-5.759103511350646032e-16,3.316727325445134051e-31
2.064000000000000057e+01,-5.779074421153815218e-16,3.339770116523430266e-31
2.065000000000000213e+01,-5.832144326138379094e-16,3.401390744090808868e-31
2.066000000000000014e+01,-5.845343374140270419e-16,3.416803916160556236e-31
2.067000000000000171e+01,-5.747539982865629448e-16,3.303421585463903847e-31
2.067999999999999972e+01,-5.773218315115085213e-16,3.333004971398026322e-31
2.069000000000000128e+01,-5.616046241212377944e-16,3.153997538343567802e-31
2.069999999999999929e+01,-5.563246670032256753e-16,3.094971351162499388e-31
2.071000000000000085e+01,-5.276780695809945382e-16,2.784441451167249317e-31
2.071999999999999886e+01,-5.161773937055113155e-16,2.664391017726144331e-31
2.073000000000000043e+01,-4.701240026152455813e-16,2.210165778349794140e-31
2.074000000000000199e+01,-4.519173588033174691e-16,2.042292991877663924e-31
2.075000000000000000e+01,-4.153677215668457842e-16,1.725303441196327347e-31
2.076000000000000156e+01,-3.820291430512643565e-16,1.459462661404834120e-31
2.076999999999999957e+01,-3.493822811577994193e-16,1.220679783870276033e-31
2.078000000000000114e+01,-3.067454024798000276e-16,9.409274194249450376e-32
2.078999999999999915e+01,-2.627005915565399596e-16,6.901160080415603661e-32
2.080000000000000071e+01,-2.221272890788874685e-16,4.934053255353564123e-32
2.080999999999999872e+01,-1.771188226221047688e-16,3.137107732704060937e-32
2.082000000000000028e+01,-1.290791116640428229e-16,1.666141706797843598e-32
2.083000000000000185e+01,-9.308232817748393984e-17,8.664319818940820856e-33
2.083999999999999986e+01,-4.498968036935681152e-17,2.024071339736889660e-33
2.085000000000000142e+01,8.150184047020485745e-18,6.642550000030722816e-35
2.085999999999999943e+01,4.643692717531817676e-17,2.156388205485803948e-33
2.087000000000000099e+01,9.712155873224864892e-17,9.432597170581624241e-33
2.087999999999999901e+01,1.391270390182477089e-16,1.935633298598502010e-32
2.089000000000000057e+01,1.846880001878591778e-16,3.410965741339067335e-32
2.090000000000000213e+01,2.185603190085862257e-16,4.776861304513497616e-32
2.091000000000000014e+01,2.615974606757879148e-16,6.843323143202040493e-32
2.092000000000000171e+01,3.005250216395845130e-16,9.031528863147274288e-32
2.092999999999999972e+01,3.481718615484093720e-16,1.212236451740847349e-31
2.094000000000000128e+01,3.774910832678183353e-16,1.424995179467109455e-31
2.094999999999999929e+01,4.098050966645637040e-16,1.679402172522523997e-31
2.096000000000000085e+01,4.514902313922987965e-16,2.038434290426714907e-31
2.096999999999999886e+01,4.707004894532185635e-16,2.215589507714995359e-31
2.098000000000000043e+01,4.862146085729021316e-16,2.364046455897004383e-31
2.099000000000000199e+01,5.112748901619515960e-16,2.614020133101156581e-31
2.100000000000000000e+01,5.396930555194290540e-16,2.912685941758975151e-31
2.101000000000000156e+01,5.442954885400578964e-16,2.962575788450603060e-31
2.101999999999999957e+01,5.661269707523005987e-16,3.204997470131762257e-31
2.103000000000000114e+01,5.632898174746794993e-16,3.172954184706577295e-31
2.103999999999999915e+01,5.624470518393309016e-16,3.163466861227549938e-31
2.105000000000000071e+01,5.759367086809976934e-16,3.317030924063004103e-31
2.105999999999999872e+01,5.728173944949900658e-16,3.281197674360290596e-31
2.107000000000000028e+01,5.723493790960494507e-16,3.275838117516333379e-31
2.108000000000000185e+01,5.531097222338964886e-16,3.059303648296581453e-31
2.108999999999999986e+01,5.334003603865252618e-16,2.845159444604750201e-31
2.110000000000000142e+01,5.229945364190329890e-16,2.735232851241592053e-31
2.110999999999999943e+01,4.983096809009026855e-16,2.483125380795594747e-31
2.112000000000000099e+01,4.758104741916877058e-16,2.263956073505187328e-31
2.112999999999999901e+01,4.465157514733062898e-16,1.993763163137714112e-31
2.114000000000000057e+01,4.188031573454230949e-16,1.753960846024952100e-31
2.115000000000000213e+01,3.818769113276377861e-16,1.458299754051365374e-31
2.116000000000000014e+01,3.378489962671553982e-16,1.141419442787243909e-31
2.117000000000000171e+01,3.053994780509332953e-16,9.326884119378248789e-32
2.117999999999999972e+01,2.650697294352204932e-16,7.026196146286099296e-32
2.119000000000000128e+01,2.233660092584300709e-16,4.989237409203706818e-32
2.119999999999999929e+01,1.824124653889667920e-16,3.327430752928100794e-32
2.121000000000000085e+01,1.600382880643063197e-16,2.561225364655389334e-32
2.121999999999999886e+01,9.888134731985362373e-17,9.777520847789523084e-33
2.123000000000000043e+01,5.156820070088709044e-17,2.659279323526971671e-33
2.124000000000000199e+01,7.048278116319823509e-18,4.967822440499291924e-35
2.125000000000000000e+01,-4.730976744641099973e-17,2.238214095833489938e-33
2.126000000000000156e+01,-8.552888488394119112e-17,7.315190149490464260e-33
2.126999999999999957e+01,-1.309368540161011620e-16,1.714445973963378615e-32
2.128000000000000114e+01,-1.755980260134894861e-16,3.083466673983412774e-32
2.128999999999999915e+01,-2.220062302220856646e-16,4.928676625742170497e-32
2.130000000000000071e+01,-2.522025161782818216e-16,6.360610916665650841e-32
2.130999999999999872e+01,-2.905730205462996416e-16,8.443268026940027280e-32
2.132000000000000028e+01,-3.290827468236052321e-16,1.082954542569690561e-31
2.133000000000000185e+01,-3.707391585846182586e-16,1.374475237080307186e-31
2.133999999999999986e+01,-4.004022111115521544e-16,1.603219306630199863e-31
2.135000000000000142e+01,-4.297739789641995531e-16,1.847056729947202500e-31
2.135999999999999943e+01,-4.697806786836039338e-16,2.206938860644275317e-31
2.137000000000000099e+01,-4.922906987449965814e-16,2.423501320708369936e-31
2.137999999999999901e+01,-4.934686782978535757e-16,2.435113364610305258e-31
2.139000000000000057e+01,-5.235646028291505672e-16,2.741198933356461614e-31
2.140000000000000213e+01,-5.403391533120459955e-16,2.919664006019787346e-31
2.141000000000000014e+01,-5.503080502681083992e-16,3.028389501898868989e-31
2.142000000000000171e+01,-5.593203034737010040e-16,3.128392018779129942e-31
2.142999999999999972e+01,-5.713092697834580185e-16,3.263942817405080058e-31
2.144000000000000128e+01,-5.714538983688345738e-16,3.265595579609383094e-31
2.144999999999999929e+01,-5.614495201009390616e-16,3.152255636215747852e-31
2.146000000000000085e+01,-5.562341051787374597e-16,3.093963797639907611e-31
2.146999999999999886e+01,-5.443188048306909806e-16,2.962829612923118522e-31
2.148000000000000043e+01,-5.361749989718690828e-16,2.874836295224838178e-31
2.149000000000000199e+01,-5.149581882474768883e-16,2.651819356431238617e-31
2.150000000000000000e+01,-4.800188956923419590e-16,2.304181402216954677e-31
2.151000000000000156e+01,-4.660764297282343852e-16,2.172272383482178261e-31
2.151999999999999957e+01,-4.532201987821011762e-16,2.054085485840873183e-31
2.153000000000000114e+01,-4.236402739000332752e-16,1.794710816700952127e-31
2.153999999999999915e+01,-3.915989597285189754e-16,1.533497452604582322e-31
2.155000000000000071e+01,-3.521905425100708060e-16,1.240381782335379956e-31
2.155999999999999872e+01,-3.070456419613586499e-16,9.427702624746284352e-32
2.157000000000000028e+01,-2.746512887371055761e-16,7.543333040495293461e-32
2.158000000000000185e+01,-2.355965864059072603e-16,5.550575152611612220e-32
2.158999999999999986e+01,-1.814644385285134798e-16,3.292934245046864801e-32
2.160000000000000142e+01,-1.563557080529490927e-16,2.444710744073904914e-32
2.160999999999999943e+01,-1.079656613801928143e-16,1.165658403726245866e-32
2.162000000000000099e+01,-6.810048035142250751e-17,4.637675424094482672e-33
2.162999999999999901e+01,-1.649840872562336905e-17,2.721974904777253380e-34
2.164000000000000057e+01,2.514408506842658814e-17,6.322250139282729027e-34
2.165000000000000213e+01,8.768175571906793441e-17,7.688090285978301979e-33
2.166000000000000014e+01,1.046318542162230050e-16,1.094782491672494431e-32
2.167000000000000171e+01,1.688680659519003836e-16,2.851642369833538009e-32
2.167999999999999972e+01,2.004920523128070100e-16,4.019706304060134182e-32
2.169000000000000128e+01,2.396434834584073275e-16,5.742899916407995141e-32
2.169999999999999929e+01,2.878191638721722823e-16,8.283987109207636756e-32
2.171000000000000085e+01,3.083821047070698734e-16,9.509952250356220879e-32
2.171999999999999886e+01,3.581083184479388211e-16,1.282415677416103578e-31
2.173000000000000043e+01,3.957308429707905803e-16,1.566029000783725153e-31
2.174000000000000199e+01,4.189758330630105381e-16,1.755407486908436696e-31
2.175000000000000000e+01,4.429395731577912548e-16,1.961954654692063105e-31
2.176000000000000156e+01,4.637113468566204772e-16,2.150282132035809911e-31
2.176999999999999957e+01,4.786986529748972374e-16,2.291524003599810857e-31
2.178000000000000114e+01,5.043026434281311897e-16,2.543211561686008260e-31
2.178999999999999915e+01,5.293929996529248300e-16,2.802569480815216836e-31
2.180000000000000071e+01,5.348645558548354590e-16,2.860800931097903863e-31
2.180999999999999872e+01,5.489050178230533211e-16,3.012967185913264937e-31
2.182000000000000028e+01,5.383109739442182322e-16,2.897787046687728048e-31
2.183000000000000185e+01,5.490956031551850637e-16,3.015059814043564666e-31
2.183999999999999986e+01,5.417945629317117636e-16,2.935413484223645951e-31
2.185000000000000142e+01,5.348692866964132134e-16,2.860851538511298895e-31
2.185999999999999943e+01,5.239221192855253792e-16,2.744943870766363009e-31
2.187000000000000099e+01,5.154346515778063435e-16,2.656728800471346148e-31
2.187999999999999901e+01,5.227316367942129688e-16,2.732483641055569963e-31
2.189000000000000057e+01,4.802040743483848677e-16,2.305959530207891613e-31
2.190000000000000213e+01,4.805156340580044923e-16,2.308952745741660827e-31
2.191000000000000014e+01,4.419842810763435659e-16,1.953501047185722833e-31
2.192000000000000171e+01,4.097388648824753892e-16,1.678859373951794249e-31
2.192999999999999972e+01,3.818917796868821288e-16,1.458413313924141091e-31
2.194000000000000128e+01,3.462097450040421782e-16,1.198611875357639160e-31
2.194999999999999929e+01,2.963507297817410612e-16,8.782375504217050642e-32
2.196000000000000085e+01,2.701689008215118689e-16,7.299123497110392039e-32
2.196999999999999886e+01,2.380282389768650230e-16,5.665744255042756611e-32
2.198000000000000043e+01,1.999165792266006471e-16,3.996663864966569493e-32
2.199000000000000199e+01,1.574552485628608854e-16,2.479215529999230474e-32
2.200000000000000000e+01,1.130468386726260426e-16,1.277958773387474018e-32
2.201000000000000156e+01,6.767401293504355412e-17,4.579772026732442224e-33
2.201999999999999957e+01,2.132460632891354675e-17,4.547388350831397101e-34
2.203000000000000114e+01,-2.651704287773752108e-17,7.031535629797701582e-34
2.203999999999999915e+01,-6.564313022917136151e-17,4.309020546283950913e-33
2.205000000000000071e+01,-1.111889696015968698e-16,1.236298696106483221e-32
2.205999999999999872e+01,-1.617765344268697943e-16,2.617164709116818978e-32
2.207000000000000028e+01,-1.943314828268243321e-16,3.776472521767232083e-32
2.208000000000000185e+01,-2.248981260951063312e-16,5.057916712109034607e-32
2.208999999999999986e+01,-2.726275867729139000e-16,7.432580106962269487e-32
2.210000000000000142e+01,-3.293118547228700400e-16,1.084462976610166518e-31
2.210999999999999943e+01,-3.380983792017533335e-16,1.143105140188526011e-31
2.212000000000000099e+01,-3.810044089738005522e-16,1.451643596574750616e-31
2.212999999999999901e+01,-3.955159275962589862e-16,1.564328489823291808e-31
2.214000000000000057e+01,-4.301213579029077767e-16,1.850043825242412903e-31
2.215000000000000213e+01,-4.460000897413327390e-16,1.989160800492768744e-31
2.216000000000000014e+01,-4.895414039538191820e-16,2.396507861850763616e-31
2.217000000000000171e+01,-4.986773348749440858e-16,2.486790843179771145e-31
2.217999999999999972e+01,-5.105213346820689560e-16,2.606320331655610699e-31
2.219000000000000128e+01,-5.196870023216824466e-16,2.700745803820963939e-31
2.219999999999999929e+01,-5.350605478630560356e-16,2.862897898795136615e-31
2.221000000000000085e+01,-5.474141268915544445e-16,2.996622263204428712e-31
2.221999999999999886e+01,-5.353008070317540513e-16,2.865469540088471791e-31
2.223000000000000043e+01,-5.377257012576008208e-16,2.891489297929785729e-31
2.224000000000000199e+01,-5.393689928713539145e-16,2.909189104710586182e-31
2.225000000000000000e+01,-5.358397850543607849e-16,2.871242752471035566e-31
2.226000000000000156e+01,-5.178558287138419286e-16,2.681746593328999840e-31
2.226999999999999957e+01,-5.090459879443255017e-16,2.591278178422143888e-31
2.228000000000000114e+01,-4.899982680833265401e-16,2.400983027246595598e-31
2.228999999999999915e+01,-4.657491568662314945e-16,2.169222771216055241e-31
2.230000000000000071e+01,-4.346671897832315091e-16,1.889355658740517920e-31
2.230999999999999872e+01,-4.140001704336236668e-16,1.713961411190694498e-31
2.232000000000000028e+01,-3.844994871479829297e-16,1.478398556170618811e-31
2.233000000000000185e+01,-3.497306738482743609e-16,1.223115442303680657e-31
2.233999999999999986e+01,-3.175494619329611617e-16,1.008376607739131446e-31
2.235000000000000142e+01,-3.003870669200050783e-16,9.023238997280361092e-32
2.235999999999999943e+01,-2.317636754554859912e-16,5.371440126063584277e-32
2.237000000000000099e+01,-1.969660547097415577e-16,3.879562670792090663e-32
2.237999999999999901e+01,-1.525949424365883559e-16,2.328521645722571430e-32
2.239000000000000057e+01,-1.215036826290606564e-16,1.476314489242349598e-32
2.240000000000000213e+01,-4.754703089943918885e-17,2.260720147352225036e-33
2.241000000000000014e+01,-3.814141758858152330e-17,1.454767735666555987e-33
2.242000000000000171e+01,1.841564563448746711e-17,3.391360041350172854e-34
2.242999999999999972e+01,5.862070278290132319e-17,3.436386794761255256e-33
2.244000000000000128e+01,9.376223881548459881e-17,8.791357427691966500e-33
2.244999999999999929e+01,1.286668103726114827e-16,1.655514809146156104e-32
2.246000000000000085e+01,1.692215274012085701e-16,2.863592533599798133e-32
2.246999999999999886e+01,2.139935362584182124e-16,4.579323356038295110e-32
2.248000000000000043e+01,2.676081638589329240e-16,7.161412936394949492e-32
2.249000000000000199e+01,2.907299831115039171e-16,8.452392308001534944e-32
2.250000000000000000e+01,3.296702159723837262e-16,1.086824512992781299e-31
2.251000000000000156e+01,3.601998573011827369e-16,1.297439371997923972e-31
2.251999999999999957e+01,3.825834963089986686e-16,1.463701316480176014e-31
2.253000000000000114e+01,4.169162273904163410e-16,1.738191406614573440e-31
2.253999999999999915e+01,4.471706351145675619e-16,1.999615769087657414e-31
2.255000000000000071e+01,4.617443305120477344e-16,2.132078267600191733e-31
2.255999999999999872e+01,4.824603478637107209e-16,2.327679872607727621e-31
2.257000000000000028e+01,4.893518323734541081e-16,2.394652158472571135e-31
2.258000000000000185e+01,5.077629161249916369e-16,2.578231789917552844e-31
2.258999999999999986e+01,5.164923325876865353e-16,2.667643296218694012e-31
2.260000000000000142e+01,5.051308786214910338e-16,2.551572045369195193e-31
2.260999999999999943e+01,5.393517590913207439e-16,2.909003200349020828e-31
2.262000000000000099e+01,5.336000694845569240e-16,2.847290341539239724e-31
2.262999999999999901e+01,5.233233299086858829e-16,2.738673076267153060e-31
2.264000000000000057e+01,5.238869758909479584e-16,2.744575635081626715e-31
2.265000000000000213e+01,5.422521028957302013e-16,2.940373430948415538e-31
2.266000000000000014e+01,4.914127897150704643e-16,2.414865298955480448e-31
2.267000000000000171e+01,4.754941836404902282e-16,2.260947186759362609e-31
2.267999999999999972e+01,4.579880422993230849e-16,2.097530468891665680e-31
2.269000000000000128e+01,4.260670266707855875e-16,1.815331112160839241e-31
2.269999999999999929e+01,3.934965340770756027e-16,1.548395223306711234e-31
2.271000000000000085e+01,3.772325765673204311e-16,1.423044168236192685e-31
2.271999999999999886e+01,3.423351857518740637e-16,1.171933794037701189e-31
2.273000000000000043e+01,3.175185425040781116e-16,1.008180248339140556e-31
2.274000000000000199e+01,2.867444180408867144e-16,8.222236127760679389e-32
2.275000000000000000e+01,2.425292968208280312e-16,5.882045981640530054e-32
2.276000000000000156e+01,2.007579931929270610e-16,4.030377183085134806e-32
2.276999999999999957e+01,1.580885054997667969e-16,2.499197557114979431e-32
2.278000000000000114e+01,1.307408620078805361e-16,1.709317299856365961e-32
2.278999999999999915e+01,8.101160701171166865e-17,6.562880470620011834e-33
2.280000000000000071e+01,3.839010356883989239e-17,1.473800052026253401e-33
2.280999999999999872e+01,-1.433242247701548509e-17,2.054183340596586936e-34
2.282000000000000028e+01,-5.228255777912566562e-17,2.733465847927613491e-33
2.283000000000000185e+01,-8.567689264187330460e-17,7.340529932767084013e-33
2.283999999999999986e+01,-1.323128530807120702e-16,1.750669109035809642e-32
2.285000000000000142e+01,-1.966205343159388523e-16,3.865963451468528606e-32
2.285999999999999943e+01,-2.115794553847491849e-16,4.476586594090707017e-32
2.287000000000000099e+01,-2.427739489138482615e-16,5.893919027122380564e-32
2.287999999999999901e+01,-2.828489079188742943e-16,8.000350471089982831e-32
2.289000000000000057e+01,-3.256846509017665235e-16,1.060704918330055273e-31
2.290000000000000213e+01,-3.243079760026444864e-16,1.051756632989318411e-31
2.291000000000000014e+01,-3.882486790983409477e-16,1.507370368216065177e-31
2.292000000000000171e+01,-4.077191334460364167e-16,1.662348917779868605e-31
2.292999999999999972e+01,-4.251722217780817903e-16,1.807714181717103627e-31
2.294000000000000128e+01,-4.559892617327284180e-16,2.079262068155586933e-31
2.294999999999999929e+01,-4.844719692860164918e-16,2.347130890238709092e-31
2.296000000000000085e+01,-4.905625899000996952e-16,2.406516546094933790e-31
2.296999999999999886e+01,-4.983329971915357696e-16,2.483357760898991911e-31
2.298000000000000043e+01,-5.161344782140561342e-16,2.663947996012959809e-31
2.299000000000000199e+01,-5.161128515097006997e-16,2.663724754934743618e-31
2.300000000000000000e+01,-5.179653139046410631e-16,2.682880664083333571e-31
2.301000000000000156e+01,-5.222872756031610269e-16,2.727839982569722670e-31
2.301999999999999957e+01,-5.358360679645496992e-16,2.871202917317095182e-31
2.303000000000000114e+01,-5.004439662869739880e-16,2.504441633930379782e-31
2.303999999999999915e+01,-4.984201798434683900e-16,2.484226756751953605e-31
2.305000000000000071e+01,-4.829016677994626566e-16,2.331940207635025742e-31
2.305999999999999872e+01,-4.826908074319977373e-16,2.329904155793539296e-31
2.307000000000000028e+01,-4.544865436972852047e-16,2.065580184019043510e-31
2.308000000000000185e+01,-4.363532279298120882e-16,1.904041395247665498e-31
2.308999999999999986e+01,-4.124273345676532585e-16,1.700963062985789895e-31
2.310000000000000142e+01,-3.971359029193789957e-16,1.577169253875904082e-31
2.310999999999999943e+01,-3.596765924309592202e-16,1.293672511427463554e-31
2.312000000000000099e+01,-3.024188788983300546e-16,9.145717831412281942e-32
2.312999999999999901e+01,-2.868224769269193658e-16,8.226713327049318764e-32
2.314000000000000057e+01,-2.495042468926929038e-16,6.225236921748985859e-32
2.315000000000000213e+01,-1.926545684461436727e-16,3.711578274316985605e-32
2.316000000000000014e+01,-1.755761881108493947e-16,3.082699783153637101e-32
2.317000000000000171e+01,-1.273139586400059381e-16,1.620884406458914298e-32
2.317999999999999972e+01,-8.703836126449544685e-17,7.575676331608820904e-33
2.319000000000000128e+01,-5.650449597000206540e-17,3.192758064823979420e-33
2.319999999999999929e+01,-3.823069110353287319e-18,1.461585742253747534e-35
2.321000000000000085e+01,3.644044772327120318e-17,1.327906230272461339e-33
2.321999999999999886e+01,6.907273693509038884e-17,4.771042987704199850e-33
2.323000000000000043e+01,1.296379000857562858e-16,1.680598513864452858e-32
2.324000000000000199e+01,1.649216992829272765e-16,2.719916689436829437e-32
2.325000000000000000e+01,2.007306218952272774e-16,4.029278256644469613e-32
2.326000000000000156e+01,2.307606525616914447e-16,5.325047877069767331e-32
2.326999999999999957e+01,2.688488270626949418e-16,7.227969181298685268e-32
2.328000000000000114e+01,3.137331934073759055e-16,9.842851664558993895e-32
2.328999999999999915e+01,3.423585020425071972e-16,1.172093439207894025e-31
2.330000000000000071e+01,3.706918501688409120e-16,1.374124477815983918e-31
2.330999999999999872e+01,3.974349596905432041e-16,1.579545471842236927e-31
2.332000000000000028e+01,4.237688514157711231e-16,1.795800394302419087e-31
2.333000000000000185e+01,4.353408278321760041e-16,1.895216363776043047e-31
2.333999999999999986e+01,4.660595338654567051e-16,2.172114891068867659e-31
2.335000000000000142e+01,4.615064367641386453e-16,2.129881911747319062e-31
2.335999999999999943e+01,4.922646791163190803e-16,2.423245143054926042e-31
2.337000000000000099e+01,5.080227744945116511e-16,2.580871394051014316e-31
2.337999999999999901e+01,5.095934138983209767e-16,2.596854474885454867e-31
2.339000000000000057e+01,5.152200741205302398e-16,2.654517247767646815e-31
2.340000000000000213e+01,5.194954032377840353e-16,2.698754739851878264e-31
2.341000000000000014e+01,5.129242642863047019e-16,2.630913008936469585e-31
2.342000000000000171e+01,5.064034750059028197e-16,2.564444794980540233e-31
2.342999999999999972e+01,4.966018470913389759e-16,2.466133945345296360e-31
2.344000000000000128e+01,4.897015767329512582e-16,2.398076342547385556e-31
2.344999999999999929e+01,4.599959466318176715e-16,2.115962709177020405e-31
2.346000000000000085e+01,4.481249134442486315e-16,2.008159380494153248e-31
2.346999999999999886e+01,4.152786803700076210e-16,1.724563823698549465e-31
2.348000000000000043e+01,4.077329880535140907e-16,1.662461895470470682e-31
2.349000000000000199e+01,3.783274284753114304e-16,1.431316431367418808e-31
2.350000000000000000e+01,3.339237494266543419e-16,1.115050704311550263e-31
2.351000000000000156e+01,3.066328760337009364e-16,9.402372066469901084e-32
2.351999999999999957e+01,2.837748011990888869e-16,8.052813779558241864e-32
2.353000000000000114e+01,2.502561127862978447e-16,6.262812198690822245e-32
2.353999999999999915e+01,2.078900747886239543e-16,4.321828319561966250e-32
2.355000000000000071e+01,1.754709691254016412e-16,3.079006100580765820e-32
2.355999999999999872e+01,1.249530152547725774e-16,1.561325602125942745e-32
2.357000000000000028e+01,9.047329016718942320e-17,8.185416233676453885e-33
2.358000000000000185e+01,5.390793977833452149e-17,2.906065971144541585e-33
2.358999999999999986e+01,1.518127062296406109e-17,2.304709777276716153e-34
2.360000000000000142e+01,-4.018647169935845541e-17,1.614952507643338002e-33
2.360999999999999943e+01,-6.561880018677155934e-17,4.305826937951451163e-33
2.362000000000000099e+01,-1.125399627892968716e-16,1.266524322461632526e-32
2.362999999999999901e+01,-1.560427544346502739e-16,2.434934121155256697e-32
2.364000000000000057e+01,-1.973071821792220979e-16,3.893012413950473619e-32
2.365000000000000213e+01,-2.258179368647210102e-16,5.099374060983912153e-32
2.366000000000000014e+01,-2.625630592335299866e-16,6.893936007407017675e-32
2.367000000000000171e+01,-2.910859789402287754e-16,8.473104713559130775e-32
2.367999999999999972e+01,-3.275959108991730303e-16,1.073190808378589171e-31
2.369000000000000128e+01,-3.584376188134750000e-16,1.284775265806739972e-31
2.369999999999999929e+01,-3.788018643021075482e-16,1.434908523987522911e-31
2.371000000000000085e+01,-4.006211814931503740e-16,1.604973310609677304e-31
2.371999999999999886e+01,-4.393890765536982304e-16,1.930627605947116932e-31
2.373000000000000043e+01,-4.563102831255035514e-16,2.082190744860772295e-31
2.374000000000000199e+01,-4.676673441673768876e-16,2.187127448005677537e-31
2.375000000000000000e+01,-4.811863998102767758e-16,2.315403513623755442e-31
2.376000000000000156e+01,-5.015253015047428531e-16,2.515276280494232343e-31
2.376999999999999957e+01,-5.149044594038440390e-16,2.651266023139648947e-31
2.378000000000000114e+01,-5.002368230093201544e-16,2.502368790944579192e-31
2.378999999999999915e+01,-5.071948772184073961e-16,2.572466434765953471e-31
2.380000000000000071e+01,-5.013438399385110301e-16,2.513456458442913672e-31
2.380999999999999872e+01,-4.986263093693556536e-16,2.486281963953043867e-31
2.382000000000000028e+01,-4.873675822488481948e-16,2.375271602270878233e-31
2.383000000000000185e+01,-4.786212699233756163e-16,2.290783200230647729e-31
2.383999999999999986e+01,-4.596083555396986836e-16,2.112398404819060551e-31
2.385000000000000142e+01,-4.411987924158111578e-16,1.946563744291700151e-31
2.385999999999999943e+01,-4.262032073247733520e-16,1.816491739339237417e-31
2.387000000000000099e+01,-3.946167297792330729e-16,1.557223634216562479e-31
2.387999999999999901e+01,-3.838594718659659511e-16,1.473480941412183158e-31
2.389000000000000057e+01,-3.433220730967159316e-16,1.178700458754267477e-31
2.390000000000000213e+01,-3.242826322084780648e-16,1.051592255520590549e-31
2.391000000000000014e+01,-2.838750781446741798e-16,8.058505999164487045e-32
2.392000000000000171e+01,-2.577535674145611832e-16,6.643690151493273997e-32
2.392999999999999972e+01,-2.227654458159988550e-16,4.962444384960072317e-32
2.394000000000000128e+01,-1.891109146664755881e-16,3.576293804599101071e-32
2.394999999999999929e+01,-1.481904022087426186e-16,2.196039530678890995e-32
2.396000000000000085e+01,-9.886425081870548997e-17,9.774140089943909191e-33
2.396999999999999886e+01,-5.740906878337414118e-17,3.295801178574182994e-33
2.398000000000000043e+01,-1.892275383592982473e-17,3.580706127351969068e-34
2.399000000000000199e+01,1.249867225010139602e-17,1.562168080154546868e-34
2.400000000000000000e+01,6.287305352677747569e-17,3.953020859781025248e-33
2.401000000000000156e+01,1.015826578607425231e-16,1.031903637805267457e-32
2.401999999999999957e+01,1.435284957511365039e-16,2.060042909258400913e-32
2.403000000000000114e+01,1.762699744761561835e-16,3.107110390182475112e-32
2.403999999999999915e+01,2.108901041834215223e-16,4.447463604249438220e-32
2.405000000000000071e+01,2.583911327964754120e-16,6.676597750784579327e-32
2.406000000000000227e+01,2.817319224306445755e-16,7.937287611646672666e-32
2.407000000000000028e+01,3.194183133147958215e-16,1.020280588808690616e-31
2.408000000000000185e+01,3.508201190801765263e-16,1.230747559514292272e-31
2.408999999999999986e+01,3.777762854315048697e-16,1.427149218344258344e-31
2.410000000000000142e+01,4.048167621380936219e-16,1.638766109079698768e-31
2.410999999999999943e+01,4.258460287856540306e-16,1.813448402325120729e-31
2.412000000000000099e+01,4.410134448011404546e-16,1.944928584953685642e-31
2.412999999999999901e+01,4.487966929482875836e-16,2.014184716013195187e-31
2.414000000000000057e+01,4.704521202703872969e-16,2.213251974669029469e-31
2.415000000000000213e+01,4.719768029274414352e-16,2.227621025016088834e-31
2.416000000000000014e+01,4.938052438843841313e-16,2.438436188877160751e-31
2.417000000000000171e+01,4.924850011669394098e-16,2.425414763744003208e-31
2.417999999999999972e+01,4.963345545421966918e-16,2.463479900326008128e-31
2.419000000000000128e+01,4.907812223644423750e-16,2.408662082255362269e-31
2.419999999999999929e+01,4.930668946810013246e-16,2.431149626303656705e-31
2.421000000000000085e+01,4.917277285972456841e-16,2.417961590714065066e-31
2.421999999999999886e+01,4.719021232139642310e-16,2.226916138938474929e-31
2.423000000000000043e+01,4.521245020809713027e-16,2.044165653819662427e-31
2.424000000000000199e+01,4.423769409272958973e-16,1.956973578641922391e-31
2.425000000000000000e+01,4.229311545392558196e-16,1.788707614799078922e-31
2.426000000000000156e+01,4.046555756071949756e-16,1.637461348699902894e-31
2.426999999999999957e+01,3.753348332601360585e-16,1.408762370584141289e-31
2.428000000000000114e+01,3.487860261603765454e-16,1.216516920447468648e-31
2.428999999999999915e+01,3.160039973646905617e-16,9.985852635046335855e-32
2.430000000000000071e+01,2.829975915113175244e-16,8.008763680120653828e-32
2.431000000000000227e+01,2.521660211146821430e-16,6.358770220481031714e-32
2.432000000000000028e+01,2.214797551379344458e-16,4.905328193595939835e-32
2.433000000000000185e+01,1.729595680821334049e-16,2.991501219115814043e-32
2.433999999999999986e+01,1.433485548125546593e-16,2.054880816684798788e-32
2.435000000000000142e+01,1.275069938722404552e-16,1.625803348633556493e-32
2.435999999999999943e+01,7.013810556253440687e-17,4.919353851901219906e-33
2.437000000000000099e+01,3.588005419459386459e-17,1.287378289006992756e-33
2.437999999999999901e+01,-9.642130969942939645e-18,9.297068964153277022e-35
2.439000000000000057e+01,-5.365179849862551904e-17,2.878515482137115339e-33
2.440000000000000213e+01,-1.131826814093582426e-16,1.281031937101228710e-32
2.441000000000000014e+01,-1.325385818074213076e-16,1.756647566752251126e-32
2.442000000000000171e+01,-1.769814592577225656e-16,3.132243692099291040e-32
2.442999999999999972e+01,-2.102298138660713916e-16,4.419657463816302552e-32
2.444000000000000128e+01,-2.479765229803388087e-16,6.149235594941849796e-32
2.444999999999999929e+01,-2.615993192206934576e-16,6.843420381673028140e-32
2.446000000000000085e+01,-3.067072178299225514e-16,9.406931746897156321e-32
2.446999999999999886e+01,-3.347394816815587205e-16,1.120505205964385764e-31
2.448000000000000043e+01,-3.549168589278706117e-16,1.259659767512260095e-31
2.449000000000000199e+01,-3.926770847323601385e-16,1.541952928739051365e-31
2.450000000000000000e+01,-4.056645965322755631e-16,1.645637648796939185e-31
2.451000000000000156e+01,-4.279948446137141360e-16,1.831795870159173144e-31
2.451999999999999957e+01,-4.429960053394685703e-16,1.962454607467264714e-31
2.453000000000000114e+01,-4.727283309037907377e-16,2.234720748390838828e-31
2.453999999999999915e+01,-4.763927056230051111e-16,2.269500099708072153e-31
2.455000000000000071e+01,-4.790619140246164725e-16,2.295003174689290254e-31
2.456000000000000227e+01,-4.861791272610691217e-16,2.363701437843348332e-31
2.457000000000000028e+01,-4.783357298424335915e-16,2.288050704438935955e-31
2.458000000000000185e+01,-4.872530282992158154e-16,2.374155135867564148e-31
2.458999999999999986e+01,-4.934507686833093255e-16,2.434936611141488670e-31
2.460000000000000142e+01,-4.519051937821175433e-16,2.042183041672532148e-31
2.460999999999999943e+01,-4.574693393120496267e-16,2.092781964106032090e-31
2.462000000000000099e+01,-4.564633596422689467e-16,2.083587986959073830e-31
2.462999999999999901e+01,-4.415395819680361335e-16,1.949572024445080993e-31
2.464000000000000057e+01,-4.170341605126042662e-16,1.739174910344525784e-31
2.465000000000000213e+01,-4.191625323467034498e-16,1.756972285233012259e-31
2.466000000000000014e+01,-3.750508138068439381e-16,1.406631129371759201e-31
2.467000000000000171e+01,-3.597656336277973834e-16,1.294313111396105384e-31
2.467999999999999972e+01,-3.184383532736927413e-16,1.014029848356611484e-31
2.469000000000000128e+01,-2.996095193149781266e-16,8.976586406415225221e-32
2.469999999999999929e+01,-2.562226332882793368e-16,6.565003780918006793e-32
2.471000000000000085e+01,-2.213356334284411756e-16,4.898946262516928529e-32
2.471999999999999886e+01,-1.756955573813734010e-16,3.086892888355147381e-32
2.473000000000000043e+01,-1.499514579860559169e-16,2.248543975214389334e-32
2.474000000000000199e+01,-1.096887859455703160e-16,1.203162976221314393e-32
2.475000000000000000e+01,-7.653577284289069786e-17,5.857724524658565169e-33
2.476000000000000156e+01,-4.015388380402608821e-17,1.612334384547228425e-33
2.476999999999999957e+01,9.703547431139656680e-18,9.415883274837703062e-35
2.478000000000000114e+01,3.946645450708937908e-17,1.557601031360155619e-33
2.478999999999999915e+01,7.994885724299818265e-17,6.391819774461302354e-33
2.480000000000000071e+01,1.239076682247200566e-16,1.535311024488729944e-32
2.481000000000000227e+01,1.531770471489349523e-16,2.346320777326704019e-32
2.482000000000000028e+01,2.002458795921368260e-16,4.009841229362855812e-32
2.483000000000000185e+01,2.283700569372833698e-16,5.215288290553805165e-32
2.483999999999999986e+01,2.612975591114848322e-16,6.827641439761991264e-32
2.485000000000000142e+01,3.183474535319490846e-16,1.013451011702764848e-31
2.485999999999999943e+01,3.221747043683398032e-16,1.037965401348271593e-31
2.487000000000000099e+01,3.501873690191539245e-16,1.226311934205570761e-31
2.487999999999999901e+01,3.785785009961871633e-16,1.433216814165200838e-31
2.489000000000000057e+01,4.021756008686931484e-16,1.617452139340943706e-31
2.490000000000000213e+01,3.931822710294115118e-16,1.545922982518456155e-31
2.491000000000000014e+01,4.311155104687440708e-16,1.858605833667257716e-31
2.492000000000000171e+01,4.544990466357407196e-16,2.065693833927971962e-31
2.492999999999999972e+01,4.581052995869998812e-16,2.098604655096949218e-31
2.494000000000000128e+01,4.639938456822625945e-16,2.152902888310153286e-31
2.494999999999999929e+01,4.737708056371710963e-16,2.244587762740941493e-31
2.496000000000000085e+01,4.796958467960334882e-16,2.301081054333636360e-31
2.496999999999999886e+01,4.891561782824890220e-16,2.392737667519301864e-31
2.498000000000000043e+01,4.756810518828109837e-16,2.262724631203375201e-31
2.499000000000000199e+01,4.625958819960407613e-16,2.139949500396948885e-31
2.500000000000000000e+01,4.543581351401751514e-16,2.064413149680576529e-31
2.501000000000000156e+01,4.432957379451439076e-16,1.965111112803296982e-31
2.501999999999999957e+01,4.365867287533990614e-16,1.906079717235940406e-31
2.503000000000000114e+01,4.024614788668907624e-16,1.619752419717247623e-31
2.503999999999999915e+01,3.934458464887426610e-16,1.547996341192432543e-31
2.505000000000000071e+01,3.667956642123173630e-16,1.345390592849550675e-31
2.506000000000000227e+01,3.424531188740619889e-16,1.172741386265724212e-31
2.507000000000000028e+01,3.289469040868730074e-16,1.082060657083384225e-31
2.508000000000000185e+01,2.902952525622352786e-16,8.427133366017196584e-32
2.508999999999999986e+01,2.583782919407644067e-16,6.675934174622688226e-32
2.510000000000000142e+01,2.532419496563621742e-16,6.413148506575547027e-32
2.510999999999999943e+01,1.862086278378466906e-16,3.467365308125369620e-32
2.512000000000000099e+01,1.445880353059222385e-16,2.090569995362661566e-32
2.512999999999999901e+01,1.162996301745770670e-16,1.352560397874339581e-32
2.514000000000000057e+01,8.255318553154342539e-17,6.815028441405430462e-33
2.515000000000000213e+01,1.797854966442994830e-17,3.232282480363742175e-34
2.516000000000000014e+01,2.316084869558733890e-18,5.364249122998897698e-36
2.517000000000000171e+01,-3.563202292901812543e-17,1.269641058014073452e-33
2.517999999999999972e+01,-7.434585122867758049e-17,5.527305594916659986e-33
2.519000000000000128e+01,-1.168152919065505932e-16,1.364581242321262542e-32
2.519999999999999929e+01,-1.486396632000000354e-16,2.209374947620944596e-32
2.521000000000000085e+01,-1.870419317900398289e-16,3.498468424774991196e-32
2.521999999999999886e+01,-2.120694354053007003e-16,4.497344543312300352e-32
2.523000000000000043e+01,-2.598813478934631104e-16,6.753831498292320180e-32
2.524000000000000199e+01,-2.911204465002951659e-16,8.475111437053122434e-32
2.525000000000000000e+01,-3.134770521276668784e-16,9.826786221065197591e-32
2.526000000000000156e+01,-3.380355265922205153e-16,1.142680172384798305e-31
2.526999999999999957e+01,-3.647492373126897604e-16,1.330420061201888643e-31
2.528000000000000114e+01,-4.059082348735291247e-16,1.647614951381440871e-31
2.528999999999999915e+01,-4.027412743544884627e-16,1.622005340686773503e-31
2.530000000000000071e+01,-4.263255333712834425e-16,1.817534604043093094e-31
2.531000000000000227e+01,-4.444588491387566084e-16,1.975436685777480190e-31
2.532000000000000028e+01,-4.556952737203975531e-16,2.076581824911080530e-31
2.533000000000000185e+01,-4.584317276558638486e-16,2.101596489215401070e-31
2.533999999999999986e+01,-4.741259566727570804e-16,2.247954227908571125e-31
2.535000000000000142e+01,-4.444862204364563673e-16,1.975680001578860799e-31
2.535999999999999943e+01,-4.695319715835170781e-16,2.204602723391046688e-31
2.537000000000000099e+01,-4.748119287015291972e-16,2.254463676372660560e-31
2.537999999999999901e+01,-4.550099775261365160e-16,2.070340796483352683e-31
2.539000000000000057e+01,-4.518538303592735220e-16,2.041718840103471357e-31
2.540000000000000213e+01,-4.537292711275914791e-16,2.058702514779754058e-31
2.541000000000000014e+01,-4.258492389995817819e-16,1.813475743565229263e-31
2.542000000000000171e+01,-4.150563308158538556e-16,1.722717577503195179e-31
2.542999999999999972e+01,-3.924944404557338523e-16,1.540518857886596027e-31
2.544000000000000128e+01,-3.672243122509860880e-16,1.348536955082097323e-31
2.544999999999999929e+01,-3.492462694624394494e-16,1.219729567334308560e-31
2.546000000000000085e+01,-3.139094172561466891e-16,9.853912224209360150e-32
2.546999999999999886e+01,-2.793060144530311866e-16,7.801184970963686938e-32
2.548000000000000043e+01,-2.610421781456008067e-16,6.814301877099958954e-32
2.549000000000000199e+01,-2.288143336490213404e-16,5.235599928324565472e-32
2.550000000000000000e+01,-1.877062771144565851e-16,3.523364646816916810e-32
2.551000000000000156e+01,-1.553366763291727504e-16,2.412948301299417816e-32
2.551999999999999957e+01,-1.207282047672239784e-16,1.457529942631676360e-32
2.553000000000000114e+01,-9.965764357504358754e-17,9.931645922930425963e-33
2.553999999999999915e+01,-4.884571753195496372e-17,2.385904121211532631e-33
2.555000000000000071e+01,-4.783472190291223698e-18,2.288160619528951799e-35
2.556000000000000227e+01,2.827379021004252061e-17,7.994072128414963386e-34
2.557000000000000028e+01,7.064971228744130752e-17,4.991381846298235232e-33
2.558000000000000185e+01,1.064173245152499905e-16,1.132464695698402647e-32
2.558999999999999986e+01,1.348523857355050670e-16,1.818516593855745064e-32
2.560000000000000142e+01,2.018489590524792047e-16,4.074300227056942643e-32
2.560999999999999943e+01,2.044189887395858392e-16,4.178712295731492162e-32
2.562000000000000099e+01,2.399403437674104532e-16,5.757136856722310064e-32
2.562999999999999901e+01,2.774824439834406345e-16,7.699650671902327485e-32
2.564000000000000057e+01,2.990363271702467190e-16,8.942272496747083107e-32
2.565000000000000213e+01,3.299295674660205046e-16,1.088535194883153653e-31
2.566000000000000014e+01,3.543758534017305901e-16,1.255822454742048493e-31
2.567000000000000171e+01,3.796757183249670398e-16,1.441536510855797065e-31
2.567999999999999972e+01,3.931717955944893837e-16,1.545840608509949327e-31
2.569000000000000128e+01,4.172365729486803948e-16,1.740863578059595072e-31
2.569999999999999929e+01,4.355195860603634101e-16,1.896773098421903011e-31
2.571000000000000085e+01,4.375845984090464411e-16,1.914802807648064566e-31
2.571999999999999886e+01,4.638880775812745458e-16,2.151921485220505888e-31
2.573000000000000043e+01,4.560217017892615204e-16,2.079557925027741460e-31
2.574000000000000199e+01,4.559733796217174066e-16,2.079117229236508041e-31
2.575000000000000000e+01,4.644057668167814339e-16,2.156727162526827911e-31
2.576000000000000156e+01,4.656736323596154655e-16,2.168519318749982946e-31
2.576999999999999957e+01,4.671668887119031700e-16,2.182449019087597376e-31
2.578000000000000114e+01,4.407329734790316253e-16,1.942455539116688019e-31
2.578999999999999915e+01,4.319065747639931074e-16,1.865432893243647713e-31
2.580000000000000071e+01,4.281306873504463607e-16,1.832958854511656497e-31
2.581000000000000227e+01,4.133816128973343281e-16,1.708843578816015649e-31
2.582000000000000028e+01,3.958866228256003926e-16,1.567262181322591930e-31
2.583000000000000185e+01,3.750864640773047426e-16,1.406898555340152111e-31
2.583999999999999986e+01,3.460201734236771043e-16,1.197299604161515795e-31
2.585000000000000142e+01,3.392243194972551775e-16,1.150731389383758497e-31
2.585999999999999943e+01,2.931077378802010360e-16,8.591214600524864152e-32
2.587000000000000099e+01,2.622133148740328365e-16,6.875582249722868678e-32
2.587999999999999901e+01,2.335758412177016684e-16,5.455767360055698288e-32
2.589000000000000057e+01,1.916065180780467349e-16,3.671305776999284883e-32
2.590000000000000213e+01,1.656470386719713080e-16,2.743894142079356030e-32
2.591000000000000014e+01,1.222138579812617663e-16,1.493622708266401953e-32
2.592000000000000171e+01,9.376663173980678874e-17,8.792181227828541648e-33
2.592999999999999972e+01,4.744223101058768472e-17,2.250765283261967841e-33
2.594000000000000128e+01,2.259314770625867332e-17,5.104503232768215322e-34
2.594999999999999929e+01,-1.735678191421283977e-17,3.012578784175459164e-34
2.596000000000000085e+01,-5.582460645182987458e-17,3.116386685501685518e-33
2.596999999999999886e+01,-9.007387197112603700e-17,8.113302411870804190e-33
2.598000000000000043e+01,-1.285494686056207891e-16,1.652496587878748477e-32
2.599000000000000199e+01,-1.712686301353473016e-16,2.933294366843839487e-32
2.600000000000000000e+01,-1.980134292433273913e-16,3.920931816070222452e-32
2.601000000000000156e+01,-2.385381561154942000e-16,5.690045192297988402e-32
2.601999999999999957e+01,-2.596654187671648969e-16,6.742612970352711341e-32
2.603000000000000114e+01,-2.892118898409330761e-16,8.364351722536401378e-32
2.603999999999999915e+01,-3.154775222805393429e-16,9.952606706426819416e-32
2.605000000000000071e+01,-3.436949647882184207e-16,1.181262288207746908e-31
2.606000000000000227e+01,-3.679489758055190152e-16,1.353864487963304095e-31
2.607000000000000028e+01,-3.801457612274409431e-16,1.445107997791905331e-31
2.608000000000000185e+01,-4.062796059373816107e-16,1.650631182006340815e-31
2.608999999999999986e+01,-4.156436310060046044e-16,1.727596279958557220e-31
2.610000000000000142e+01,-4.211567510303481569e-16,1.773730089384386682e-31
2.610999999999999943e+01,-4.422536011290191381e-16,1.955882477115855533e-31
2.612000000000000099e+01,-4.512391588714230142e-16,2.036167784989893582e-31
2.612999999999999901e+01,-4.457625339106791404e-16,1.987042366384693500e-31
2.614000000000000057e+01,-4.534153459971829280e-16,2.055854759857451231e-31
2.615000000000000213e+01,-4.538228742073796021e-16,2.059552011538471037e-31
2.616000000000000014e+01,-4.491430581352291386e-16,2.017294866710658171e-31
2.617000000000000171e+01,-4.429027401769360364e-16,1.961628372562385140e-31
2.617999999999999972e+01,-4.376305551558015792e-16,1.915205028059750813e-31
2.619000000000000128e+01,-4.144923469163362895e-16,1.718039056522124842e-31
2.619999999999999929e+01,-4.037361027548358364e-16,1.630028406676633701e-31
2.621000000000000085e+01,-3.856607397966900384e-16,1.487342062205302676e-31
2.621999999999999886e+01,-3.639738861698238914e-16,1.324769898135639252e-31
2.623000000000000043e+01,-3.431515938412895711e-16,1.177530163558173717e-31
2.624000000000000199e+01,-3.173710416220292955e-16,1.007243780602518431e-31
2.625000000000000000e+01,-2.853500024858481724e-16,8.142462391867355420e-32
2.626000000000000156e+01,-2.581051703189638268e-16,6.661827894538132022e-32
2.626999999999999957e+01,-2.309331593206511426e-16,5.333012407381724904e-32
2.628000000000000114e+01,-1.894729085264865119e-16,3.589998306548632545e-32
2.628999999999999915e+01,-1.665580635929415825e-16,2.774158854783037058e-32
2.630000000000000071e+01,-1.266643971955196274e-16,1.604386951690435962e-32
2.631000000000000227e+01,-9.534406116846985290e-17,9.090490000096921090e-33
2.632000000000000028e+01,-5.487311593950714394e-17,3.011058852910592969e-33
2.633000000000000185e+01,-2.147734492842340228e-17,4.612763451744744343e-34
2.633999999999999986e+01,1.073039349145065871e-17,1.151413444813666667e-34
2.635000000000000142e+01,5.101840932610272591e-17,2.602878090165765613e-33
2.635999999999999943e+01,9.288855375125288938e-17,8.628283417999396902e-33
2.637000000000000099e+01,1.201246000694928304e-16,1.442991954185559733e-32
2.637999999999999901e+01,1.591802316731439176e-16,2.533834615551577060e-32
2.639000000000000057e+01,1.893267593134599290e-16,3.584462179213678845e-32
2.640000000000000213e+01,2.298237769706713896e-16,5.281896846106490485e-32
2.641000000000000014e+01,2.493991546262159839e-16,6.219993832827119502e-32
2.642000000000000171e+01,2.932178989055112500e-16,8.597673623856261140e-32
2.642999999999999972e+01,3.079144272253848474e-16,9.481129449353681837e-32
2.644000000000000128e+01,3.359850446855262872e-16,1.128859502523350931e-31
2.644999999999999929e+01,3.498092396101903960e-16,1.223665041166595961e-31
2.646000000000000085e+01,3.828220658914189360e-16,1.465527341333739037e-31
2.646999999999999886e+01,3.941500660493146663e-16,1.553542745666791047e-31
2.648000000000000043e+01,4.146623192958793650e-16,1.719448390438378079e-31
2.649000000000000199e+01,4.233035393548749743e-16,1.791858864303641771e-31
2.650000000000000000e+01,4.387723775623144346e-16,1.925211993116862101e-31
2.651000000000000156e+01,4.483597659368578132e-16,2.010264797109539188e-31
2.651999999999999957e+01,4.555094192298434662e-16,2.074888310071092916e-31
2.653000000000000114e+01,4.558720044450516217e-16,2.078192844367491874e-31
2.653999999999999915e+01,4.490562134005521073e-16,2.016514827936421832e-31
2.655000000000000071e+01,4.502595367475755231e-16,2.027336504321413110e-31
2.656000000000000227e+01,4.471094720913125413e-16,1.999068800337722058e-31
2.657000000000000028e+01,4.323911481084558135e-16,1.869621049625485694e-31
2.658000000000000185e+01,4.153158512681184286e-16,1.724872563145618697e-31
2.658999999999999986e+01,4.065556843351682254e-16,1.652875244652369581e-31
2.660000000000000142e+01,3.811865463745435041e-16,1.453031831369520010e-31
2.660999999999999943e+01,3.690154426640435376e-16,1.361723969245400089e-31
2.662000000000000099e+01,3.451855178024617082e-16,1.191530417005536059e-31
2.662999999999999901e+01,3.181825499112393033e-16,1.012401350680182918e-31
2.664000000000000057e+01,2.905611934423553049e-16,8.442580713464581774e-32
2.665000000000000213e+01,2.658621453994917382e-16,7.068268035642048809e-32
2.666000000000000014e+01,2.338448233531216515e-16,5.468340140905266389e-32
2.667000000000000171e+01,2.099054133007407370e-16,4.406028253295478446e-32
2.667999999999999972e+01,1.746028596958865480e-16,3.048615861398144240e-32
2.669000000000000128e+01,1.433809948690877124e-16,2.055810968964935720e-32
2.669999999999999929e+01,9.935206605683863119e-17,9.870833029762426838e-33
2.671000000000000085e+01,7.288097992585629131e-17,5.311637234953067479e-33
2.671999999999999886e+01,2.118268108158138074e-17,4.487059778039856944e-34
2.673000000000000043e+01,-6.260930910881853352e-18,3.919925587083587541e-35
2.674000000000000199e+01,-4.138709170833747270e-17,1.712891360074336510e-33
2.675000000000000000e+01,-7.084975930272854658e-17,5.019688393254570444e-33
2.676000000000000156e+01,-1.025852583579676079e-16,1.052373523237096265e-32
2.676999999999999957e+01,-1.405982462696105912e-16,1.976786685409006844e-32
2.678000000000000114e+01,-1.727645898256794477e-16,2.984760349763526190e-32
2.678999999999999915e+01,-2.092136966786241972e-16,4.377037087793537144e-32
2.680000000000000071e+01,-2.430270489382572825e-16,5.906214651563810145e-32
2.681000000000000227e+01,-2.654711751348171551e-16,7.047494482746075713e-32
2.682000000000000028e+01,-2.999117018207562137e-16,8.994702888902218702e-32
2.683000000000000185e+01,-3.234385149041072093e-16,1.046124729233743769e-31
2.683999999999999986e+01,-3.459992225538327987e-16,1.197154620078567180e-31
2.685000000000000142e+01,-3.693445740709519712e-16,1.364154143956529316e-31
2.685999999999999943e+01,-3.802511914111734027e-16,1.445909685696168362e-31
2.687000000000000099e+01,-4.067523521778999309e-16,1.654474760022543275e-31
2.687999999999999901e+01,-4.138786891802524505e-16,1.712955693575640191e-31
2.689000000000000057e+01,-4.332619608760152991e-16,1.877159267421298222e-31
2.690000000000000213e+01,-4.303923675418610973e-16,1.852375900382884490e-31
2.691000000000000014e+01,-4.455226126592367138e-16,1.984903983907122808e-31
2.692000000000000171e+01,-4.405765177897106841e-16,1.941076680277072520e-31
2.692999999999999972e+01,-4.322147553010572354e-16,1.868095946999527856e-31
2.694000000000000128e+01,-4.347146671576366995e-16,1.889768418419748616e-31
2.694999999999999929e+01,-4.323877689359002676e-16,1.869591827253654871e-31
2.696000000000000085e+01,-4.260312074416969885e-16,1.815025897142302601e-31
2.696999999999999886e+01,-4.156637370827099865e-16,1.727763423255642512e-31
2.698000000000000043e+01,-3.963718720045741783e-16,1.571106609164105424e-31
2.699000000000000199e+01,-3.810616859486167419e-16,1.452080084980022053e-31
2.700000000000000000e+01,-3.647830290382450220e-16,1.330666582743171176e-31
2.701000000000000156e+01,-3.372344937379326356e-16,1.137271037666797177e-31
2.701999999999999957e+01,-3.134792485898279610e-16,9.826923929644315954e-32
2.703000000000000114e+01,-2.821171481019747355e-16,7.959008525319154913e-32
2.703999999999999915e+01,-2.702260088377003133e-16,7.302209585235289298e-32
2.705000000000000071e+01,-2.317221961123668911e-16,5.369517617113822057e-32
2.706000000000000227e+01,-1.962778862188083337e-16,3.852500861852347157e-32
2.707000000000000028e+01,-1.732126681065424259e-16,3.000262839258721864e-32
2.708000000000000185e+01,-1.400978752934508202e-16,1.962741466173929658e-32
2.708999999999999986e+01,-9.595897553434778761e-17,9.208124985601556717e-33
2.710000000000000142e+01,-8.167424427000074379e-17,6.670682177075749523e-33
2.710999999999999943e+01,-3.162918183871076650e-17,1.000405143786231023e-33
2.712000000000000099e+01,-3.413428917309433217e-18,1.165149697352424905e-35
2.712999999999999901e+01,3.778100771570601313e-17,1.427404544014237338e-33
2.714000000000000057e+01,6.027269576598496115e-17,3.632797854898981265e-33
2.715000000000000213e+01,1.071092100959943002e-16,1.147238288738784699e-32
2.716000000000000014e+01,1.362998542996653787e-16,1.857765028211001129e-32
2.717000000000000171e+01,1.739101293220033642e-16,3.024473308079593589e-32
2.717999999999999972e+01,1.992596680818060377e-16,3.970441532407150982e-32
2.719000000000000128e+01,2.333722460712311259e-16,5.446260523633125496e-32
2.719999999999999929e+01,2.524574747475963855e-16,6.373477655593326472e-32
2.721000000000000085e+01,2.952460782733390133e-16,8.717024673578662230e-32
2.721999999999999886e+01,3.009122748144479611e-16,9.054819713400585492e-32
2.723000000000000043e+01,3.348981338330407443e-16,1.121567600448532654e-31
2.724000000000000199e+01,3.599609498015068804e-16,1.295718853820029577e-31
2.725000000000000000e+01,3.766199325830032607e-16,1.418425736188259298e-31
2.726000000000000156e+01,3.953206114225494892e-16,1.562783858154983607e-31
2.726999999999999957e+01,4.116339048516153448e-16,1.694424716233887158e-31
2.728000000000000114e+01,4.274815483025295117e-16,1.827404741391278646e-31
2.728999999999999915e+01,4.296411774827672852e-16,1.845915413887787416e-31
2.730000000000000071e+01,4.403626161669458080e-16,1.939192337173968309e-31
2.731000000000000227e+01,4.424347247779954213e-16,1.957484856893805524e-31
2.732000000000000028e+01,4.340489701641977102e-16,1.883985085006005996e-31
2.733000000000000185e+01,4.333711081495588444e-16,1.878105173787766341e-31
2.733999999999999986e+01,4.210526725156379057e-16,1.772853530325610106e-31
2.735000000000000142e+01,4.113554610330398529e-16,1.692133153217047735e-31
2.735999999999999943e+01,4.094239260003001694e-16,1.676279511814992772e-31
2.737000000000000099e+01,3.982885386780695191e-16,1.586337600423120825e-31
2.737999999999999901e+01,3.818130449663383485e-16,1.457812013064671121e-31
2.739000000000000057e+01,3.558022021374188509e-16,1.265952070458366654e-31
2.740000000000000213e+01,3.384518406510615200e-16,1.145496484400915352e-31
2.741000000000000014e+01,3.205736524115307618e-16,1.027674666204689317e-31
2.742000000000000171e+01,2.966342423591498473e-16,8.799187373998685176e-32
2.742999999999999972e+01,2.728857555561562152e-16,7.446663558545424262e-32
2.744000000000000128e+01,2.379809305610876764e-16,5.663492331072123090e-32
2.744999999999999929e+01,2.011996510459345365e-16,4.048129958100582534e-32
2.746000000000000085e+01,1.775457810744956961e-16,3.152250437735275647e-32
2.746999999999999886e+01,1.391374299738559398e-16,1.935922441972966476e-32
2.748000000000000043e+01,1.095500709121658921e-16,1.200121803686057584e-32
2.749000000000000199e+01,8.436678744209518368e-17,7.117754823299669118e-33
2.750000000000000000e+01,4.888682727807580953e-17,2.389921881316417147e-33
2.751000000000000156e+01,9.943891079151569634e-18,9.888096979403017582e-35
2.751999999999999957e+01,-2.358966569288381374e-17,5.564723275020195430e-34
2.753000000000000114e+01,-6.617940491373361646e-17,4.379713634735908939e-33
2.753999999999999915e+01,-9.183273128627824039e-17,8.433250535497785958e-33
2.755000000000000071e+01,-1.200981580442458182e-16,1.442356756562064624e-32
2.756000000000000227e+01,-1.656565003551267921e-16,2.744207610990812249e-32
2.757000000000000028e+01,-1.896891755700402899e-16,3.598198332844157103e-32
2.758000000000000185e+01,-2.199192532517917332e-16,4.836447795082571030e-32
2.758999999999999986e+01,-2.521862961500153197e-16,6.359792796586323361e-32
2.760000000000000142e+01,-2.826640671800869255e-16,7.989897487478869519e-32
2.760999999999999943e+01,-3.004925815830514106e-16,9.029579158644681221e-32
2.762000000000000099e+01,-3.298545498352877607e-16,1.088040240470403352e-31
2.762999999999999901e+01,-3.579331083509347062e-16,1.281161100537619646e-31
2.764000000000000057e+01,-3.694935955806507411e-16,1.365255171751174740e-31
2.765000000000000213e+01,-3.893986115189870540e-16,1.516312786529150028e-31
2.766000000000000014e+01,-3.935124161880865648e-16,1.548520216941858507e-31
2.767000000000000171e+01,-4.098669355223299027e-16,1.679909048344657471e-31
2.767999999999999972e+01,-4.208066687535954670e-16,1.770782524674982198e-31
2.769000000000000128e+01,-4.200554786945016549e-16,1.764466051812669269e-31
2.769999999999999929e+01,-4.376254863969682850e-16,1.915160663441830840e-31
2.771000000000000085e+01,-4.238060223138819306e-16,1.796115445495145783e-31
2.771999999999999886e+01,-4.296249574545007339e-16,1.845776040677815677e-31
2.773000000000000043e+01,-4.252820448861364645e-16,1.808648177025337947e-31
2.774000000000000199e+01,-4.189335934060664364e-16,1.755053556841193888e-31
2.775000000000000000e+01,-4.051580585662019320e-16,1.641530524211339244e-31
2.776000000000000156e+01,-3.872960903549376757e-16,1.499982616042200447e-31
2.776999999999999957e+01,-3.741386061754792250e-16,1.399796966309303463e-31
2.778000000000000114e+01,-3.627338988005730024e-16,1.315758813390643454e-31
2.778999999999999915e+01,-3.406771947375043725e-16,1.160609510142154734e-31
2.780000000000000071e+01,-3.144592086309310413e-16,9.888459389279142033e-32
2.781000000000000227e+01,-2.962537475293973923e-16,8.776628292521193588e-32
2.782000000000000028e+01,-2.717952965724873811e-16,7.387268323892636566e-32
2.783000000000000185e+01,-2.372606599308769144e-16,5.629262075083521752e-32
2.783999999999999986e+01,-2.085019584591161479e-16,4.347306668128699426e-32
2.785000000000000142e+01,-1.852024792094382900e-16,3.429995830532242346e-32
2.785999999999999943e+01,-1.480939268322823087e-16,2.193181116460538572e-32
2.787000000000000099e+01,-1.118229023730138856e-16,1.250436149512459444e-32
2.787999999999999901e+01,-8.485366284786132556e-17,7.200144098698521886e-33
2.789000000000000057e+01,-5.007888847656652586e-17,2.507895071048387544e-33
2.790000000000000213e+01,-2.854319474203197163e-17,8.147139660815616118e-34
2.791000000000000014e+01,2.019169649001592020e-17,4.077046071449212005e-34
2.792000000000000171e+01,6.085036531435244364e-17,3.702766958890147044e-33
2.792999999999999972e+01,9.525878986101396426e-17,9.074237045784817332e-33
2.794000000000000128e+01,1.122003559474663345e-16,1.258891987473814487e-32
2.794999999999999929e+01,1.413783282540541899e-16,1.998783169991109641e-32
2.796000000000000085e+01,1.845036663249551433e-16,3.404160288735038773e-32
2.796999999999999886e+01,2.052301591115402826e-16,4.211941820894813928e-32
2.798000000000000043e+01,2.395091613493251058e-16,5.736463837025704389e-32
2.799000000000000199e+01,2.653410769914293535e-16,7.040588713897163735e-32
2.800000000000000000e+01,2.903243134462128351e-16,8.428820697801483635e-32
2.801000000000000156e+01,3.128767421231773790e-16,9.789185576161324222e-32
2.801999999999999957e+01,3.373564818671871863e-16,1.138093958578058047e-31
2.803000000000000114e+01,3.511213723135018173e-16,1.232862180953167517e-31
2.803999999999999915e+01,3.708989934464947456e-16,1.375660633396229444e-31
2.805000000000000071e+01,3.954567920765372537e-16,1.563860743994656118e-31
2.806000000000000227e+01,4.025435927599900886e-16,1.620413440721207474e-31
2.807000000000000028e+01,4.120850243877783291e-16,1.698140673246758612e-31
2.808000000000000185e+01,4.192772552549636236e-16,1.757934167741359276e-31
2.808999999999999986e+01,4.217707466836875358e-16,1.778905627581153189e-31
2.810000000000000142e+01,4.219775520440858789e-16,1.780650544291192155e-31
2.810999999999999943e+01,4.208195096093064723e-16,1.770890596678171777e-31
2.812000000000000099e+01,4.216592339893551625e-16,1.777965096084897783e-31
2.812999999999999901e+01,4.126310986727515956e-16,1.702644235918820619e-31
2.814000000000000057e+01,4.034235292934495431e-16,1.627505439875827509e-31
2.815000000000000213e+01,3.745059222322650855e-16,1.402546857870393827e-31
2.816000000000000014e+01,3.722939158774166221e-16,1.386027597993409557e-31
2.817000000000000171e+01,3.568088576417106105e-16,1.273125608915825074e-31
2.817999999999999972e+01,3.391330818382559316e-16,1.150112471971131885e-31
2.819000000000000128e+01,3.071204906334635993e-16,9.432299576693940128e-32
2.819999999999999929e+01,2.940424170090600085e-16,8.646094300052994443e-32
2.821000000000000085e+01,2.632301078959911351e-16,6.929008970293513199e-32
2.821999999999999886e+01,2.416449673630464114e-16,5.839229025188776901e-32
2.823000000000000043e+01,2.081830490491882245e-16,4.334018191141671046e-32
2.824000000000000199e+01,1.837614310731334810e-16,3.376826355004598537e-32
2.825000000000000000e+01,1.567236577045891211e-16,2.456230488430521658e-32
2.826000000000000156e+01,1.214376620452570478e-16,1.474710576301806473e-32
2.826999999999999957e+01,8.522813852649920980e-17,7.263835596692139459e-33
2.828000000000000114e+01,5.096400464795872930e-17,2.597329769757159020e-33
2.828999999999999915e+01,3.024866313080683478e-17,9.149816212010326756e-34
2.830000000000000071e+01,-1.324973559022438800e-18,1.755554932108587988e-36
2.831000000000000227e+01,-4.410800145004843215e-17,1.945515791917474703e-33
2.832000000000000028e+01,-8.363418283205676302e-17,6.994676537985898350e-33
2.833000000000000185e+01,-1.130954987574256223e-16,1.279059183919086081e-32
2.833999999999999986e+01,-1.492556863568727517e-16,2.227725990986117088e-32
2.835000000000000142e+01,-1.771139228218992445e-16,3.136934165736168334e-32
2.835999999999999943e+01,-2.119535297866461125e-16,4.492429878901868273e-32
2.837000000000000099e+01,-2.300892109749080816e-16,5.294104500705576542e-32
2.837999999999999901e+01,-2.574233377765722575e-16,6.626677483203121368e-32
2.839000000000000057e+01,-2.846111464065820313e-16,8.100350465886886716e-32
2.840000000000000213e+01,-3.214329759924014506e-16,1.033191580553317253e-31
2.841000000000000014e+01,-3.243414298109442082e-16,1.051973630918076444e-31
2.842000000000000171e+01,-3.556771727528643435e-16,1.265062512174709034e-31
2.842999999999999972e+01,-3.662134327809999577e-16,1.341122783492439644e-31
2.844000000000000128e+01,-3.862776077467016288e-16,1.492103902465146801e-31
2.844999999999999929e+01,-3.999172998498339085e-16,1.599338467191819748e-31
2.846000000000000085e+01,-3.997155632482689088e-16,1.597725315028808627e-31
2.846999999999999886e+01,-4.085176319209076246e-16,1.668866555902661631e-31
2.848000000000000043e+01,-4.219535599189416165e-16,1.780448067282678452e-31
2.849000000000000199e+01,-4.220086404315967236e-16,1.780912925989246877e-31
2.850000000000000000e+01,-4.205045707271313018e-16,1.768240940024089753e-31
2.851000000000000156e+01,-4.098909276474741158e-16,1.680105725677068532e-31
2.851999999999999957e+01,-4.080594161223780580e-16,1.665124870861360986e-31
2.853000000000000114e+01,-3.954774050291259702e-16,1.564023778885713480e-31
2.853999999999999915e+01,-3.861863700877023830e-16,1.491399124415158269e-31
2.855000000000000071e+01,-3.703478504026881849e-16,1.371575302978918996e-31
2.856000000000000227e+01,-3.650901958235424814e-16,1.332908510864725883e-31
2.857000000000000028e+01,-3.339305077717653844e-16,1.115095840207090574e-31
2.858000000000000185e+01,-3.196844231535436424e-16,1.021981304070139556e-31
2.858999999999999986e+01,-2.974205758128211295e-16,8.845899891683007887e-32
2.860000000000000142e+01,-2.659672376659686581e-16,7.073857151166585813e-32
2.860999999999999943e+01,-2.463921979276796036e-16,6.070911519963284490e-32
2.862000000000000099e+01,-2.168327170395726492e-16,4.701642717876337695e-32
2.862999999999999901e+01,-1.886578521060932130e-16,3.559178516128453876e-32
2.864000000000000057e+01,-1.500007516657096892e-16,2.250022550027790747e-32
2.865000000000000213e+01,-1.395439444322859452e-16,1.947251242772090635e-32
2.866000000000000014e+01,-1.017231258399101121e-16,1.034759433064218787e-32
2.867000000000000171e+01,-6.761100984673287414e-17,4.571248652495009474e-33
2.867999999999999972e+01,-2.309271612893650955e-17,5.332735382116444082e-34
2.869000000000000128e+01,1.846717801595926547e-19,3.410366638731291789e-38
2.869999999999999929e+01,3.246113412188170244e-17,1.053725228478792492e-33
2.871000000000000085e+01,6.754796979872236563e-17,4.562728223929108685e-33
2.871999999999999886e+01,1.027382503954191306e-16,1.055514809431183873e-32
2.873000000000000043e+01,1.345088083659217770e-16,1.809261952802026687e-32
2.874000000000000199e+01,1.660021897075572674e-16,2.755672698770383288e-32
2.875000000000000000e+01,1.951837101453284386e-16,3.809668070609558762e-32
2.876000000000000156e+01,2.261350722090572633e-16,5.113707088299554605e-32
2.876999999999999957e+01,2.451055779771623984e-16,6.007674435551883954e-32
2.878000000000000114e+01,2.721901528856007951e-16,7.408747932788673632e-32
2.878999999999999915e+01,3.002369471792257671e-16,9.014222445150120819e-32
2.880000000000000071e+01,3.279127083262537436e-16,1.075267442818587651e-31
2.881000000000000227e+01,3.354883063198637047e-16,1.125524036773706995e-31
2.882000000000000028e+01,3.559464928055399157e-16,1.266979057405642832e-31
2.883000000000000185e+01,3.726308193812027175e-16,1.388537275527065156e-31
2.883999999999999986e+01,3.794567479433688203e-16,1.439874235597573438e-31
2.885000000000000142e+01,3.971163037185569479e-16,1.577013586790891567e-31
2.885999999999999943e+01,3.978309987140510814e-16,1.582695035378193171e-31
2.887000000000000099e+01,4.009296999474700419e-16,1.607446242999683638e-31
2.887999999999999901e+01,4.063086668213591179e-16,1.650867327341502077e-31
2.889000000000000057e+01,4.146616434613682361e-16,1.719442785580828689e-31
2.890000000000000213e+01,3.945602975975557574e-16,1.556778284402717561e-31
2.891000000000000014e+01,4.036296588193367080e-16,1.629169014786141645e-31
2.892000000000000171e+01,3.863418120252566555e-16,1.492599957189587410e-31
2.892999999999999972e+01,3.878350683775443600e-16,1.504160402634145126e-31
2.894000000000000128e+01,3.643846245939483168e-16,1.327761546404726463e-31
2.894999999999999929e+01,3.463918824047851301e-16,1.199873361959304876e-31
2.896000000000000085e+01,3.335574471216351008e-16,1.112605705303023978e-31
2.896999999999999886e+01,3.180686717961180036e-16,1.011676799781466351e-31
2.898000000000000043e+01,2.899968716255821991e-16,8.409818555262440735e-32
2.899000000000000199e+01,2.806115577698593600e-16,7.874284635402711790e-32
2.900000000000000000e+01,2.446324938193885384e-16,5.984505703229316601e-32
2.901000000000000156e+01,2.222133734997395475e-16,4.937878336213475243e-32
2.901999999999999957e+01,1.858227263320054017e-16,3.453008562145937432e-32
2.903000000000000114e+01,1.525703167165899503e-16,2.327770154300056568e-32
2.903999999999999915e+01,1.287005176188528717e-16,1.656382323536065841e-32
2.905000000000000071e+01,1.059198258357624064e-16,1.121900950507824099e-32
2.906000000000000227e+01,6.044934201132518178e-17,3.654122949602163910e-33
2.907000000000000028e+01,3.392182369866552639e-17,1.150690123043346123e-33
2.908000000000000185e+01,-6.454219581058041471e-18,4.165695040051304232e-35
2.908999999999999986e+01,-3.654068242919954741e-17,1.335221472391612565e-33
2.910000000000000142e+01,-5.980662339126379847e-17,3.576832201464461847e-33
2.910999999999999943e+01,-1.001194761441989945e-16,1.002390950338883205e-32
2.912000000000000099e+01,-1.368906181416855214e-16,1.873904133521276141e-32
2.912999999999999901e+01,-1.525777508962120970e-16,2.327997006854655064e-32
2.914000000000000057e+01,-1.817373067123723432e-16,3.302844865106689577e-32
2.915000000000000213e+01,-2.248680514593621552e-16,5.056564056713034662e-32
2.916000000000000014e+01,-2.406511527144657064e-16,5.791297730280109348e-32
2.917000000000000171e+01,-2.738187450987374393e-16,7.497670516744735022e-32
2.917999999999999972e+01,-2.999123776552672933e-16,8.994743427083567715e-32
2.919000000000000128e+01,-3.149922731015655572e-16,9.922013211369126694e-32
2.919999999999999929e+01,-3.359147578963712977e-16,1.128387245725777376e-31
2.921000000000000085e+01,-3.465057605199064298e-16,1.200662420734787436e-31
2.921999999999999886e+01,-3.601299084292832872e-16,1.296935509452839686e-31
2.923000000000000043e+01,-3.767314452773356832e-16,1.419265818607501703e-31
2.924000000000000199e+01,-3.913717103741597596e-16,1.531718156811951947e-31
2.925000000000000000e+01,-3.976495371478192091e-16,1.581251543938748561e-31
2.926000000000000156e+01,-4.000717280356215123e-16,1.600573875734082940e-31
2.926999999999999957e+01,-4.089886885751481965e-16,1.672717473824195591e-31
2.928000000000000114e+01,-4.098490259077856032e-16,1.679762240375607224e-31
2.928999999999999915e+01,-4.011797587165791061e-16,1.609451988038926378e-31
2.930000000000000071e+01,-3.966293649533054139e-16,1.573148531432623390e-31
2.931000000000000227e+01,-3.898358764476723643e-16,1.519720105657248814e-31
2.932000000000000028e+01,-3.816476344697452329e-16,1.456549168963522597e-31
2.933000000000000185e+01,-3.683085197654271646e-16,1.356511657318000591e-31
2.933999999999999986e+01,-3.493373381628109006e-16,1.220365758346781003e-31
2.935000000000000142e+01,-3.327432354943806760e-16,1.107180607672688680e-31
2.935999999999999943e+01,-3.275878008850397300e-16,1.073137672886964445e-31
2.937000000000000099e+01,-3.012125142960066328e-16,9.072897876852200075e-32
2.937999999999999901e+01,-2.698858951199864171e-16,7.283839638471631084e-32
2.939000000000000057e+01,-2.467640758674154240e-16,6.089250913869955455e-32
2.940000000000000213e+01,-2.243952207395299131e-16,5.035321509074235966e-32
2.941000000000000014e+01,-1.988569551925010152e-16,3.954408862843235917e-32
2.942000000000000171e+01,-1.718466376009703362e-16,2.953126685475923119e-32
2.942999999999999972e+01,-1.335121636603258215e-16,1.782549784526162576e-32
2.944000000000000128e+01,-1.055126144229928409e-16,1.113291180237515738e-32
2.944999999999999929e+01,-7.881097368449538404e-17,6.211169573098224222e-33
2.946000000000000085e+01,-3.848668982439968785e-17,1.481225293639550489e-33
2.946999999999999886e+01,-8.735308894838590806e-18,7.630562148824620187e-35
2.948000000000000043e+01,2.104447292406029733e-17,4.428698406515069660e-34
2.949000000000000199e+01,5.520359901543775524e-17,3.047437344257240192e-33
2.950000000000000000e+01,7.966534466558939659e-17,6.346567140687152315e-33
2.951000000000000156e+01,1.114179930215477559e-16,1.241396916894966528e-32
2.951999999999999957e+01,1.327394736158474331e-16,1.761976785581225551e-32
2.953000000000000114e+01,1.693056687978412336e-16,2.866440948708430852e-32
2.953999999999999915e+01,2.051537898117853548e-16,4.208807747413820539e-32
2.955000000000000071e+01,2.364128255366949732e-16,5.589102407824377211e-32
2.956000000000000227e+01,2.493395122306109170e-16,6.217019235939896927e-32
2.957000000000000028e+01,2.790953230441940618e-16,7.789419934514304353e-32
2.958000000000000185e+01,3.009866166106695762e-16,9.059294337873819204e-32
2.958999999999999986e+01,3.118025031677750962e-16,9.722080098169039632e-32
2.960000000000000142e+01,3.389837224113016220e-16,1.149099640598223904e-31
2.960999999999999943e+01,3.494804461205375022e-16,1.221365822206099058e-31
2.962000000000000099e+01,3.674867049999227739e-16,1.350464783517002644e-31
2.962999999999999901e+01,3.699332259301248792e-16,1.368505916470688126e-31
2.964000000000000057e+01,3.887474449675368677e-16,1.511245759687881053e-31
2.965000000000000213e+01,3.998209934320013685e-16,1.598568267889524899e-31
2.966000000000000014e+01,3.978073445061623588e-16,1.582506833430445505e-31
2.967000000000000171e+01,3.893438689235875361e-16,1.515886482683877075e-31
2.967999999999999972e+01,3.949461991033969971e-16,1.559825001862200990e-31
2.969000000000000128e+01,3.937043531892405653e-16,1.550031177201582786e-31
2.969999999999999929e+01,3.762607265403506511e-16,1.415721343366725272e-31
2.971000000000000085e+01,3.689434662886107998e-16,1.361192813170552833e-31
2.971999999999999886e+01,3.633046410452016109e-16,1.319902622049827872e-31
2.973000000000000043e+01,3.475539798466311622e-16,1.207937689072324983e-31
2.974000000000000199e+01,3.279486965139701372e-16,1.075503475452120976e-31
2.975000000000000000e+01,3.099616989181513735e-16,9.607625479622672152e-32
2.976000000000000156e+01,2.905159125301112465e-16,8.439949543320324633e-32
2.976999999999999957e+01,2.665342628207862302e-16,7.104051325741995242e-32
2.978000000000000114e+01,2.475757531152532264e-16,6.129375353058482143e-32
2.978999999999999915e+01,2.225093890156037498e-16,4.951042820009728311e-32
2.980000000000000071e+01,1.933430748543324612e-16,3.738154459412800357e-32
2.981000000000000227e+01,1.681459367767841034e-16,2.827305605454227708e-32
2.982000000000000028e+01,1.446356816389551742e-16,2.091948040316519391e-32
2.983000000000000185e+01,1.157143574879596556e-16,1.338981252885132414e-32
2.983999999999999986e+01,6.589656817083594698e-17,4.342357696693628928e-33
2.985000000000000142e+01,4.740911511954351501e-17,2.247624196418129359e-33
2.985999999999999943e+01,6.635343230034330043e-18,4.402777978036241703e-35
2.987000000000000099e+01,-2.285570941382318151e-17,5.223834528091255850e-34
2.987999999999999901e+01,-4.447362792055653823e-17,1.977903580416105913e-33
2.989000000000000057e+01,-7.725734630252030723e-17,5.968697557707548131e-33
2.990000000000000213e+01,-1.020618245291163582e-16,1.041661602621213715e-32
2.991000000000000014e+01,-1.323510377305895218e-16,1.751679718836393249e-32
2.992000000000000171e+01,-1.744213981296547250e-16,3.042282412550351917e-32
2.992999999999999972e+01,-1.957267431750017484e-16,3.830895799389309203e-32
2.994000000000000128e+01,-2.174848973427895043e-16,4.729968057220369002e-32
2.994999999999999929e+01,-2.545777365675623181e-16,6.480982395586316003e-32
2.996000000000000085e+01,-2.664872923222643742e-16,7.101547696925198274e-32
2.996999999999999886e+01,-2.918256798126337906e-16,8.516222739810585271e-32
2.998000000000000043e+01,-3.133581052537123338e-16,9.819330212819666228e-32
2.999000000000000199e+01,-3.260039827082639086e-16,1.062785967416500336e-31
3.000000000000000000e+01,-3.470329114385687774e-16,1.204318416215295202e-31
3.001000000000000156e+01,-3.646350212803129209e-16,1.329586987440942638e-31
3.001999999999999957e+01,-3.715038653339342049e-16,1.380151219580539255e-31
3.003000000000000114e+01,-3.814994577531853372e-16,1.455418362659744470e-31
3.003999999999999915e+01,-3.960572710396545476e-16,1.568613619433783758e-31
3.005000000000000071e+01,-3.858106060995276824e-16,1.488498237788849161e-31
3.006000000000000227e+01,-3.938523609471726664e-16,1.551196822236619722e-31
3.007000000000000028e+01,-3.905549643674886631e-16,1.525331801920903285e-31
3.008000000000000185e+01,-3.864817097690555057e-16,1.493681119860124631e-31
3.008999999999999986e+01,-3.767774020240908706e-16,1.419612106760233900e-31
3.010000000000000142e+01,-3.757866286308101224e-16,1.412155902577104079e-31
3.010999999999999943e+01,-3.607131536123673612e-16,1.301139791889793310e-31
3.012000000000000099e+01,-3.517750732443686755e-16,1.237457021560809556e-31
3.012999999999999901e+01,-3.357025458598841206e-16,1.126961992968075935e-31
3.014000000000000057e+01,-3.111452541057249469e-16,9.681136915251614695e-32
3.015000000000000213e+01,-2.843969068665615661e-16,8.088160063526769647e-32
3.016000000000000014e+01,-2.703976708035210877e-16,7.311490037596936205e-32
3.017000000000000171e+01,-2.549087265193762452e-16,6.497845885573014815e-32
3.017999999999999972e+01,-2.236666711365581549e-16,5.002677977730925838e-32
3.019000000000000128e+01,-1.930066782264296754e-16,3.725157784000056114e-32
3.019999999999999929e+01,-1.792264125449874166e-16,3.212210695374602107e-32
3.021000000000000085e+01,-1.532569645798731712e-16,2.348769719223650001e-32
3.021999999999999886e+01,-1.182543970186359867e-16,1.398410241424118480e-32
3.023000000000000043e+01,-8.775956116715895561e-17,7.701740576252313543e-33
3.024000000000000199e+01,-4.832795437704845549e-17,2.335591174270076828e-33
3.025000000000000000e+01,-2.690212071026838246e-17,7.237240987098510063e-34
3.026000000000000156e+01,5.200715521585015209e-18,2.704744193645529789e-35
3.026999999999999957e+01,3.011459445966627412e-17,9.068887994701625844e-34
3.028000000000000114e+01,6.489405215292474712e-17,4.211238004826516698e-33
3.028999999999999915e+01,1.031390202605047252e-16,1.063765750029680472e-32
3.030000000000000071e+01,1.295118569494350850e-16,1.677332109049093806e-32
3.031000000000000227e+01,1.581831223313215640e-16,2.502190019048584084e-32
3.032000000000000028e+01,1.764774556710655816e-16,3.114429236013291908e-32
3.033000000000000185e+01,2.144789543960197927e-16,4.600122187880993899e-32
3.033999999999999986e+01,2.241046963790684174e-16,5.022291493915444098e-32
3.035000000000000142e+01,2.484915088778012306e-16,6.174802998436636899e-32
3.035999999999999943e+01,2.808195458406520678e-16,7.885961732615009209e-32
3.037000000000000099e+01,3.034263791957606391e-16,9.206756759184951991e-32
3.037999999999999901e+01,3.185138777803088196e-16,1.014510903386495065e-31
3.039000000000000057e+01,3.392821033479547015e-16,1.151123456522122123e-31
3.040000000000000213e+01,3.551699589522796328e-16,1.261456997421640054e-31
3.041000000000000014e+01,3.578793795073018077e-16,1.280776502765313535e-31
3.042000000000000171e+01,3.669159627552941654e-16,1.346273237246444068e-31
3.042999999999999972e+01,3.759150371879201758e-16,1.413121151839954051e-31
3.044000000000000128e+01,3.901045206658368077e-16,1.521815370439222938e-31
3.044999999999999929e+01,3.802826177159397872e-16,1.446148693368875958e-31
3.046000000000000085e+01,3.768781013662455759e-16,1.420371032894260741e-31
3.046999999999999886e+01,3.810500278033001505e-16,1.451991236888958218e-31
3.048000000000000043e+01,3.798510973805989000e-16,1.442868561812452203e-31
3.049000000000000199e+01,3.655639558158275196e-16,1.336370057917163050e-31
3.050000000000000000e+01,3.502840133542420043e-16,1.226988900115548015e-31
3.051000000000000156e+01,3.415228326695251817e-16,1.166378452346164869e-31
3.051999999999999957e+01,3.187184866785460308e-16,1.015814737506625303e-31
3.053000000000000114e+01,3.162550698855662946e-16,1.000172692283244304e-31
3.053999999999999915e+01,2.977486934679628944e-16,8.865428446187892882e-32
3.055000000000000071e+01,2.819361934116262469e-16,7.948801715543792248e-32
3.056000000000000227e+01,2.472709517507445949e-16,6.114292357971906135e-32
3.057000000000000028e+01,2.229949761118330753e-16,4.972675937111700834e-32
3.058000000000000185e+01,1.990667173288853932e-16,3.962755794809836223e-32
3.058999999999999986e+01,1.692529537059749792e-16,2.864656233819690817e-32
3.060000000000000142e+01,1.288083132233742086e-16,1.659158155545087853e-32
3.060999999999999943e+01,1.181581750801173440e-16,1.396135433826366293e-32
3.062000000000000099e+01,8.297693377000661376e-17,6.885171537872063735e-33
3.062999999999999901e+01,4.870536571184396806e-17,2.372212649124466162e-33
3.064000000000000057e+01,2.826103383364540023e-17,7.986860333464499642e-34
3.065000000000000213e+01,3.662009298425444582e-18,1.341031210175441801e-35
3.066000000000000014e+01,-3.239950646240026533e-17,1.049728019007116538e-33
3.067000000000000171e+01,-6.186453947758021024e-17,3.827221244773080142e-33
3.067999999999999972e+01,-9.049356520252258757e-17,8.189085343063207094e-33
3.069000000000000128e+01,-1.259758907873308389e-16,1.586992505966150723e-32
3.069999999999999929e+01,-1.603684332229813728e-16,2.571803437439383407e-32
3.071000000000000085e+01,-1.781580871415573267e-16,3.174030401393873278e-32
3.071999999999999886e+01,-2.070175724347866958e-16,4.285627529679215641e-32
3.073000000000000043e+01,-2.342638407500071225e-16,5.487954708294469445e-32
3.074000000000000199e+01,-2.543043615078201204e-16,6.467070828190006462e-32
3.075000000000000000e+01,-2.778088720523046018e-16,7.717776939097374880e-32
3.076000000000000156e+01,-3.009190331595590529e-16,9.055226451768380429e-32
3.076999999999999957e+01,-3.209892906358606869e-16,1.030341247029130406e-31
3.078000000000000114e+01,-3.204226033982986546e-16,1.026706447685433882e-31
3.078999999999999915e+01,-3.434489610261759819e-16,1.179571888299597532e-31
3.080000000000000071e+01,-3.597244077226199504e-16,1.294016495113897218e-31
3.081000000000000227e+01,-3.697044559481156604e-16,1.366813847478922002e-31
3.082000000000000028e+01,-3.710426082801046815e-16,1.376726171593032032e-31
3.083000000000000185e+01,-3.797794589224217019e-16,1.442324374194073828e-31
3.083999999999999986e+01,-3.823368167124451502e-16,1.461814414138058680e-31
3.085000000000000142e+01,-3.953266939331494520e-16,1.562831949361140283e-31
3.085999999999999943e+01,-3.749671792860946089e-16,1.406003855417702130e-31
3.087000000000000099e+01,-3.692259651142529171e-16,1.363278133145515024e-31
3.087999999999999901e+01,-3.711936572933367394e-16,1.377847312148031144e-31
3.089000000000000057e+01,-3.608489963490995859e-16,1.302119981661524843e-31
3.090000000000000213e+01,-3.394549480241699392e-16,1.152296617380919106e-31
3.091000000000000014e+01,-3.239729310437639337e-16,1.049584600490874190e-31
3.092000000000000171e+01,-3.141821164813777579e-16,9.871040231671802898e-32
3.092999999999999972e+01,-2.958158067662010024e-16,8.750699153273837430e-32
3.094000000000000128e+01,-2.798005563565326865e-16,7.828835133742522663e-32
3.094999999999999929e+01,-2.614656729461223155e-16,6.836429812916859719e-32
3.096000000000000085e+01,-2.305760652608457430e-16,5.316532187117379181e-32
3.097000000000000242e+01,-2.009539007218337650e-16,4.038247021532061874e-32
3.098000000000000043e+01,-1.747623566405074706e-16,3.054188129854392654e-32
3.099000000000000199e+01,-1.495460417587064775e-16,2.236401860569678238e-32
3.100000000000000000e+01,-1.290977815924120993e-16,1.666623721208213568e-32
3.101000000000000156e+01,-9.588199375956717239e-17,9.193356727309678293e-33
3.101999999999999957e+01,-6.732023468830827132e-17,4.532013998488904424e-33
3.103000000000000114e+01,-3.561265076635214420e-17,1.268260894606162024e-33
3.103999999999999915e+01,-9.282903807461866536e-18,8.617230309859002210e-35
3.105000000000000071e+01,3.016604236182418041e-17,9.099901117753709478e-34
3.106000000000000227e+01,4.846958394678201494e-17,2.349300567974148692e-33
3.107000000000000028e+01,7.872804667799987978e-17,6.198105333733328455e-33
3.108000000000000185e+01,1.186911550714379626e-16,1.408759029219213339e-32
3.108999999999999986e+01,1.336167912905763433e-16,1.785344691478943743e-32
3.110000000000000142e+01,1.504977012296569780e-16,2.264955807541109661e-32
3.110999999999999943e+01,1.878889213910828713e-16,3.530224678150451604e-32
3.112000000000000099e+01,2.225619351488422344e-16,4.953381497719745358e-32
3.112999999999999901e+01,2.378646870251774995e-16,5.657960933358564426e-32
3.114000000000000057e+01,2.590046215739314565e-16,6.708339399665543663e-32
3.115000000000000213e+01,2.924891803439116973e-16,8.554992061825329972e-32
3.116000000000000014e+01,3.022875980445477898e-16,9.137779193154209651e-32
3.117000000000000171e+01,3.180585342784514645e-16,1.011612312273568896e-31
3.117999999999999972e+01,3.352088487495215441e-16,1.123649722799796048e-31
3.119000000000000128e+01,3.452034274170060077e-16,1.191654063004481269e-31
3.119999999999999929e+01,3.432059985194335493e-16,1.177903574197214279e-31
3.121000000000000085e+01,3.630762089804479319e-16,1.318243335276138971e-31
3.122000000000000242e+01,3.672836167293355657e-16,1.348972551177814716e-31
3.123000000000000043e+01,3.683970540863819935e-16,1.357163894595246647e-31
3.124000000000000199e+01,3.742518084560893958e-16,1.400644161326534292e-31
3.125000000000000000e+01,3.694493284201733513e-16,1.364928062701171098e-31
3.126000000000000156e+01,3.578324090087799516e-16,1.280440329370267820e-31
3.126999999999999957e+01,3.526984321451665963e-16,1.243961840376586836e-31
3.128000000000000114e+01,3.561637736008603377e-16,1.268526336256049047e-31
3.128999999999999915e+01,3.440524812445932820e-16,1.183721098505612056e-31
3.130000000000000071e+01,3.271566184669544319e-16,1.070314530067323981e-31
3.131000000000000227e+01,3.055647195888986164e-16,9.336979785744223933e-32
3.132000000000000028e+01,2.907642817129425131e-16,8.454386752004339734e-32
3.133000000000000185e+01,2.704757296895537884e-16,7.315712035109656698e-32
3.133999999999999986e+01,2.460895930253321041e-16,6.056008779537358686e-32
3.135000000000000142e+01,2.088497597943938579e-16,4.361822216617601435e-32
3.135999999999999943e+01,2.045311772684293660e-16,4.183300247480967646e-32
3.137000000000000099e+01,1.794100705733803715e-16,3.218797342314532465e-32
3.137999999999999901e+01,1.495655564802146526e-16,2.236985568523627830e-32
3.139000000000000057e+01,1.277479288754495998e-16,1.631953333196692875e-32
3.140000000000000213e+01,9.706808332655741757e-17,9.422212800691494736e-33
3.141000000000000014e+01,7.011850636171234675e-17,4.916604934397494677e-33
3.142000000000000171e+01,3.918049202957783705e-17,1.535110955679812424e-33
3.142999999999999972e+01,1.901291438367700048e-17,3.614909133610317686e-34
3.144000000000000128e+01,-1.814919787848410333e-17,3.293933836323718864e-34
3.144999999999999929e+01,-6.238526996838704287e-17,3.891921909028534111e-33
3.146000000000000085e+01,-7.677040753726876088e-17,5.893695473438332501e-33
3.147000000000000242e+01,-1.024271130823689060e-16,1.049131349438838689e-32
3.148000000000000043e+01,-1.340436652636533981e-16,1.796770419731436144e-32
3.149000000000000199e+01,-1.542044845644431737e-16,2.377902305978559221e-32
3.150000000000000000e+01,-1.956632147309578259e-16,3.828409359885291302e-32
3.151000000000000156e+01,-2.165931337053857378e-16,4.691258556831910311e-32
3.151999999999999957e+01,-2.360808218331143774e-16,5.573415443739869424e-32
3.153000000000000114e+01,-2.577450350038584705e-16,6.643250306914022490e-32
3.153999999999999915e+01,-2.770117252464556024e-16,7.673549592401780421e-32
3.155000000000000071e+01,-2.876300991676905427e-16,8.273107394721549820e-32
3.156000000000000227e+01,-3.115046291070053510e-16,9.703513395509296101e-32
3.157000000000000028e+01,-3.319520022405038448e-16,1.101921317914794713e-31
3.158000000000000185e+01,-3.383281629355292210e-16,1.144659458353300035e-31
3.158999999999999986e+01,-3.542582581967982540e-16,1.254989135006293827e-31
3.160000000000000142e+01,-3.803089752618729267e-16,1.446349166647358740e-31
3.160999999999999943e+01,-3.643900312700371508e-16,1.327800948889786451e-31
3.162000000000000099e+01,-3.667331495200400846e-16,1.344932029568880672e-31
3.162999999999999901e+01,-3.655930166998050268e-16,1.336582538596639162e-31
3.164000000000000057e+01,-3.698183340632369601e-16,1.367656002093079392e-31
3.165000000000000213e+01,-3.661468630816560538e-16,1.340635253445369766e-31
3.166000000000000014e+01,-3.528714457800096285e-16,1.245182572468742690e-31
3.167000000000000171e+01,-3.422584785348635715e-16,1.171408661289996664e-31
3.167999999999999972e+01,-3.444973493115285088e-16,1.186784236826692923e-31
3.169000000000000128e+01,-3.289795131020338551e-16,1.082275200408512644e-31
3.169999999999999929e+01,-3.226797217067634313e-16,1.041222028007542897e-31
3.171000000000000085e+01,-2.856745720098065969e-16,8.160996109298617345e-32
3.172000000000000242e+01,-2.724224709987933544e-16,7.421400270508840897e-32
3.173000000000000043e+01,-2.562504269825485575e-16,6.566428132873845401e-32
3.174000000000000199e+01,-2.250900630962603316e-16,5.066553650467845362e-32
3.175000000000000000e+01,-2.061050268861664183e-16,4.247928210774738228e-32
3.176000000000000156e+01,-1.909809487587046619e-16,3.647372278877497740e-32
3.176999999999999957e+01,-1.621637876017332917e-16,2.629709400934006539e-32
3.178000000000000114e+01,-1.329178939267792993e-16,1.766716652593055360e-32
3.178999999999999915e+01,-1.048673403036863423e-16,1.099715906236915831e-32
3.180000000000000071e+01,-6.182339805171666220e-17,3.822132546661003286e-33
3.181000000000000227e+01,-4.553179204651303002e-17,2.073144086966907087e-33
3.182000000000000028e+01,-1.133085133473947064e-17,1.283881919699672419e-34
3.183000000000000185e+01,1.287131050366222099e-17,1.656706340816854170e-34
3.183999999999999986e+01,3.552072143297043375e-17,1.261721651118685079e-33
3.185000000000000142e+01,5.293363985126197939e-17,2.801970227903110364e-33
3.185999999999999943e+01,9.371019955812947323e-17,8.781601501224449492e-33
3.187000000000000099e+01,1.290302403809584877e-16,1.664880293276792992e-32
3.187999999999999901e+01,1.535881234903148930e-16,2.358931167727621774e-32
3.189000000000000057e+01,1.738080783108264257e-16,3.020924808610237338e-32
3.190000000000000213e+01,1.885147441483666114e-16,3.553780876132412254e-32
3.191000000000000014e+01,2.313726207114975355e-16,5.353328961490649514e-32
3.192000000000000171e+01,2.549437009553259701e-16,6.499629065679867299e-32
3.192999999999999972e+01,2.705380754232032722e-16,7.319085025369081955e-32
3.194000000000000128e+01,2.843480778231341672e-16,8.085382936171116715e-32
3.194999999999999929e+01,2.955937951293028261e-16,8.737569171894424681e-32
3.196000000000000085e+01,3.203350828291104945e-16,1.026145652911330710e-31
3.197000000000000242e+01,3.259418059332421700e-16,1.062380608550233103e-31
3.198000000000000043e+01,3.324848977525106155e-16,1.105462072334974480e-31
3.199000000000000199e+01,3.550391849743807022e-16,1.260528228672725114e-31
3.200000000000000000e+01,3.490076998800191820e-16,1.218063745755415443e-31
3.200999999999999801e+01,3.553108704478451516e-16,1.262458146584053915e-31
3.202000000000000313e+01,3.663442067588988389e-16,1.342080778258068249e-31
3.203000000000000114e+01,3.591594100713357157e-16,1.289954818427898857e-31
3.203999999999999915e+01,3.569730854279092629e-16,1.274297837199214035e-31
3.204999999999999716e+01,3.491884856117399254e-16,1.219325984838203033e-31
3.206000000000000227e+01,3.469061924677364724e-16,1.203439063724622309e-31
3.207000000000000028e+01,3.337838516828554917e-16,1.114116596442424790e-31
3.207999999999999829e+01,3.183771902504377207e-16,1.013640352717634191e-31
3.209000000000000341e+01,3.015191742054207578e-16,9.091381241351887324e-32
3.210000000000000142e+01,2.883326291419847505e-16,8.313570502792930953e-32
3.210999999999999943e+01,2.699658125509246607e-16,7.288153994628099465e-32
3.211999999999999744e+01,2.543803928903194837e-16,6.470938428703330416e-32
3.213000000000000256e+01,2.313107818537313860e-16,5.350467780178451212e-32
3.214000000000000057e+01,2.153509498739737169e-16,4.637603161162273799e-32
3.214999999999999858e+01,1.858179954904276719e-16,3.452832744808059882e-32
3.216000000000000369e+01,1.541494040517880667e-16,2.376203876952141657e-32
3.217000000000000171e+01,1.342447260307072935e-16,1.802164646705966063e-32
3.217999999999999972e+01,1.079750385840344012e-16,1.165860895722371762e-32
3.218999999999999773e+01,8.456615862287131849e-17,7.151435184228632669e-33
3.220000000000000284e+01,6.126338467995182437e-17,3.753202302443755939e-33
3.221000000000000085e+01,2.417122128969014257e-17,5.842479386351700180e-34
3.221999999999999886e+01,-4.477403636074295664e-18,2.004714332033132419e-35
3.223000000000000398e+01,-4.319832819810035996e-17,1.866095559110792521e-33
3.224000000000000199e+01,-6.332265243529044463e-17,4.009758311440594899e-33
3.225000000000000000e+01,-8.964708247736287952e-17,8.036599396703103253e-33
3.225999999999999801e+01,-1.240967329292018455e-16,1.539999912370165026e-32
3.227000000000000313e+01,-1.394915672576752552e-16,1.945789733600253846e-32
3.228000000000000114e+01,-1.722871127435833731e-16,2.968284921752020903e-32
3.228999999999999915e+01,-1.947934157151649844e-16,3.794447480598108598e-32
3.229999999999999716e+01,-2.184047081124041833e-16,4.770061652566447231e-32
3.231000000000000227e+01,-2.328594566359297866e-16,5.422352654478046050e-32
3.232000000000000028e+01,-2.580467951130670958e-16,6.658814846812522548e-32
3.232999999999999829e+01,-2.866379741053875861e-16,8.216132819924084200e-32
3.234000000000000341e+01,-2.920544497946430588e-16,8.529580164485168231e-32
3.235000000000000142e+01,-3.059695444610508243e-16,9.361736213770295330e-32
3.235999999999999943e+01,-3.183599564704045008e-16,1.013530618838378489e-31
3.236999999999999744e+01,-3.315336606781295521e-16,1.099145681626411457e-31
3.238000000000000256e+01,-3.446999307062323827e-16,1.188180422288813975e-31
3.239000000000000057e+01,-3.556143201433315253e-16,1.264615446910038937e-31
3.239999999999999858e+01,-3.590995987171028543e-16,1.289525217987842912e-31
3.241000000000000369e+01,-3.623466456257095050e-16,1.312950915962035115e-31
3.242000000000000171e+01,-3.526278074387560670e-16,1.243463705790644360e-31
3.242999999999999972e+01,-3.563144846968369051e-16,1.269600120047724213e-31
3.243999999999999773e+01,-3.408328056336863902e-16,1.161670013961302407e-31
3.245000000000000284e+01,-3.404803579361448724e-16,1.159268741403253283e-31
3.246000000000000085e+01,-3.303257754481561271e-16,1.091151179254256621e-31
3.246999999999999886e+01,-3.196921952504213536e-16,1.022030997040335331e-31
3.248000000000000398e+01,-3.065789782314402926e-16,9.399066989343394423e-32
3.249000000000000199e+01,-2.853648708450924658e-16,8.143310951243630418e-32
3.250000000000000000e+01,-2.704059497762821332e-16,7.311937767441321624e-32
3.250999999999999801e+01,-2.586018242053125368e-16,6.687490348231537101e-32
3.252000000000000313e+01,-2.256129900492282592e-16,5.090122127895317119e-32
3.253000000000000114e+01,-2.177613981371455807e-16,4.742002651864443094e-32
3.253999999999999915e+01,-1.958043796644650120e-16,3.833935509578596217e-32
3.254999999999999716e+01,-1.556380985211258360e-16,2.422321771127167240e-32
3.256000000000000227e+01,-1.375231147647664314e-16,1.891260709460311820e-32
3.257000000000000028e+01,-1.183221916680312655e-16,1.400014104112632785e-32
3.257999999999999829e+01,-8.296502218674837985e-17,6.883194906447650266e-33
3.259000000000000341e+01,-5.611536313040456929e-17,3.148933979257168329e-33
3.260000000000000142e+01,-2.486560429015127390e-17,6.182982767143894557e-34
3.260999999999999943e+01,-1.040362750533112384e-18,1.082354652696823064e-36
3.261999999999999744e+01,2.410380679720736148e-17,5.809935021170997872e-34
3.263000000000000256e+01,5.393750753819538774e-17,2.909254719432884305e-33
3.264000000000000057e+01,7.812562469066317036e-17,6.103613233306358978e-33
3.264999999999999858e+01,1.094464147940250780e-16,1.197851771126579144e-32
3.266000000000000369e+01,1.297765306398468001e-16,1.684194790491509404e-32
3.267000000000000171e+01,1.605201580707245842e-16,2.576672114705040510e-32
3.267999999999999972e+01,1.775792348827954180e-16,3.153438466155902369e-32
3.268999999999999773e+01,2.039786825556005721e-16,4.160730293711846868e-32
3.270000000000000284e+01,2.208069618821288743e-16,4.875571441561591615e-32
3.271000000000000085e+01,2.556131150385759958e-16,6.533806457972428242e-32
3.271999999999999886e+01,2.750246028251775268e-16,7.563853215914664417e-32
3.273000000000000398e+01,2.844420188201778300e-16,8.090726207049840128e-32
3.274000000000000199e+01,3.039538680316785265e-16,9.238795389141904358e-32
3.275000000000000000e+01,3.152271255941747389e-16,9.936814071036562531e-32
3.275999999999999801e+01,3.190084196838103195e-16,1.017663718291620597e-31
3.277000000000000313e+01,3.433813775750654587e-16,1.179107704653496614e-31
3.278000000000000114e+01,3.387688070367700279e-16,1.147643046211163352e-31
3.278999999999999915e+01,3.421604825307532832e-16,1.170737958056779237e-31
3.279999999999999716e+01,3.533367578409058267e-16,1.248468644415229268e-31
3.281000000000000227e+01,3.473464986517217394e-16,1.206495901256105419e-31
3.282000000000000028e+01,3.458863581904781676e-16,1.196373727822717699e-31
3.282999999999999829e+01,3.419083962581108815e-16,1.169013514317933765e-31
3.284000000000000341e+01,3.481328321053930216e-16,1.211964687897217749e-31
3.285000000000000142e+01,3.303580465460614350e-16,1.091364389177296897e-31
3.285999999999999943e+01,3.192699676396081313e-16,1.019333122365964271e-31
3.286999999999999744e+01,3.079548083374234063e-16,9.483616397813918602e-32
3.288000000000000256e+01,2.940728295620597735e-16,8.647882908663626156e-32
3.289000000000000057e+01,2.620288120525010567e-16,6.865909834564491835e-32
3.289999999999999858e+01,2.470188654781022426e-16,6.101831990208876645e-32
3.291000000000000369e+01,2.251603498854152718e-16,5.069718316052262496e-32
3.292000000000000171e+01,2.159760967967463775e-16,4.664567438755755990e-32
3.292999999999999972e+01,1.844267901493168812e-16,3.401324092478016658e-32
3.293999999999999773e+01,1.625926045990297620e-16,2.643635507029643167e-32
3.295000000000000284e+01,1.362810154126683324e-16,1.857251516190794423e-32
3.296000000000000085e+01,1.199133173054584494e-16,1.437920366719955959e-32
3.296999999999999886e+01,9.669536059368269841e-17,9.349992760342324619e-33
3.298000000000000398e+01,6.048178206785824724e-17,3.658045962103899386e-33
3.299000000000000199e+01,3.291077527005161385e-17,1.083119128875840917e-33
3.300000000000000000e+01,1.161793316316002677e-17,1.349763709836535450e-34
3.300999999999999801e+01,-2.735778100955283071e-17,7.484481817666495111e-34
3.302000000000000313e+01,-4.706883244320186748e-17,2.215474987566212600e-33
3.303000000000000114e+01,-7.496761897889469519e-17,5.620143895364732311e-33
3.303999999999999915e+01,-1.049827812861145568e-16,1.102138436656816536e-32
3.304999999999999716e+01,-1.223946437129825097e-16,1.498044880962792775e-32
3.306000000000000227e+01,-1.536246185539145962e-16,2.360052342583576177e-32
3.307000000000000028e+01,-1.818407093925714901e-16,3.306604359239363731e-32
3.307999999999999829e+01,-2.042395546768873043e-16,4.171379569461323790e-32
3.309000000000000341e+01,-2.187209986636015623e-16,4.783887525640319524e-32
3.310000000000000142e+01,-2.394694560717976265e-16,5.734562039132261531e-32
3.310999999999999943e+01,-2.634588778780004033e-16,6.941058033273512947e-32
3.311999999999999744e+01,-2.797809571557106387e-16,7.827738398696559326e-32
3.313000000000000256e+01,-2.964328436748403874e-16,8.787243080915236239e-32
3.314000000000000057e+01,-3.227667354000683064e-16,1.041783654808177015e-31
3.314999999999999858e+01,-3.285687746779094789e-16,1.079574396933428383e-31
3.316000000000000369e+01,-3.292990138671590347e-16,1.084378405338834076e-31
3.317000000000000171e+01,-3.327069093894087919e-16,1.106938875554522705e-31
3.317999999999999972e+01,-3.464493283382291143e-16,1.200271371060100743e-31
3.318999999999999773e+01,-3.450682605147849119e-16,1.190721044146994775e-31
3.320000000000000284e+01,-3.608182458788442811e-16,1.301898065590861196e-31
3.321000000000000085e+01,-3.372265526824271792e-16,1.137217478340738374e-31
3.321999999999999886e+01,-3.469190333234474777e-16,1.203528156820752696e-31
3.323000000000000398e+01,-3.341349477113748010e-16,1.116461632820831707e-31
3.324000000000000199e+01,-3.261229295822184532e-16,1.063561651992886236e-31
3.325000000000000000e+01,-3.200453187824740003e-16,1.024290060745754081e-31
3.325999999999999801e+01,-3.079907965251397998e-16,9.485833074419006863e-32
3.327000000000000313e+01,-2.931180443564954189e-16,8.591818792737641586e-32
3.328000000000000114e+01,-2.640588499652343629e-16,6.972707624496215531e-32
3.328999999999999915e+01,-2.605217010927356289e-16,6.787155674025269382e-32
3.329999999999999716e+01,-2.218844110514589084e-16,4.923269186765278087e-32
3.331000000000000227e+01,-2.202583532177389360e-16,4.851374216219024676e-32
3.332000000000000028e+01,-1.929823481840298732e-16,3.724218671062213784e-32
3.332999999999999829e+01,-1.778426413834987972e-16,3.162800509425975882e-32
3.334000000000000341e+01,-1.488958889590229351e-16,2.216998574889768873e-32
3.335000000000000142e+01,-1.168130532047325742e-16,1.364528939901168371e-32
3.335999999999999943e+01,-9.467436196753542698e-17,8.963234813959918571e-33
3.336999999999999744e+01,-7.711848343031659389e-17,5.947260486592014778e-33
3.338000000000000256e+01,-3.637724663656859880e-17,1.323304072857741398e-33
3.339000000000000057e+01,-1.608275994137921912e-17,2.586551673320320837e-34
3.339999999999999858e+01,4.985588948768728755e-18,2.485609716608487618e-35
3.341000000000000369e+01,3.836437961776093924e-17,1.471825623455671063e-33
3.342000000000000171e+01,6.979342996187057558e-17,4.871122865842533592e-33
3.342999999999999972e+01,9.037022540424582840e-17,8.166777639614198699e-33
3.343999999999999773e+01,1.238835916202619216e-16,1.534714427273582943e-32
3.345000000000000284e+01,1.355316838984800385e-16,1.836883734035751211e-32
3.346000000000000085e+01,1.769378679317562555e-16,3.130700910823561898e-32
3.346999999999999886e+01,1.819370158104040301e-16,3.310107772199520348e-32
3.348000000000000398e+01,2.120452743215286927e-16,4.496319836209235697e-32
3.349000000000000199e+01,2.327494645692473178e-16,5.417231325727131666e-32
3.350000000000000000e+01,2.531116825543465780e-16,6.406552384549231620e-32
3.350999999999999801e+01,2.721610920016232879e-16,7.407165999951605087e-32
3.352000000000000313e+01,2.888567388053470920e-16,8.343821555326051748e-32
3.353000000000000114e+01,3.040569327946221090e-16,9.245061838047334092e-32
3.353999999999999915e+01,3.097484731298975276e-16,9.594411660630285003e-32
3.354999999999999716e+01,3.340065391542647477e-16,1.115603681978093799e-31
3.356000000000000227e+01,3.331691801950049839e-16,1.110017026318116924e-31
3.357000000000000028e+01,3.347222479015255499e-16,1.120389832402503354e-31
3.357999999999999829e+01,3.297356029613332161e-16,1.087255678602739850e-31
3.359000000000000341e+01,3.368636295499634840e-16,1.134771049135750225e-31
3.360000000000000142e+01,3.417181488432346787e-16,1.167712932488470845e-31
3.360999999999999943e+01,3.367679989666420236e-16,1.134126851279962128e-31
3.361999999999999744e+01,3.258228590592875761e-16,1.061605354855683853e-31
3.363000000000000256e+01,3.149530746999214123e-16,9.919543926293427455e-32
3.364000000000000057e+01,3.059002714236625034e-16,9.357497605707039201e-32
3.364999999999999858e+01,2.805243751179267396e-16,7.869392503530327730e-32
3.366000000000000369e+01,2.858235935195053667e-16,8.169512661240343462e-32
3.367000000000000171e+01,2.713881062795462961e-16,7.365150422999831804e-32
3.367999999999999972e+01,2.464454198954291678e-16,6.073534498743438979e-32
3.368999999999999773e+01,2.315828052444513752e-16,5.363059568488949108e-32
3.370000000000000284e+01,2.036789499499252595e-16,4.148511465270415876e-32
3.371000000000000085e+01,1.840229790289313174e-16,3.386445681068249424e-32
3.371999999999999886e+01,1.671849001019919914e-16,2.795079082211304136e-32
3.373000000000000398e+01,1.494246449846491338e-16,2.232772452878842913e-32
3.374000000000000199e+01,1.225470443952368008e-16,1.501777809000813962e-32
3.375000000000000000e+01,1.001569849595653541e-16,1.003142163619060066e-32
3.375999999999999801e+01,6.494803443449930050e-17,4.218247176904906675e-33
3.377000000000000313e+01,4.654607444886172211e-17,2.166537046598977959e-33
3.378000000000000114e+01,2.186392226877578006e-17,4.780310969750694436e-34
3.378999999999999915e+01,-1.483085042895583137e-17,2.199541244460593621e-34
3.379999999999999716e+01,-2.728749422039785041e-17,7.446073408282461151e-34
3.381000000000000227e+01,-6.474933908823426993e-17,4.192476912363142399e-33
3.382000000000000028e+01,-9.029858694606863036e-17,8.153834804456716642e-33
3.382999999999999829e+01,-1.105215830218801322e-16,1.221502031366234325e-32
3.384000000000000341e+01,-1.457727732038902752e-16,2.124970140755283177e-32
3.385000000000000142e+01,-1.554530888237106726e-16,2.416566282483248129e-32
3.385999999999999943e+01,-1.876684303818346733e-16,3.521943976198153010e-32
3.386999999999999744e+01,-2.100078022291732152e-16,4.410327699712752969e-32
3.388000000000000256e+01,-2.268195236101794263e-16,5.144709629074873879e-32
3.389000000000000057e+01,-2.520578875929052171e-16,6.353317869779764179e-32
3.389999999999999858e+01,-2.780660270837802976e-16,7.732071541815763675e-32
3.391000000000000369e+01,-2.879957256381986550e-16,8.294153798587259676e-32
3.392000000000000171e+01,-2.920642493950540580e-16,8.530152577469633597e-32
3.392999999999999972e+01,-3.099843393742733781e-16,9.609029065730468998e-32
3.393999999999999773e+01,-3.171525781163144595e-16,1.005857578058249518e-31
3.395000000000000284e+01,-3.378848154962439972e-16,1.141661485429308488e-31
3.396000000000000085e+01,-3.304759796682493602e-16,1.092143731376891651e-31
3.396999999999999886e+01,-3.338068300562330854e-16,1.114269997921908811e-31
3.398000000000000398e+01,-3.325822179221097749e-16,1.106109316779897058e-31
3.399000000000000199e+01,-3.347810455039917426e-16,1.120783484287457828e-31
3.400000000000000000e+01,-3.303195239789284190e-16,1.091109879216658693e-31
3.400999999999999801e+01,-3.326521667940092247e-16,1.106574640727493254e-31
3.402000000000000313e+01,-3.170086253654489839e-16,1.004944685560915804e-31
3.403000000000000114e+01,-3.037877817005743313e-16,9.228701631055580747e-32
3.403999999999999915e+01,-3.061768566973324524e-16,9.374426757705885505e-32
3.404999999999999716e+01,-2.836827187469507669e-16,8.047588491566157502e-32
3.406000000000000227e+01,-2.747111845706523101e-16,7.546623492821099497e-32
3.407000000000000028e+01,-2.531929516543070300e-16,6.410667076742025953e-32
3.407999999999999829e+01,-2.413496276816932887e-16,5.824964278209197464e-32
3.409000000000000341e+01,-2.226913574577189071e-16,4.959144068636153814e-32
3.410000000000000142e+01,-1.914760820174033688e-16,3.666308998473538387e-32
3.410999999999999943e+01,-1.681371509281397235e-16,2.827010152223203901e-32
3.411999999999999744e+01,-1.534673180714547809e-16,2.355221771604507237e-32
3.413000000000000256e+01,-1.228200815377234587e-16,1.508477242893303771e-32
3.414000000000000057e+01,-1.094699000432859937e-16,1.198365901548702696e-32
3.414999999999999858e+01,-7.374507658796168306e-17,5.438336320964334056e-33
3.416000000000000369e+01,-6.723572369467735956e-17,4.520642540746998281e-33
3.417000000000000171e+01,-2.319105533025948550e-17,5.378250473311568705e-34
3.417999999999999972e+01,4.396451333540933757e-18,1.932878432819385457e-35
3.418999999999999773e+01,2.349770995971651194e-17,5.521423733509605213e-34
3.420000000000000284e+01,4.982019697756952212e-17,2.482052026883827391e-33
3.421000000000000085e+01,8.038046205765296713e-17,6.461018680601788518e-33
3.421999999999999886e+01,1.017577834784327406e-16,1.035464649844359857e-32
3.423000000000000398e+01,1.322423128536154135e-16,1.748802930887349534e-32
3.424000000000000199e+01,1.523525290453861693e-16,2.321129310652523571e-32
3.425000000000000000e+01,1.774298754558410837e-16,3.148136070427527675e-32
3.425999999999999801e+01,1.870101675680178800e-16,3.497280277381812711e-32
3.427000000000000313e+01,2.157687845604647493e-16,4.655616839070025347e-32
3.428000000000000114e+01,2.388429574800027821e-16,5.704595833779441324e-32
3.428999999999999915e+01,2.546453200186728413e-16,6.484423900741230582e-32
3.430000000000000426e+01,2.896114769956242445e-16,8.387480760758699403e-32
3.431000000000000227e+01,2.851382973252443296e-16,8.130384860153943655e-32
3.432000000000000028e+01,2.845648517425713041e-16,8.097715484727158821e-32
3.432999999999999829e+01,3.007733908224157797e-16,9.046463262681367019e-32
3.434000000000000341e+01,3.039998247784337139e-16,9.241589346531840194e-32
3.435000000000000142e+01,3.159529718591020801e-16,9.982628042659855091e-32
3.435999999999999943e+01,3.261293500100739558e-16,1.063603529379933228e-31
3.436999999999999744e+01,3.191236494679537784e-16,1.018399036497454369e-31
3.438000000000000256e+01,3.270086107090222815e-16,1.069346314778448834e-31
3.439000000000000057e+01,3.203016290208107726e-16,1.025931335533850796e-31
3.439999999999999858e+01,3.222770932967723061e-16,1.038625248638164854e-31
3.441000000000000369e+01,2.959543528409776441e-16,8.758897896552188895e-32
3.442000000000000171e+01,3.003837722267634543e-16,9.023041061718010913e-32
3.442999999999999972e+01,2.941556192896702286e-16,8.652752835968940920e-32
3.443999999999999773e+01,2.778220508252711963e-16,7.718509192475957236e-32
3.445000000000000284e+01,2.637089366471094182e-16,6.954240326754916650e-32
3.446000000000000085e+01,2.535403305930152536e-16,6.428269923721546350e-32
3.446999999999999886e+01,2.346879269057258383e-16,5.507842303530731460e-32
3.448000000000000398e+01,2.148099443478337445e-16,4.614331219071943287e-32
3.449000000000000199e+01,2.024800195272240090e-16,4.099815830774501813e-32
3.450000000000000000e+01,1.773683745153304740e-16,3.145954027821053362e-32
3.450999999999999801e+01,1.507333985154050339e-16,2.272055742800390804e-32
3.452000000000000313e+01,1.268690060937568139e-16,1.609574470721770331e-32
3.453000000000000114e+01,1.035892105242149135e-16,1.073072453703011756e-32
3.453999999999999915e+01,7.264883077129153892e-17,5.277852612435756149e-33
3.455000000000000426e+01,6.283740325631665889e-17,3.948539247996955778e-33
3.456000000000000227e+01,2.546172728864619720e-17,6.482995565213904443e-34
3.457000000000000028e+01,-1.426348735688271830e-18,2.034470715799531639e-36
3.457999999999999829e+01,-3.155876833058495570e-17,9.959558585435318948e-34
3.459000000000000341e+01,-5.102820892651375597e-17,2.603878106247938220e-33
3.460000000000000142e+01,-8.521631142255487316e-17,7.261819732465856047e-33
3.460999999999999943e+01,-9.611380499687637267e-17,9.237863510977578198e-33
3.461999999999999744e+01,-1.282889344015895968e-16,1.645805068989535932e-32
3.463000000000000256e+01,-1.501734696229540933e-16,2.255207097859631470e-32
3.464000000000000057e+01,-1.780688769860913936e-16,3.170852495108775069e-32
3.464999999999999858e+01,-1.864326669782781797e-16,3.475713931663357635e-32
3.466000000000000369e+01,-2.202771076254221097e-16,4.852200414382179391e-32
3.467000000000000171e+01,-2.269570559331893993e-16,5.150950523786086078e-32
3.467999999999999972e+01,-2.479194149641503643e-16,6.146403631616658054e-32
3.468999999999999773e+01,-2.545733436432401035e-16,6.480758729369922166e-32
3.470000000000000284e+01,-2.735602383982395350e-16,7.483520403250164584e-32
3.471000000000000085e+01,-2.962665883851083977e-16,8.777389139335124754e-32
3.471999999999999886e+01,-3.144908038943252203e-16,9.890446573409891272e-32
3.473000000000000398e+01,-3.169606411151604591e-16,1.004640480161335497e-31
3.474000000000000199e+01,-3.142022225580831400e-16,9.872303666043920762e-32
3.475000000000000000e+01,-3.227974858703235619e-16,1.041982168842017397e-31
3.475999999999999801e+01,-3.199711459448801798e-16,1.023815342372798092e-31
3.477000000000000313e+01,-3.330161036782395886e-16,1.108997253090360222e-31
3.478000000000000114e+01,-3.184954612898811857e-16,1.014393588622542119e-31
3.478999999999999915e+01,-3.160070386199905184e-16,9.986044845737618711e-32
3.480000000000000426e+01,-3.050618987126360710e-16,9.306276204615862532e-32
3.481000000000000227e+01,-3.003074029270085019e-16,9.018453625276463086e-32
3.482000000000000028e+01,-3.001256034435211391e-16,9.007537784233770421e-32
3.482999999999999829e+01,-2.843298302913343279e-16,8.084345239349898154e-32
3.484000000000000341e+01,-2.769264011394285249e-16,7.668823164803567877e-32
3.485000000000000142e+01,-2.577732510946971529e-16,6.644704897992978272e-32
3.485999999999999943e+01,-2.389372363943020340e-16,5.709100293574657729e-32
3.486999999999999744e+01,-2.149998538454543829e-16,4.622493715356674719e-32
3.488000000000000256e+01,-2.009332032899311758e-16,4.037415218435280837e-32
3.489000000000000057e+01,-1.823310273303785700e-16,3.324460352735125926e-32
3.489999999999999858e+01,-1.479005536827922271e-16,2.187457377967650658e-32
3.491000000000000369e+01,-1.463610871458076681e-16,2.142156783050270692e-32
3.492000000000000171e+01,-1.076153679051554182e-16,1.158106740936195544e-32
3.492999999999999972e+01,-8.923051498058019534e-17,7.962084803699546526e-33
3.493999999999999773e+01,-6.606943396687966513e-17,4.365170104703872784e-33
3.495000000000000284e+01,-2.613730836181008612e-17,6.831588884003474470e-34
3.496000000000000085e+01,-1.715297556945757256e-17,2.942245708864083150e-34
3.496999999999999886e+01,1.555052970396935866e-17,2.418189740740333299e-34
3.498000000000000398e+01,3.786890844180668021e-17,1.434054226573937304e-33
3.499000000000000199e+01,7.165003184319141242e-17,5.133727063130343065e-33
3.500000000000000000e+01,9.177047003194264151e-17,8.421819169883682765e-33
3.500999999999999801e+01,1.115328004091218023e-16,1.243956556710100178e-32
3.502000000000000313e+01,1.325059727922604846e-16,1.755783282562327632e-32
3.503000000000000114e+01,1.589599941018374114e-16,2.526827972485618263e-32
3.503999999999999915e+01,1.864615589036279417e-16,3.476791294877111119e-32
3.505000000000000426e+01,1.954847944200259597e-16,3.821430484943981421e-32
3.506000000000000227e+01,2.157699672708591632e-16,4.655667877606763374e-32
3.507000000000000028e+01,2.336861712016396277e-16,5.460922661088202911e-32
3.507999999999999829e+01,2.451937743808616875e-16,6.011998699513290306e-32
3.509000000000000341e+01,2.590183072227813360e-16,6.709048347655513384e-32
3.510000000000000142e+01,2.670681720845596203e-16,7.132540854058795568e-32
3.510999999999999943e+01,2.908970831943747810e-16,8.462111301099500771e-32
3.511999999999999744e+01,2.988884883709424124e-16,8.933432848066697992e-32
3.513000000000000256e+01,3.051859143454239590e-16,9.313844231485244764e-32
3.514000000000000057e+01,3.157650898650147545e-16,9.970759197746083322e-32
3.514999999999999858e+01,3.304134649759720819e-16,1.091730578374279225e-31
3.516000000000000369e+01,3.208416207951841256e-16,1.029393456344807242e-31
3.517000000000000171e+01,3.155714632775830058e-16,9.958534843515492388e-32
3.517999999999999972e+01,3.128113551342279384e-16,9.785094390091207617e-32
3.518999999999999773e+01,3.115867430001046772e-16,9.708629841341328620e-32
3.520000000000000284e+01,3.090344539689145231e-16,9.550229373986515234e-32
3.521000000000000085e+01,2.871820208868275645e-16,8.247351312064226024e-32
3.521999999999999886e+01,2.764419967535936133e-16,7.642017756911386630e-32
3.523000000000000398e+01,2.676284388942661007e-16,7.162498130498192844e-32
3.524000000000000199e+01,2.514337544218992499e-16,6.321893286269194554e-32
3.525000000000000000e+01,2.352765787648987956e-16,5.535506851531562280e-32
3.525999999999999801e+01,2.216514171037552449e-16,4.912935070410288325e-32
3.527000000000000313e+01,1.989477704549308239e-16,3.958021536898784550e-32
3.528000000000000114e+01,1.818687565247823780e-16,3.307624459987057417e-32
3.528999999999999915e+01,1.650972472971869311e-16,2.725710106510849821e-32
3.530000000000000426e+01,1.292945761541146630e-16,1.671708742287215583e-32
3.531000000000000227e+01,1.086593210265287696e-16,1.180684804594623764e-32
3.532000000000000028e+01,8.105486042042241438e-17,6.569890397774160068e-33
3.532999999999999829e+01,5.596855920269535025e-17,3.132479619225614561e-33
3.534000000000000341e+01,3.603313071135927224e-17,1.298386508861902743e-33
3.535000000000000142e+01,-2.577294908101030512e-18,6.642449043323499879e-36
3.535999999999999943e+01,-9.193376854568852554e-18,8.451817799012228853e-35
3.536999999999999744e+01,-2.950592100310183194e-17,8.705993742412858320e-34
3.538000000000000256e+01,-6.429990913834907089e-17,4.134478315199946684e-33
3.539000000000000057e+01,-8.364094117716781782e-17,6.995807041002447427e-33
3.539999999999999858e+01,-9.555793111149205759e-17,9.131318198308662012e-33
3.541000000000000369e+01,-1.317867159138163913e-16,1.736773849134894719e-32
3.542000000000000171e+01,-1.578502738346020694e-16,2.491670894965885850e-32
3.542999999999999972e+01,-1.807559950022470791e-16,3.267272972925237058e-32
3.543999999999999773e+01,-1.943730466492573296e-16,3.778088126371436431e-32
3.545000000000000284e+01,-2.040820852357997190e-16,4.164949751419222237e-32
3.546000000000000085e+01,-2.310178075931671405e-16,5.336922742515359831e-32
3.546999999999999886e+01,-2.432889348113106833e-16,5.918950580162217896e-32
3.548000000000000398e+01,-2.614354293517503450e-16,6.834848372033404386e-32
3.549000000000000199e+01,-2.723437362782495741e-16,7.417111068999675094e-32
3.550000000000000000e+01,-2.858648194246827997e-16,8.171869498470650386e-32
3.550999999999999801e+01,-2.997481498690686410e-16,8.984895334992963757e-32
3.552000000000000313e+01,-3.030124305577085116e-16,9.181653307249012220e-32
3.553000000000000114e+01,-2.979531334075723111e-16,8.877606970739058534e-32
3.553999999999999915e+01,-3.048162328678492213e-16,9.291293581974688298e-32
3.555000000000000426e+01,-3.166335372117853629e-16,1.002567968872470673e-31
3.556000000000000227e+01,-3.130735789245368791e-16,9.801506582061821713e-32
3.557000000000000028e+01,-3.094105558743447635e-16,9.573489208647102517e-32
3.557999999999999829e+01,-3.044685160118854086e-16,9.270107724247971610e-32
3.559000000000000341e+01,-2.899221919121049950e-16,8.405487736311944192e-32
3.560000000000000142e+01,-3.076006710536040909e-16,9.461817283262754942e-32
3.560999999999999943e+01,-2.799750906190256725e-16,7.838605136713163932e-32
3.561999999999999744e+01,-2.700411680989129444e-16,7.292223246822536161e-32
3.563000000000000256e+01,-2.497455198131575881e-16,6.237282466674429206e-32
3.564000000000000057e+01,-2.298742956003765368e-16,5.284219177776928931e-32
3.564999999999999858e+01,-2.044789690524464458e-16,4.181164878475135324e-32
3.566000000000000369e+01,-1.992098252866119947e-16,3.968455449072247677e-32
3.567000000000000171e+01,-1.789334382844231711e-16,3.201717533628547503e-32
3.567999999999999972e+01,-1.544452506090245237e-16,2.385333543568439102e-32
3.568999999999999773e+01,-1.400204077626153511e-16,1.960571459000907286e-32
3.570000000000000284e+01,-9.597002120463866690e-17,9.210244970018795170e-33
3.571000000000000085e+01,-9.913672828573762466e-17,9.828090895200170099e-33
3.571999999999999886e+01,-7.245727392705005158e-17,5.250056544939567501e-33
3.573000000000000398e+01,-4.300943245224635945e-17,1.849811279864342396e-33
3.574000000000000199e+01,-1.490172329335090776e-17,2.220613571115970114e-34
3.575000000000000000e+01,5.001534419265125385e-18,2.501534654709373695e-35
3.575999999999999801e+01,2.414072425737650490e-17,5.827745676706863962e-34
3.577000000000000313e+01,5.631796564493692359e-17,3.171713254384295861e-33
3.578000000000000114e+01,8.194882051998728819e-17,6.715609184617089364e-33
3.578999999999999915e+01,1.069751414248537334e-16,1.144368088286745764e-32
3.580000000000000426e+01,1.118186784073194656e-16,1.250341684075953374e-32
3.581000000000000227e+01,1.438278904395562767e-16,2.068646206829300276e-32
3.582000000000000028e+01,1.610745113284588963e-16,2.594499819970183474e-32
3.582999999999999829e+01,1.872984109870043958e-16,3.508069475825681045e-32
3.584000000000000341e+01,2.090040190215536918e-16,4.368267996716197843e-32
3.585000000000000142e+01,2.060080446338227740e-16,4.243931445385111875e-32
3.585999999999999943e+01,2.343108112485289293e-16,5.490155626794374560e-32
3.586999999999999744e+01,2.531074585886521579e-16,6.406338559320626663e-32
3.588000000000000256e+01,2.657769902510924553e-16,7.063740854692928912e-32
3.589000000000000057e+01,2.758746336815205014e-16,7.610681350891312160e-32
3.589999999999999858e+01,3.078118693383245993e-16,9.474814690555381547e-32
3.591000000000000369e+01,3.002401573931535185e-16,9.014415211146560009e-32
3.592000000000000171e+01,2.974334166685321348e-16,8.846663735111664712e-32
3.592999999999999972e+01,3.084383679301194437e-16,9.513422681139573621e-32
3.593999999999999773e+01,3.066859290428227060e-16,9.405625907285928644e-32
3.595000000000000284e+01,3.133148518450015634e-16,9.816619638665528443e-32
3.596000000000000085e+01,2.992754036285503208e-16,8.956576721703170987e-32
3.596999999999999886e+01,3.014610524374656940e-16,9.087876613670444427e-32
3.598000000000000398e+01,2.940505270231933087e-16,8.646571244261773716e-32
3.599000000000000199e+01,2.801496248815187077e-16,7.848381232125564391e-32
3.600000000000000000e+01,2.742228941363785676e-16,7.519819566853148972e-32
3.600999999999999801e+01,2.697877301572483343e-16,7.278541934340024029e-32
3.602000000000000313e+01,2.546054457825176168e-16,6.482393302211451672e-32
3.603000000000000114e+01,2.375379210390579431e-16,5.642426393155772456e-32
3.603999999999999915e+01,2.253242397543583844e-16,5.077101302087957882e-32
3.605000000000000426e+01,1.957216744161684542e-16,3.830697383626864769e-32
3.606000000000000227e+01,1.772291526060427280e-16,3.141017253345598151e-32
3.607000000000000028e+01,1.534022689997608801e-16,2.353225613427499690e-32
3.607999999999999829e+01,1.429251444913470230e-16,2.042759692787242534e-32
3.609000000000000341e+01,1.239713656273917489e-16,1.536889949552044895e-32
3.610000000000000142e+01,8.049493152797146150e-17,6.479434001692813965e-33
3.610999999999999943e+01,7.167562907529953814e-17,5.137395803339924509e-33
3.611999999999999744e+01,5.038650405821902903e-17,2.538799791208922704e-33
3.613000000000000256e+01,2.536744837434697301e-17,6.435074370251588957e-34
3.614000000000000057e+01,9.942201492873805936e-18,9.884737052490213727e-35
3.614999999999999858e+01,-1.179601555683634084e-17,1.391459830171249712e-34
3.616000000000000369e+01,-3.959308899860778070e-17,1.567612696451676560e-33
3.617000000000000171e+01,-7.108934263691547034e-17,5.053694636548767476e-33
3.617999999999999972e+01,-8.088691554441268866e-17,6.542693106288951600e-33
3.618999999999999773e+01,-1.161076931734230913e-16,1.348099641405375925e-32
3.620000000000000284e+01,-1.318232109774160945e-16,1.737735895239635453e-32
3.621000000000000085e+01,-1.572072172972851586e-16,2.471410917035583529e-32
3.621999999999999886e+01,-1.760275188452970605e-16,3.098568739083141350e-32
3.623000000000000398e+01,-1.914601999063923820e-16,3.665700814819573208e-32
3.624000000000000199e+01,-2.155989811395494684e-16,4.648292066841180959e-32
3.625000000000000000e+01,-2.297327082702999383e-16,5.277711724920673892e-32
3.625999999999999801e+01,-2.464569090821179646e-16,6.074100803431136163e-32
3.627000000000000313e+01,-2.525620601381899710e-16,6.378759422124669090e-32
3.628000000000000114e+01,-2.674432602382231920e-16,7.152589744684997558e-32
3.628999999999999915e+01,-2.856134089865515763e-16,8.157501939291917744e-32
3.630000000000000426e+01,-2.845063920573606512e-16,8.094388712149660325e-32
3.631000000000000227e+01,-2.953045379585496662e-16,8.720477013891249927e-32
3.632000000000000028e+01,-3.034490196518826930e-16,9.208130752768868409e-32
3.632999999999999829e+01,-2.996001421111365398e-16,8.976024515301320934e-32
3.634000000000000341e+01,-2.889236464219465357e-16,8.347687346175397474e-32
3.635000000000000142e+01,-3.113015408364180936e-16,9.690864932712808528e-32
3.635999999999999943e+01,-2.923143081641631222e-16,8.544765475749332307e-32
3.636999999999999744e+01,-2.969130240949808790e-16,8.815734387722670040e-32
3.638000000000000256e+01,-2.846598064913816356e-16,8.103120543171083814e-32
3.639000000000000057e+01,-2.711755563258035791e-16,7.353618234860907150e-32
3.639999999999999858e+01,-2.472971403380499399e-16,6.115587561937716139e-32
3.641000000000000369e+01,-2.497097005840689891e-16,6.235493456578538625e-32
3.642000000000000171e+01,-2.425328449520113223e-16,5.882218088051636489e-32
3.642999999999999972e+01,-2.251603498854152718e-16,5.069718316052262496e-32
3.643999999999999773e+01,-2.081169862257276550e-16,4.331267995567971287e-32
3.645000000000000284e+01,-1.843647823329229618e-16,3.399037296466606037e-32
3.646000000000000085e+01,-1.668939533449610586e-16,2.785359166311004087e-32
3.646999999999999886e+01,-1.432931363826439878e-16,2.053292293437500945e-32
3.648000000000000398e+01,-1.298324559456407813e-16,1.685646661687675551e-32
3.649000000000000199e+01,-9.184371359708370289e-17,8.435267727303137665e-33
3.650000000000000000e+01,-8.139113032935437891e-17,6.624516096289950507e-33
3.650999999999999801e+01,-5.727205389616171812e-17,3.280088157484852859e-33
3.652000000000000313e+01,-2.236472092146211440e-17,5.001807418948852213e-34
3.653000000000000114e+01,-1.322784488801310965e-17,1.749758803813345485e-34
3.653999999999999915e+01,1.821268408287108020e-17,3.317018615024656049e-34
3.655000000000000426e+01,4.589342950941847515e-17,2.106206872135962582e-33
3.656000000000000227e+01,5.989270781211586518e-17,3.587136449067484747e-33
3.657000000000000028e+01,8.927790787567147615e-17,7.970544834656883422e-33
3.657999999999999829e+01,1.143025391942601484e-16,1.306507046625537653e-32
3.659000000000000341e+01,1.343761758431173283e-16,1.805695663422038874e-32
3.660000000000000142e+01,1.414724382097256473e-16,2.001445077300464210e-32
3.660999999999999943e+01,1.671609079768477536e-16,2.794276915564416035e-32
3.661999999999999744e+01,1.825249918350658585e-16,3.331537264439086083e-32
3.663000000000000256e+01,2.082974340401928339e-16,4.338782102772848513e-32
3.664000000000000057e+01,2.250397134251829297e-16,5.064287261848845788e-32
3.664999999999999858e+01,2.394169099385591913e-16,5.732045676452816014e-32
3.666000000000000369e+01,2.517098328196858645e-16,6.335783993811420539e-32
3.667000000000000171e+01,2.601932455203383241e-16,6.770052501440705722e-32
3.667999999999999972e+01,2.817655451975720918e-16,7.939182246048504581e-32
3.668999999999999773e+01,2.771614225906655011e-16,7.681845417248146493e-32
3.670000000000000284e+01,2.890997013120895740e-16,8.357863729873940402e-32
3.671000000000000085e+01,2.892571707531771346e-16,8.366971083213267487e-32
3.671999999999999886e+01,2.951774810704618214e-16,8.712974533110284912e-32
3.673000000000000398e+01,2.929252625622025443e-16,8.580520944713529719e-32
3.674000000000000199e+01,2.951575439523841845e-16,8.711797575200360559e-32
3.675000000000000000e+01,2.946074146603442432e-16,8.679352877285201156e-32
3.675999999999999801e+01,2.772350885523759873e-16,7.685929432464375626e-32
3.677000000000000313e+01,2.862470038407130030e-16,8.193734720778516425e-32
3.678000000000000114e+01,2.752930780847141756e-16,7.578627884135653772e-32
3.678999999999999915e+01,2.594981497256662878e-16,6.733928971104431854e-32
3.680000000000000426e+01,2.503399162656749192e-16,6.267007367590512917e-32
3.681000000000000227e+01,2.428631590693141699e-16,5.898251403312699675e-32
3.682000000000000028e+01,2.154404979466952144e-16,4.641460815551998367e-32
3.682999999999999829e+01,2.104937272426581052e-16,4.430760920850654840e-32
3.684000000000000341e+01,1.850073319943565629e-16,3.422771289167007202e-32
3.685000000000000142e+01,1.601751445528051885e-16,2.565607693251203746e-32
3.685999999999999943e+01,1.434867629700757365e-16,2.058845114763069775e-32
3.686999999999999744e+01,1.273522277691972869e-16,1.621858991777750384e-32
3.688000000000000256e+01,1.043836539920194836e-16,1.089594722072564553e-32
3.689000000000000057e+01,7.948557268563532190e-17,6.317956265163415506e-33
3.689999999999999858e+01,6.066222988232342617e-17,3.679906134295853219e-33
3.691000000000000369e+01,3.362073942396799911e-17,1.130354119414355999e-33
3.692000000000000171e+01,1.261918199136290617e-17,1.592437541311378819e-34
3.692999999999999972e+01,-1.095257408697660961e-17,1.199588791307115086e-34
3.693999999999999773e+01,-4.117386592008367002e-17,1.695287234805027459e-33
3.695000000000000284e+01,-5.895236856922637926e-17,3.475381759921910395e-33
3.696000000000000085e+01,-7.686502436882354027e-17,5.908231971219836409e-33
3.696999999999999886e+01,-1.013248269947557477e-16,1.026672056551718266e-32
3.698000000000000398e+01,-1.272048958457762900e-16,1.618108552713479279e-32
3.699000000000000199e+01,-1.400325727838152522e-16,1.960912144045451554e-32
3.700000000000000000e+01,-1.643497743279042047e-16,2.701084832163304068e-32
3.700999999999999801e+01,-1.902386290275691023e-16,3.619073597428905504e-32
3.702000000000000313e+01,-1.958091949853566390e-16,3.834124084081341300e-32
3.703000000000000114e+01,-2.212611226735917907e-16,4.895648440677823507e-32
3.703999999999999915e+01,-2.285689212421761579e-16,5.224375175781212901e-32
3.705000000000000426e+01,-2.455840688110251417e-16,6.031153485377833013e-32
3.706000000000000227e+01,-2.568059629506773328e-16,6.594930260702466207e-32
3.707000000000000028e+01,-2.702743310052443285e-16,7.304821400033237514e-32
3.707999999999999829e+01,-2.756867516874331757e-16,7.600318505596844040e-32
3.709000000000000341e+01,-2.852251420599214102e-16,8.135338166310234834e-32
3.710000000000000142e+01,-2.910944268716176154e-16,8.473596535571554053e-32
3.710999999999999943e+01,-2.896052255263964871e-16,8.387118665219497088e-32
3.711999999999999744e+01,-2.961655511256981033e-16,8.771403367358849307e-32
3.713000000000000256e+01,-2.806088544318149430e-16,7.874132918553550986e-32
3.714000000000000057e+01,-2.897508678635397604e-16,8.395556542767448053e-32
3.714999999999999858e+01,-2.846165530826708652e-16,8.100658228866080533e-32
3.716000000000000369e+01,-2.798664502213654615e-16,7.832522995950803224e-32
3.717000000000000171e+01,-2.743712398115662085e-16,7.527957723573597079e-32
3.717999999999999972e+01,-2.515947719941701509e-16,6.329992929479845986e-32
3.718999999999999773e+01,-2.501976531010871918e-16,6.259886561729196934e-32
3.720000000000000284e+01,-2.419825467013436358e-16,5.855555290806795632e-32
3.721000000000000085e+01,-2.235520327076118537e-16,4.997551132770515909e-32
3.721999999999999886e+01,-1.972041174162784907e-16,3.888946392593335350e-32
3.723000000000000398e+01,-1.878723634455607803e-16,3.529602494662088315e-32
3.724000000000000199e+01,-1.564695439284134314e-16,2.448271817716570174e-32
3.725000000000000000e+01,-1.482731919363530490e-16,2.198493944699458957e-32
3.725999999999999801e+01,-1.329017583778266700e-16,1.766287737991822060e-32
3.727000000000000313e+01,-1.041096030977661817e-16,1.083880945717440638e-32
3.728000000000000114e+01,-9.302870493299340674e-17,8.654339941509952382e-33
3.728999999999999915e+01,-6.838714506323074823e-17,4.676801609899365921e-33
3.730000000000000426e+01,-3.474742947338061053e-17,1.207383855007559536e-33
3.731000000000000227e+01,-1.791749224031725617e-17,3.210365281818290745e-34
3.732000000000000028e+01,8.120574047502673169e-19,6.594372286097394600e-37
3.732999999999999829e+01,2.894696362276059296e-17,8.379267029774251349e-34
3.734000000000000341e+01,4.023225948748586055e-17,1.618634703468396151e-33
3.735000000000000142e+01,6.877874892275947463e-17,4.730516303379987491e-33
3.735999999999999943e+01,9.762235210497785698e-17,9.530123630508274470e-33
3.736999999999999744e+01,1.173878926960847938e-16,1.377991735162751729e-32
3.738000000000000256e+01,1.354210159972865148e-16,1.833885157373732897e-32
3.739000000000000057e+01,1.529254677521759097e-16,2.338619868722179379e-32
3.739999999999999858e+01,1.718746847331811994e-16,2.954090725213043027e-32
3.741000000000000369e+01,1.852114340167104398e-16,3.430327529052628636e-32
3.742000000000000171e+01,2.055554044700098360e-16,4.225302430682934018e-32
3.742999999999999972e+01,2.173965319804624700e-16,4.726125211713224359e-32
3.743999999999999773e+01,2.319014612164376314e-16,5.377828771431892393e-32
3.745000000000000284e+01,2.369766404775847940e-16,5.615792813204248344e-32
3.746000000000000085e+01,2.556908360073531567e-16,6.537780361813916873e-32
3.746999999999999886e+01,2.682454758029054856e-16,7.195563528872715337e-32
3.748000000000000398e+01,2.717807661304986275e-16,7.386478483848078998e-32
3.749000000000000199e+01,2.833743692512588444e-16,8.030103314854879071e-32
3.750000000000000000e+01,2.793298376195476544e-16,7.802515818456286509e-32
3.750999999999999801e+01,2.778761175861596346e-16,7.721513672475721895e-32
3.752000000000000313e+01,2.877483702071340077e-16,8.279912455686184637e-32
3.753000000000000114e+01,2.756786416732999248e-16,7.599871347483569868e-32
3.753999999999999915e+01,2.787560541196190398e-16,7.770493770833998276e-32
3.755000000000000426e+01,2.743367722514998180e-16,7.526066460937127945e-32
3.756000000000000227e+01,2.599972535121177475e-16,6.759857183384442786e-32
3.757000000000000028e+01,2.576483906687703907e-16,6.638269321420732497e-32
3.757999999999999829e+01,2.395198057428749792e-16,5.736973734310456643e-32
3.759000000000000341e+01,2.284435539403660614e-16,5.218645733690493360e-32
3.760000000000000142e+01,2.163167173903435586e-16,4.679292222253376339e-32
3.760999999999999943e+01,2.032727734087508185e-16,4.131982040928535125e-32
3.761999999999999744e+01,1.830237577042617538e-16,3.349769588418831629e-32
3.763000000000000256e+01,1.673876504553236597e-16,2.801862552495361389e-32
3.764000000000000057e+01,1.465540378987282879e-16,2.147808602442188757e-32
3.764999999999999858e+01,1.362705399777461796e-16,1.856966006582651901e-32
3.766000000000000369e+01,1.031431597468852480e-16,1.063851140257148924e-32
3.767000000000000171e+01,8.849444671867235618e-17,7.831267100043941219e-33
3.767999999999999972e+01,6.787338411581968893e-17,4.606796271333604172e-33
3.768999999999999773e+01,4.875267412762135776e-17,2.376823234594040866e-33
3.770000000000000284e+01,1.935116955648532911e-17,3.744677632038446183e-34
3.771000000000000085e+01,-1.160407855568236430e-18,1.346546391264472985e-36
3.771999999999999886e+01,-1.545228026191738777e-17,2.387729652928417000e-34
3.773000000000000398e+01,-4.484432314989793848e-17,2.011013318772472113e-33
3.774000000000000199e+01,-6.805045275772934663e-17,4.630864120531953635e-33
3.775000000000000000e+01,-8.401704308259805820e-17,7.058863528343137572e-33
3.775999999999999801e+01,-1.115363485403051181e-16,1.244035704570442267e-32
3.777000000000000313e+01,-1.364966066217110061e-16,1.863132361924212107e-32
3.778000000000000114e+01,-1.556974029994753384e-16,2.424168130078103287e-32
3.778999999999999915e+01,-1.674393517954232455e-16,2.803593652967150442e-32
3.780000000000000426e+01,-1.750668200877605130e-16,3.064839149564030890e-32
3.781000000000000227e+01,-2.024607582436575010e-16,4.099035862859672918e-32
3.782000000000000028e+01,-2.195918114311610725e-16,4.822056364761860528e-32
3.782999999999999829e+01,-2.241915411137454980e-16,5.026184710695623813e-32
3.784000000000000341e+01,-2.501375038295987906e-16,6.256877082210254626e-32
3.785000000000000142e+01,-2.551329346184355043e-16,6.509281432701488092e-32
3.785999999999999943e+01,-2.616520343125596874e-16,6.846178705990090853e-32
3.786999999999999744e+01,-2.707464014112515691e-16,7.330361387714256816e-32
3.788000000000000256e+01,-2.712245543278587726e-16,7.356275887034561044e-32
3.789000000000000057e+01,-2.847740225237584751e-16,8.109624390436209428e-32
3.789999999999999858e+01,-2.821855763462241822e-16,7.962869949785071295e-32
3.791000000000000369e+01,-2.863318210718567461e-16,8.198591175832578732e-32
3.792000000000000171e+01,-2.825268727743324923e-16,7.982143383964385844e-32
3.792999999999999972e+01,-2.749210311863505607e-16,7.558157338856633850e-32
3.793999999999999773e+01,-2.712093480513588901e-16,7.355451047044312126e-32
3.795000000000000284e+01,-2.703081227307996395e-16,7.306648121424904579e-32
3.796000000000000085e+01,-2.576291293852038827e-16,6.637276830777811936e-32
3.796999999999999886e+01,-2.376237520219683549e-16,5.646504752499791213e-32
3.798000000000000398e+01,-2.327871423432414597e-16,5.418985364033256385e-32
3.799000000000000199e+01,-2.127471284613117962e-16,4.526134066853390619e-32
3.800000000000000000e+01,-2.053291688674172396e-16,4.216006758778434581e-32
3.800999999999999801e+01,-1.972223649480783547e-16,3.889666123571300337e-32
3.802000000000000313e+01,-1.788650100401737244e-16,3.199269181667144511e-32
3.803000000000000114e+01,-1.626465024012904304e-16,2.645388474337297259e-32
3.803999999999999915e+01,-1.366257754926460363e-16,1.866660252896691812e-32
3.805000000000000426e+01,-9.820889198130359195e-17,9.644986464195356788e-33
3.806000000000000227e+01,-1.029218239444981759e-16,1.059290184406227789e-32
3.807000000000000028e+01,-7.994830812745789967e-17,6.391731972442950632e-33
3.807999999999999829e+01,-4.525155568249597831e-17,2.047703291686034222e-33
3.809000000000000341e+01,-3.422252781645055291e-17,1.171181410147731777e-33
3.810000000000000142e+01,-8.675307462149500598e-18,7.526095956282680431e-35
3.810999999999999943e+01,1.540488736682611313e-17,2.373105547845987855e-34
3.811999999999999744e+01,3.290325661111556370e-17,1.082624295616919970e-33
3.813000000000000256e+01,6.282895532492783116e-17,3.947477627221777196e-33
3.814000000000000057e+01,7.685328174419307625e-17,5.906426914852320550e-33
3.814999999999999858e+01,9.894006044300591916e-17,9.789135560465664040e-33
3.816000000000000369e+01,1.160071627898961312e-16,1.345766181856146113e-32
3.817000000000000171e+01,1.295017194317685213e-16,1.677069533578449216e-32
3.817999999999999972e+01,1.592881117569791517e-16,2.537270254710387757e-32
3.818999999999999773e+01,1.757375858400327718e-16,3.088369907688288539e-32
3.820000000000000284e+01,1.958287941861786868e-16,3.834891663241273234e-32
3.821000000000000085e+01,2.095157947050883870e-16,4.389686823090474185e-32
3.821999999999999886e+01,2.205251388909978612e-16,4.863133688289389765e-32
3.823000000000000398e+01,2.393701083986651297e-16,5.729804879478869612e-32
3.824000000000000199e+01,2.471401777728456644e-16,6.107826746959375390e-32
3.825000000000000000e+01,2.520629563517385113e-16,6.353573396477843030e-32
3.825999999999999801e+01,2.600151631266620470e-16,6.760788505578467412e-32
3.827000000000000313e+01,2.646804487568236583e-16,7.005573995411355342e-32
3.828000000000000114e+01,2.656127624648938029e-16,7.055013958423209959e-32
3.828999999999999915e+01,2.698225356345702646e-16,7.280420073626894030e-32
3.830000000000000426e+01,2.855610318119408862e-16,8.154510288950031158e-32
3.831000000000000227e+01,2.698120601996481365e-16,7.279854782917854787e-32
3.832000000000000028e+01,2.638113255755419211e-16,6.959641550192458047e-32
3.832999999999999829e+01,2.635257854945998469e-16,6.944583962054585438e-32
3.834000000000000341e+01,2.511874127426012713e-16,6.309511632032192783e-32
3.835000000000000142e+01,2.487885381454321016e-16,6.189573671254112191e-32
3.835999999999999943e+01,2.367610492685421203e-16,5.605579445074103193e-32
3.836999999999999744e+01,2.252907859460586626e-16,5.075593823219282232e-32
3.838000000000000256e+01,2.124364135448310210e-16,4.512922979979046726e-32
3.839000000000000057e+01,2.104623009378916961e-16,4.429438011607168686e-32
3.839999999999999858e+01,1.872669846822379867e-16,3.506892355197755749e-32
3.841000000000000369e+01,1.701068706107568586e-16,2.893634742898477519e-32
3.842000000000000171e+01,1.432931363826439878e-16,2.053292293437500945e-32
3.842999999999999972e+01,1.337942823290554381e-16,1.790090998394699755e-32
3.843999999999999773e+01,1.176418375136326890e-16,1.383960193358395488e-32
3.845000000000000284e+01,9.471415172437676653e-17,8.970770536868262058e-33
3.846000000000000085e+01,7.880027649137428479e-17,6.209483575117035442e-33
3.846999999999999886e+01,5.714856625908565720e-17,3.265958625469103570e-33
3.848000000000000398e+01,3.712494136405029630e-17,1.378261271284172755e-33
3.849000000000000199e+01,6.588034814256941116e-18,4.340220271386148627e-35
3.850000000000000000e+01,-1.400126356657376338e-17,1.960353814606658786e-34
3.850999999999999801e+01,-3.200549494242572543e-17,1.024351706509638710e-33
3.852000000000000313e+01,-5.911456885189170656e-17,3.494532250545045459e-33
3.853000000000000114e+01,-7.657542928081480367e-17,5.863796369541069265e-33
3.853999999999999915e+01,-1.009710276281919967e-16,1.019514842029311092e-32
3.855000000000000426e+01,-1.145079928856362337e-16,1.311208043469691873e-32
3.856000000000000227e+01,-1.377986018073558391e-16,1.898845466006221171e-32
3.857000000000000028e+01,-1.475846855281642606e-16,2.178123940244713686e-32
3.857999999999999829e+01,-1.630173665892596067e-16,2.657466180969705671e-32
3.859000000000000341e+01,-1.788971121794512377e-16,3.200417674614715777e-32
3.860000000000000142e+01,-2.082644871077764464e-16,4.337409659026518139e-32
3.860999999999999943e+01,-2.110279744236870597e-16,4.453280598936431882e-32
3.861999999999999744e+01,-2.258027305882211277e-16,5.098687314109677107e-32
3.863000000000000256e+01,-2.358844919076382117e-16,5.564149352252464115e-32
3.864000000000000057e+01,-2.506078846493282829e-16,6.280431184841102845e-32
3.864999999999999858e+01,-2.455702142035474676e-16,6.030473010397618927e-32
3.866000000000000369e+01,-2.679825761780854161e-16,7.181466113504335614e-32
3.867000000000000171e+01,-2.694893492205952548e-16,7.262450934333994313e-32
3.867999999999999972e+01,-2.667143727179958447e-16,7.113655661435400351e-32
3.868999999999999773e+01,-2.610431074180536027e-16,6.814350393047346802e-32
3.870000000000000284e+01,-2.653113402729407173e-16,7.039010727742413612e-32
3.871000000000000085e+01,-2.568938214371210327e-16,6.599443549256743030e-32
3.871999999999999886e+01,-2.658763379242249521e-16,7.069022706799666046e-32
3.873000000000000398e+01,-2.474794466974206863e-16,6.124607653766148915e-32
3.874000000000000199e+01,-2.567992046055662410e-16,6.594583148605146853e-32
3.875000000000000000e+01,-2.464447440609180389e-16,6.073501187525139346e-32
3.875999999999999801e+01,-2.336484934276454858e-16,5.459161848100849040e-32
3.877000000000000313e+01,-2.202346990098502381e-16,4.850332264795932828e-32
3.878000000000000114e+01,-2.035480070133985591e-16,4.143179115912654937e-32
3.878999999999999915e+01,-1.907564872217037357e-16,3.638803741716402076e-32
3.880000000000000426e+01,-1.835541188368518528e-16,3.369211454197313155e-32
3.881000000000000227e+01,-1.551464289142965476e-16,2.407041440485887162e-32
3.882000000000000028e+01,-1.507634731511492345e-16,2.272962483659729545e-32
3.882999999999999829e+01,-1.169385472255134797e-16,1.367462382721364757e-32
3.884000000000000341e+01,-9.823111004085618411e-17,9.649350979858796834e-33
3.885000000000000142e+01,-8.632290595517632419e-17,7.451644092546216713e-33
3.885999999999999943e+01,-6.742784021437335780e-17,4.546513635975064851e-33
3.886999999999999744e+01,-3.644061668189897924e-17,1.327918544157094145e-33
3.888000000000000256e+01,-1.890451686404421025e-17,3.573807578629319485e-34
3.889000000000000057e+01,1.576067199726624051e-17,2.483987818054122410e-34
3.889999999999999858e+01,3.411612612060837319e-17,1.163910061477256843e-33
3.891000000000000369e+01,5.551034340416578984e-17,3.081398224848412424e-33
3.892000000000000171e+01,5.603343931576149349e-17,3.139746321553125828e-33
3.892999999999999972e+01,8.998043784996569620e-17,8.096479195671538893e-33
3.893999999999999773e+01,1.034471163182549683e-16,1.070130587456257270e-32
3.895000000000000284e+01,1.271139961040325840e-16,1.615796800553601107e-32
3.896000000000000085e+01,1.458880029880337834e-16,2.128330941583655496e-32
3.896999999999999886e+01,1.635974015584159294e-16,2.676410979666559345e-32
3.898000000000000398e+01,1.906706562387933238e-16,3.635529915053209442e-32
3.899000000000000199e+01,1.857598737224725835e-16,3.450673068538895801e-32
3.900000000000000000e+01,1.989751417526306075e-16,3.959110703547944582e-32
3.900999999999999801e+01,2.278897075585150837e-16,5.193371881110552659e-32
3.902000000000000313e+01,2.280498803376471106e-16,5.200674792201517004e-32
3.903000000000000114e+01,2.383462191143401995e-16,5.680892016610107056e-32
3.903999999999999915e+01,2.439201642446832821e-16,5.949704652515327267e-32
3.905000000000000426e+01,2.423951436703736041e-16,5.875540567498105704e-32
3.906000000000000227e+01,2.613593979692509817e-16,6.830873490684931767e-32
3.907000000000000028e+01,2.603159094841040037e-16,6.776437273053622951e-32
3.907999999999999829e+01,2.716344479588442746e-16,7.378527331790608028e-32
3.909000000000000341e+01,2.742070120253675561e-16,7.518948544388007131e-32
3.910000000000000142e+01,2.492663531447837653e-16,6.213371481010004811e-32
3.910999999999999943e+01,2.560510558017723857e-16,6.556214317720236087e-32
3.911999999999999744e+01,2.519315065393285011e-16,6.346948398717571504e-32
3.913000000000000256e+01,2.355567121697520358e-16,5.548696464822340358e-32
3.914000000000000057e+01,2.362355879361575703e-16,5.580725300754203474e-32
3.914999999999999858e+01,2.383688595704622534e-16,5.681971321292275438e-32
3.916000000000000369e+01,2.247879650697961171e-16,5.052962924021987546e-32
3.917000000000000171e+01,1.980911502121045275e-16,3.924010379235455837e-32
3.917999999999999972e+01,1.870838335297283661e-16,3.500036076817911801e-32
3.918999999999999773e+01,1.676542671699547903e-16,2.810795330029458204e-32
3.920000000000000284e+01,1.635451933424330339e-16,2.674703026541380304e-32
3.921000000000000085e+01,1.399065296474940760e-16,1.957383703800513786e-32
3.921999999999999886e+01,1.228430599111010277e-16,1.509041736832235711e-32
3.923000000000000398e+01,1.096771278002537369e-16,1.202907236251319153e-32
3.924000000000000199e+01,7.747226167705187668e-17,6.001951329357600843e-33
3.925000000000000000e+01,5.628822892644828745e-17,3.168364715676249954e-33
3.925999999999999801e+01,4.410766353279288002e-17,1.945485982322067020e-33
3.927000000000000313e+01,2.501195942150545219e-17,6.255981141030353895e-34
3.928000000000000114e+01,1.111071936257530912e-18,1.234480847539058916e-36
3.928999999999999915e+01,-2.087112137196172223e-17,4.356037073231573377e-34
3.930000000000000426e+01,-6.607904348883445097e-17,4.366439988399274893e-33
3.931000000000000227e+01,-5.172702181099689651e-17,2.675684785435348504e-33
3.932000000000000028e+01,-8.251060795734378391e-17,6.808000425490483930e-33
3.932999999999999829e+01,-9.727556452146681566e-17,9.462535452970053297e-33
3.934000000000000341e+01,-1.151284089668311399e-16,1.325455055123392554e-32
3.935000000000000142e+01,-1.507165026526274031e-16,2.271546417183944257e-32
3.935999999999999943e+01,-1.640595034053843516e-16,2.691552065762131724e-32
3.936999999999999744e+01,-1.687524982505013356e-16,2.847740566578545636e-32
3.938000000000000256e+01,-1.854469623438307257e-16,3.439057584255417300e-32
3.939000000000000057e+01,-1.998408857613568236e-16,3.993637962188366912e-32
3.939999999999999858e+01,-2.059730701978730491e-16,4.242490564673793993e-32
3.941000000000000369e+01,-2.187699966656567311e-16,4.786031144109145824e-32
3.942000000000000171e+01,-2.389723797888795042e-16,5.710779830196046430e-32
3.942999999999999972e+01,-2.412590658572051224e-16,5.820593685829123545e-32
3.943999999999999773e+01,-2.471117927233792367e-16,6.106423810296233928e-32
3.945000000000000284e+01,-2.423566211032405881e-16,5.873673179257971919e-32
3.946000000000000085e+01,-2.610356732384314314e-16,6.813962270304115164e-32
3.946999999999999886e+01,-2.590531127001032663e-16,6.710851519961240282e-32
3.948000000000000398e+01,-2.583907948792198229e-16,6.676580287831505247e-32
3.949000000000000199e+01,-2.638079464029864245e-16,6.959463258536095706e-32
3.950000000000000000e+01,-2.578869602511906581e-16,6.650568426759919052e-32
3.950999999999999801e+01,-2.454833694688703871e-16,6.026208468578992383e-32
3.952000000000000313e+01,-2.344240135291391001e-16,5.495461811910999351e-32
3.953000000000000114e+01,-2.362149749835688538e-16,5.579751440648806037e-32
3.953999999999999915e+01,-2.315618543746071189e-16,5.362089240140675547e-32
3.955000000000000426e+01,-2.462592274876195904e-16,6.064360712279917989e-32
3.956000000000000227e+01,-2.050917819953914108e-16,4.206263904204515783e-32
3.957000000000000028e+01,-1.895431953156414768e-16,3.592662289046341427e-32
3.957999999999999829e+01,-1.722597414458835895e-16,2.967341852300266374e-32
3.959000000000000341e+01,-1.532083044950735915e-16,2.347278456625518722e-32
3.960000000000000142e+01,-1.561111826788997206e-16,2.437070135740479899e-32
3.960999999999999943e+01,-1.300548899791083947e-16,1.691427440747798850e-32
3.961999999999999744e+01,-1.025561974739900636e-16,1.051777364032404571e-32
3.963000000000000256e+01,-9.245492143306479216e-17,8.547912497194183307e-33
3.964000000000000057e+01,-6.323293540394117718e-17,3.998404119798997809e-33
3.964999999999999858e+01,-3.863253807987054104e-17,1.492472998492647483e-33
3.966000000000000369e+01,-2.360376845834602250e-17,5.571378854352105648e-34
3.967000000000000171e+01,-2.564390692904608769e-18,6.576099625855779194e-36
3.967999999999999972e+01,9.165836598241300584e-18,8.401256054565965681e-35
3.968999999999999773e+01,2.537167234004138379e-17,6.437217573304210346e-34
3.970000000000000284e+01,6.346500007919204463e-17,4.027806235051846311e-33
3.971000000000000085e+01,7.366258253794986844e-17,5.426176066160276566e-33
3.971999999999999886e+01,8.696064029571829827e-17,7.562152960641304788e-33
3.973000000000000398e+01,1.085447670768963780e-16,1.178196645977768749e-32
3.974000000000000199e+01,1.268242320573960898e-16,1.608438583694825502e-32
3.975000000000000000e+01,1.450526715323073078e-16,2.104027751865943532e-32
3.975999999999999801e+01,1.578440223653743612e-16,2.491473539648080281e-32
3.977000000000000313e+01,1.858386084430163884e-16,3.453598838803676048e-32
3.978000000000000114e+01,1.824601117219997276e-16,3.329169236960462046e-32
3.978999999999999915e+01,2.044821792663741972e-16,4.181296163752559449e-32
3.980000000000000426e+01,1.808458809922241165e-16,3.270523267185368679e-32
3.981000000000000227e+01,2.247683658689740693e-16,5.052081829540898270e-32
3.982000000000000028e+01,2.381674608861527936e-16,5.672373942495711970e-32
3.982999999999999829e+01,2.392281831513329422e-16,5.723012361388770247e-32
3.984000000000000341e+01,2.539150808294232855e-16,6.447286827261256071e-32
3.985000000000000142e+01,2.372385263506381949e-16,5.628211838502245536e-32
3.985999999999999943e+01,2.514161827246105394e-16,6.321009693581475370e-32
3.986999999999999744e+01,2.500489695086439618e-16,6.252448715233476043e-32
3.988000000000000256e+01,2.488638936934203853e-16,6.193323758425004005e-32
3.989000000000000057e+01,2.529462720577535117e-16,6.398181654791505526e-32
3.989999999999999858e+01,2.542911827348535259e-16,6.466400561669066665e-32
3.991000000000000369e+01,2.492133001356619463e-16,6.210726896450752005e-32
3.992000000000000171e+01,2.280208194536695540e-16,5.199349410432297249e-32
3.992999999999999972e+01,2.177180602491209377e-16,4.740115375863985563e-32
3.993999999999999773e+01,2.109786385043763511e-16,4.451198590516031421e-32
3.995000000000000284e+01,2.088612489810826547e-16,4.362302132593780115e-32
3.996000000000000085e+01,1.882800606143851996e-16,3.544938122495656726e-32
3.996999999999999886e+01,1.745275041478982889e-16,3.045984970409465702e-32
3.998000000000000398e+01,1.529197231588315113e-16,2.338444173097366978e-32
3.999000000000000199e+01,1.372626650400491363e-16,1.884103921389672801e-32
4.000000000000000000e+01,1.234033267208075327e-16,1.522838104576237041e-32
4.000999999999999801e+01,1.050368480470030074e-16,1.103273944764919912e-32
4.002000000000000313e+01,9.193849938726626451e-17,8.452687669582359136e-33
4.003000000000000114e+01,6.483483215388911735e-17,4.203555460422974012e-33
4.003999999999999915e+01,5.463716521581741475e-17,2.985219822820528287e-33
4.005000000000000426e+01,1.185413732479141890e-18,1.405205717150130503e-36
4.006000000000000227e+01,3.284555723972993004e-18,1.078830630388375283e-35
4.007000000000000028e+01,-2.028179367827767917e-17,4.113511548082244484e-34
4.007999999999999829e+01,-3.582598743370542010e-17,1.283501375600018674e-33
4.009000000000000341e+01,-4.874997078957693461e-17,2.376559651984604295e-33
4.010000000000000142e+01,-7.610031761950760628e-17,5.791258341789939928e-33
4.010999999999999943e+01,-9.468847001295475586e-17,8.965906353394232581e-33
4.011999999999999744e+01,-1.065811299048791935e-16,1.135953725180073402e-32
4.013000000000000256e+01,-1.326656386955091525e-16,1.760017169048737496e-32
4.014000000000000057e+01,-1.346735430280037637e-16,1.813696319171558065e-32
4.014999999999999858e+01,-1.523020104156810467e-16,2.319590237665821801e-32
4.016000000000000369e+01,-1.711388699092150397e-16,2.928851279380323106e-32
4.017000000000000171e+01,-1.810249771376670869e-16,3.277004234769288962e-32
4.017999999999999972e+01,-1.936191532521190759e-16,3.748837650606757330e-32
4.018999999999999773e+01,-2.066749243376561773e-16,4.271452434997590307e-32
4.020000000000000284e+01,-2.108346857535108754e-16,4.445126471678168280e-32
4.021000000000000085e+01,-2.234474473170182682e-16,4.992876171249165905e-32
4.021999999999999886e+01,-2.393325995832987824e-16,5.728009322329963151e-32
4.023000000000000398e+01,-2.475683189356310550e-16,6.129007254061433538e-32
4.024000000000000199e+01,-2.425309864071057795e-16,5.882127936760373194e-32
4.025000000000000000e+01,-2.497015905699357382e-16,6.235088433315582145e-32
4.025999999999999801e+01,-2.599509588481070204e-16,6.757450100605022615e-32
4.027000000000000313e+01,-2.424498862657731220e-16,5.878194735028631794e-32
4.028000000000000114e+01,-2.443337749654798698e-16,5.969899358888175423e-32
4.028999999999999915e+01,-2.319903334546480000e-16,5.381951481639877595e-32
4.030000000000000426e+01,-2.663882825663874172e-16,7.096271708866946266e-32
4.031000000000000227e+01,-2.279640493547366987e-16,5.196760779820882741e-32
4.032000000000000028e+01,-2.309066328160902577e-16,5.331787307846472991e-32
4.032999999999999829e+01,-2.203805103056212566e-16,4.856756932256603527e-32
4.034000000000000341e+01,-1.984023720044686370e-16,3.936350121699956096e-32
4.035000000000000142e+01,-1.895857728898411430e-16,3.594276528223842563e-32
4.035999999999999943e+01,-1.758827213012927107e-16,3.093473165234820399e-32
4.036999999999999744e+01,-1.626155829724073556e-16,2.644382782545590006e-32
4.038000000000000256e+01,-1.470271220565021972e-16,2.161697462021759474e-32
4.039000000000000057e+01,-1.302401531144652253e-16,1.696249748327934585e-32
4.039999999999999858e+01,-1.162616989626412580e-16,1.351678264567981813e-32
4.041000000000000369e+01,-9.811267004278493688e-17,9.626096022924389468e-33
4.042000000000000171e+01,-7.322050228837294349e-17,5.361241955361627413e-33
4.042999999999999972e+01,-6.335750015226932359e-17,4.014172825544807445e-33
4.043999999999999773e+01,-4.020060086460625861e-17,1.616088309875381386e-33
4.045000000000000284e+01,-3.581521632118467615e-18,1.282729720133253288e-35
4.046000000000000085e+01,-4.260080601096915787e-18,1.814828672784225914e-35
4.046999999999999886e+01,1.973360741045718414e-17,3.894152614300507305e-34
4.048000000000000398e+01,2.972522930195558516e-17,8.835892570538389936e-34
4.049000000000000199e+01,6.253243293318026987e-17,3.910305168542688132e-33
4.050000000000000000e+01,8.208381846358062643e-17,6.737753253562059326e-33
4.050999999999999801e+01,9.410015607103737532e-17,8.854839372593592115e-33
4.052000000000000313e+01,1.171276964093091412e-16,1.371889726615128852e-32
4.053000000000000114e+01,1.292503089936372486e-16,1.670564237495070708e-32
4.053999999999999915e+01,1.375030931673749465e-16,1.890710063059579401e-32
4.055000000000000426e+01,1.444430688032900942e-16,2.086380012531199625e-32
4.056000000000000227e+01,1.715088893040453419e-16,2.941529911030727616e-32
4.057000000000000028e+01,1.858794964309382816e-16,3.455118719341919651e-32
4.057999999999999829e+01,1.934072791328874878e-16,3.740637562158665796e-32
4.059000000000000341e+01,2.028774102197540701e-16,4.115924357747437418e-32
4.060000000000000142e+01,2.228601471268675193e-16,4.966664517740903918e-32
4.060999999999999943e+01,2.195901218448833243e-16,4.821982161185070524e-32
4.061999999999999744e+01,2.268276336243126773e-16,5.145077537560542074e-32
4.063000000000000256e+01,2.430899015477901006e-16,5.909270023451428885e-32
4.064000000000000057e+01,2.461287914269761997e-16,6.057938196930395209e-32
4.064999999999999858e+01,2.294356790026690180e-16,5.264073079941578236e-32
4.066000000000000369e+01,2.317108758843058888e-16,5.368993000307220695e-32
4.067000000000000171e+01,2.468279422287149109e-16,6.092403306486182996e-32
4.067999999999999972e+01,2.430287385245350308e-16,5.906296774882681545e-32
4.068999999999999773e+01,2.347247598865811061e-16,5.509571290381315927e-32
4.070000000000000284e+01,2.400597975172483321e-16,5.762870638402226633e-32
4.071000000000000085e+01,2.170320882203487963e-16,4.710292731728526411e-32
4.071999999999999886e+01,2.148775277989442924e-16,4.617235195298607661e-32
4.073000000000000398e+01,1.862931071517348693e-16,3.470512177224776788e-32
4.074000000000000199e+01,1.972247303688672072e-16,3.889759426907237090e-32
4.075000000000000000e+01,1.800443412620529271e-16,3.241596482048657647e-32
4.075999999999999801e+01,1.513984196743329189e-16,2.292148147988543573e-32
4.077000000000000313e+01,1.496926133683024975e-16,2.240787849703209577e-32
4.078000000000000114e+01,1.251436005869043447e-16,1.566092076785464430e-32
4.078999999999999915e+01,1.124676484966085693e-16,1.264897195835670095e-32
4.080000000000000426e+01,9.071861809472073305e-17,8.229867669015792400e-33
4.081000000000000227e+01,7.556640835573421619e-17,5.710282071785578163e-33
4.082000000000000028e+01,5.718776466072977745e-17,3.270440426891013273e-33
4.082999999999999829e+01,3.654034451194399529e-17,1.335196777051555735e-33
4.084000000000000341e+01,1.556582045978312305e-17,2.422947665862028673e-34
4.085000000000000142e+01,1.212447112923364095e-17,1.470028001636200875e-34
4.085999999999999943e+01,-1.811912324273990582e-17,3.283026270855974862e-34
4.086999999999999744e+01,-3.196021403018165463e-17,1.021455280855020326e-33
4.088000000000000256e+01,-5.610305027040536646e-17,3.147552249643631959e-33
4.089000000000000057e+01,-7.095924449352765638e-17,5.035214379092234892e-33
4.089999999999999858e+01,-1.041116306012995067e-16,1.083923162646144379e-32
4.091000000000000369e+01,-1.153581927006070275e-16,1.330751262315038326e-32
4.092000000000000171e+01,-1.222070996361507239e-16,1.493457520148007161e-32
4.092999999999999972e+01,-1.538679189779125933e-16,2.367533649059347449e-32
4.093999999999999773e+01,-1.559819293286507685e-16,2.433036227708820289e-32
4.095000000000000284e+01,-1.613075052761625351e-16,2.602011125841920439e-32
4.096000000000000085e+01,-1.838898396302435343e-16,3.381547311923668633e-32
4.096999999999999886e+01,-1.894296551177757662e-16,3.588359423803947060e-32
4.098000000000000398e+01,-2.098168789797859081e-16,4.402312270481812415e-32
4.099000000000000199e+01,-2.060332194693614503e-16,4.244968752491005969e-32
4.100000000000000000e+01,-2.206674020555855639e-16,4.869410232996144871e-32
4.100999999999999801e+01,-2.363920436254785115e-16,5.588119828943013385e-32
4.102000000000000313e+01,-2.328226236550745189e-16,5.420637408563246969e-32
4.103000000000000114e+01,-2.473750302654548461e-16,6.119440559883470087e-32
4.103999999999999915e+01,-2.448115899648314842e-16,5.993271458110877904e-32
4.105000000000000426e+01,-2.385523486402274138e-16,5.690722304176861201e-32
4.106000000000000227e+01,-2.403524338605570379e-16,5.776929246269344311e-32
4.107000000000000028e+01,-2.276825642808612007e-16,5.183935007750849052e-32
4.107999999999999829e+01,-2.378339365549221947e-16,5.656498137721075614e-32
4.109000000000000341e+01,-2.352302841008880685e-16,5.533328655818451061e-32
4.110000000000000142e+01,-2.031845770050515541e-16,4.128397233272172454e-32
4.110999999999999943e+01,-2.112793848618183078e-16,4.463897846758834096e-32
4.111999999999999744e+01,-2.005525395015509756e-16,4.022132110052116177e-32
4.113000000000000256e+01,-1.866734330228595298e-16,3.484697059654002135e-32
4.114000000000000057e+01,-1.778412897144765887e-16,3.162752432730839555e-32
4.114999999999999858e+01,-1.804658930383550205e-16,3.256793855013099386e-32
4.116000000000000369e+01,-1.501332574695433044e-16,2.253999499841618164e-32
4.117000000000000171e+01,-1.293580201188446881e-16,1.673349736906742643e-32
4.117999999999999972e+01,-1.203665488244686190e-16,1.448810607591318861e-32
4.118999999999999773e+01,-1.022264747118844477e-16,1.045025213201955043e-32
4.120000000000000284e+01,-6.723066549575830562e-17,4.519962383002546207e-33
4.121000000000000085e+01,-5.718039384059303521e-17,3.269597439765329983e-33
4.121999999999999886e+01,-4.268718082946271873e-17,1.822195407167249531e-33
4.123000000000000398e+01,-3.151635971501307795e-17,9.932809296860992444e-34
4.124000000000000199e+01,-6.361925930635189087e-18,4.047410154688841455e-35
4.125000000000000000e+01,6.258987886662424792e-18,3.917492936538696808e-35
4.125999999999999801e+01,2.952214103136836467e-17,8.715568110760036445e-34
4.127000000000000313e+01,4.670329045200765251e-17,2.181197339044589066e-33
4.128000000000000114e+01,6.471943341111785156e-17,4.188605061056117970e-33
4.128999999999999915e+01,7.579754375853231222e-17,5.745267639826620442e-33
4.130000000000000426e+01,1.102639211145211391e-16,1.215813229954934121e-32
4.131000000000000227e+01,1.136498520151599589e-16,1.291628886306775880e-32
4.132000000000000028e+01,1.332912924941651227e-16,1.776656865476507885e-32
4.132999999999999829e+01,1.434479024856871807e-16,2.057730072754321735e-32
4.134000000000000341e+01,1.489904213112638296e-16,2.219814564250790013e-32
4.135000000000000142e+01,1.985865369087449016e-16,3.943661264140830093e-32
4.135999999999999943e+01,1.777924606710492145e-16,3.161015907146658237e-32
4.136999999999999744e+01,1.928595152616364484e-16,3.719479262695337958e-32
4.138000000000000256e+01,2.123353762854207513e-16,4.508631202227121952e-32
4.139000000000000057e+01,2.248582518589511067e-16,5.056123342906348884e-32
4.139999999999999858e+01,2.036630678389142727e-16,4.147864520155819658e-32
4.141000000000000369e+01,2.374953434648583016e-16,5.640403816749101812e-32
4.142000000000000171e+01,2.436173903837079881e-16,5.934943289736797979e-32
4.142999999999999972e+01,2.398252829418946902e-16,5.751616633815983931e-32
4.143999999999999773e+01,2.452681161770833025e-16,6.015644881305523679e-32
4.145000000000000284e+01,2.523184217969364095e-16,6.366458597809670925e-32
4.146000000000000085e+01,2.504439947803851704e-16,6.272219452155759084e-32
4.146999999999999886e+01,2.403902805931789743e-16,5.778748700366732187e-32
4.148000000000000398e+01,2.351937890372883406e-16,5.531611840171648812e-32
4.149000000000000199e+01,2.321538854063355728e-16,5.389542650925799140e-32
4.150000000000000000e+01,2.216487137657108279e-16,4.912815231399400960e-32
4.150999999999999801e+01,2.195732259821056688e-16,4.821240156818884194e-32
4.152000000000000313e+01,2.092072762507686945e-16,4.376768443626544463e-32
4.153000000000000114e+01,1.972254062033783115e-16,3.889786085208757678e-32
4.153999999999999915e+01,1.816034914791734312e-16,3.297982811742621855e-32
4.155000000000000426e+01,1.907907858231423317e-16,3.640112395501217072e-32
4.156000000000000227e+01,1.673251357630464060e-16,2.799770105812191233e-32
4.157000000000000028e+01,1.613284561460068161e-16,2.602687076245404473e-32
4.157999999999999829e+01,1.405614132887553481e-16,1.975751090573228963e-32
4.159000000000000341e+01,1.222070996361507239e-16,1.493457520148007161e-32
4.160000000000000142e+01,1.396274099944074799e-16,1.949581362174636167e-32
4.160999999999999943e+01,1.083301896196203729e-16,1.173542998302290507e-32
4.161999999999999744e+01,8.833089476698480806e-17,7.802346970336143810e-33
4.163000000000000256e+01,8.172731575897244616e-17,6.679354141166785585e-33
4.164000000000000057e+01,6.092107450007685793e-17,3.711377318243914779e-33
4.164999999999999858e+01,2.937041618362517168e-17,8.626213467993514324e-34
4.166000000000000369e+01,4.099071476757406794e-17,1.680238697156614688e-33
4.167000000000000171e+01,2.868038914778639867e-17,8.225647216684637783e-34
4.167999999999999972e+01,1.569017400982654475e-17,2.461815604586363889e-34
4.168999999999999773e+01,9.727286118342239559e-18,9.462009522809363179e-35
4.170000000000000284e+01,1.018009524078296137e-17,1.036343391114119060e-34
4.171000000000000085e+01,-7.586918221670949485e-18,5.756132810232268692e-35
4.171999999999999886e+01,-3.852256713301658200e-18,1.483988178517769392e-35
4.173000000000000398e+01,-9.940173989340490115e-18,9.880705893836123333e-35
4.174000000000000199e+01,-1.814142578160638909e-17,3.291113293895329815e-34
4.175000000000000000e+01,-9.980048225495717694e-18,9.960136258322021963e-35
4.175999999999999801e+01,-4.077985440010913320e-18,1.662996524894100337e-35
4.177000000000000313e+01,-5.468177029355038438e-18,2.990096002436609446e-35
4.178000000000000114e+01,-3.188587223396004346e-18,1.016708848120424029e-35
4.178999999999999915e+01,5.193450300590630693e-18,2.697192602470491090e-35
4.180000000000000426e+01,5.094947420596995719e-17,2.595848921864798100e-33
4.181000000000000227e+01,4.729692659069999439e-17,2.236999264926064134e-33
4.182000000000000028e+01,7.030807794207744534e-17,4.943225823909236682e-33
4.182999999999999829e+01,9.540890960179327542e-17,9.102860031403160893e-33
4.184000000000000341e+01,1.108932920029881827e-16,1.229732221126000298e-32
4.185000000000000142e+01,1.658156593824921503e-16,2.749483289645065759e-32
4.185999999999999943e+01,1.909188564629968452e-16,3.645000975313839447e-32
4.186999999999999744e+01,2.134954462237334214e-16,4.558030555827104823e-32
4.188000000000000256e+01,2.696218127847719336e-16,7.269592192934660346e-32
4.189000000000000057e+01,3.127245103995508578e-16,9.779661940463879566e-32
4.189999999999999858e+01,3.446336989241440186e-16,1.187723864341375505e-31
4.191000000000000369e+01,4.321927906794463104e-16,1.867906083152876842e-31
4.192000000000000171e+01,4.892886418466657501e-16,2.394033750401547395e-31
4.192999999999999972e+01,5.574969019627382464e-16,3.108027956980510012e-31
4.193999999999999773e+01,6.334010586153974569e-16,4.011969010551061262e-31
4.195000000000000284e+01,7.194489844038676461e-16,5.176068411597566002e-31
4.196000000000000085e+01,8.028908923175149305e-16,6.446337849664153879e-31
4.196999999999999886e+01,8.933929899307401445e-16,7.981510344573875763e-31
4.198000000000000398e+01,9.918744121786471340e-16,9.838148495347368450e-31
4.199000000000000199e+01,1.085402537695519158e-15,1.178098668835872851e-30
4.200000000000000000e+01,1.207767476369755555e-15,1.458702276976568034e-30
4.200999999999999801e+01,1.340761813515689563e-15,1.797642240581880862e-30
4.202000000000000313e+01,1.465802687256905791e-15,2.148577517969566260e-30
4.203000000000000114e+01,1.602330804662697079e-15,2.567464007571006403e-30
4.203999999999999915e+01,1.751509783802559412e-15,3.067786522756088500e-30
4.205000000000000426e+01,1.937431857807697237e-15,3.753642203648185123e-30
4.206000000000000227e+01,2.093325928649904379e-15,4.382013443557984265e-30
4.207000000000000028e+01,2.276087631522484888e-15,5.180574906369635212e-30
4.207999999999999829e+01,2.482930162818895313e-15,6.164942193435865891e-30
4.209000000000000341e+01,2.691704736023928706e-15,7.245274385933648409e-30
4.210000000000000142e+01,2.941124334644105760e-15,8.650212351835733862e-30
4.210999999999999943e+01,3.161130770547829991e-15,9.992747748504317068e-30
4.211999999999999744e+01,3.427735320157771013e-15,1.174936942505709693e-29
4.213000000000000256e+01,3.711456054595971955e-15,1.377490604519709741e-29
4.214000000000000057e+01,4.012321020994641879e-15,1.609871997551548576e-29
4.214999999999999858e+01,4.319685825803870317e-15,1.865968563365086496e-29
4.216000000000000369e+01,4.697919989116648967e-15,2.207045222414177439e-29
4.217000000000000171e+01,5.055818967824773217e-15,2.556130543541675305e-29
4.217999999999999972e+01,5.462846384648693291e-15,2.984269062226929681e-29
4.218999999999999773e+01,5.906100896688659420e-15,3.488202780186658715e-29
4.220000000000000284e+01,6.360051165701382801e-15,4.045025083033951877e-29
4.221000000000000085e+01,6.865907890587800733e-15,4.714069116203582361e-29
4.221999999999999886e+01,7.404414518622984051e-15,5.482535436359483660e-29
4.223000000000000398e+01,7.991970174218908136e-15,6.387158726560460106e-29
4.224000000000000199e+01,8.604669576966004207e-15,7.404033852876431726e-29
4.225000000000000000e+01,9.286233137222200320e-15,8.623412587884366658e-29
4.225999999999999801e+01,1.002967610531522095e-14,1.005944027775310996e-28
4.227000000000000313e+01,1.079540877141901271e-14,1.165408505420305609e-28
4.228000000000000114e+01,1.163646860046160806e-14,1.354074014895289464e-28
4.228999999999999915e+01,1.254380819584283726e-14,1.573471240540939288e-28
4.230000000000000426e+01,1.354075736488606170e-14,1.833521100147161157e-28
4.231000000000000227e+01,1.458819002023985010e-14,2.128152880666255431e-28
4.232000000000000028e+01,1.572903584588413524e-14,2.474025686411080384e-28
4.232999999999999829e+01,1.696224594665768372e-14,2.877177875549050199e-28
4.234000000000000341e+01,1.829093929882924670e-14,3.345584604334561187e-28
4.235000000000000142e+01,1.972994100823443887e-14,3.892705721884110030e-28
4.235999999999999943e+01,2.125284419302082773e-14,4.516833862928190900e-28
4.236999999999999744e+01,2.291917568109208188e-14,5.252886139007626944e-28
4.238000000000000256e+01,2.470391607884707349e-14,6.102834696307189953e-28
4.239000000000000057e+01,2.663496383490423792e-14,7.094212984866566360e-28
4.239999999999999858e+01,2.870526864364372779e-14,8.239924479037557648e-28
4.241000000000000369e+01,3.097625980711796355e-14,9.595286716380717728e-28
4.242000000000000171e+01,3.338465961588664820e-14,1.114535497668612826e-27
4.242999999999999972e+01,3.599681812307757023e-14,1.295770914985925753e-27
4.243999999999999773e+01,3.880851609383789792e-14,1.506100921405675082e-27
4.245000000000000284e+01,4.184243318269130509e-14,1.750789214647986255e-27
4.246000000000000085e+01,4.511056274887188257e-14,2.034962871519907386e-27
4.246999999999999886e+01,4.862951139798650174e-14,2.364829378806899133e-27
4.248000000000000398e+01,5.242006847543128930e-14,2.747863578968905091e-27
4.249000000000000199e+01,5.649605141778579365e-14,3.191803825801096309e-27
4.250000000000000000e+01,6.088762880179126087e-14,3.707303341104720471e-27
4.250999999999999801e+01,6.563357460501884711e-14,4.307766115432574686e-27
4.252000000000000313e+01,7.072900862646383530e-14,5.002592661282395796e-27
4.253000000000000114e+01,7.622495434421117009e-14,5.810243664777077565e-27
4.253999999999999915e+01,8.212921764686414522e-14,6.745208391285980395e-27
4.255000000000000426e+01,8.848547231219938176e-14,7.829678810313003390e-27
4.256000000000000227e+01,9.533066891627710229e-14,9.087936436024841156e-27
4.257000000000000028e+01,1.027062901813889449e-13,1.054858204282367113e-26
4.257999999999999829e+01,1.106243044608920796e-13,1.223773673745614667e-26
4.259000000000000341e+01,1.191462752099893937e-13,1.419583489641453413e-26
4.260000000000000142e+01,1.283323993465023164e-13,1.646920472203014760e-26
4.260999999999999943e+01,1.381800346954096952e-13,1.909372198842462795e-26
4.261999999999999744e+01,1.487895815420950496e-13,2.213833957547175185e-26
4.263000000000000256e+01,1.601928956841566338e-13,2.566176382767509033e-26
4.264000000000000057e+01,1.724628354610641625e-13,2.974342961527009291e-26
4.264999999999999858e+01,1.856268181272641834e-13,3.445731560805241316e-26
4.266000000000000369e+01,1.998192735874434350e-13,3.992774209701356905e-26
4.267000000000000171e+01,2.150331119996631639e-13,4.623923925625968284e-26
4.267999999999999972e+01,2.314052276991548518e-13,5.354837940649770347e-26
4.268999999999999773e+01,2.489881598918532641e-13,6.199510376633108434e-26
4.270000000000000284e+01,2.678752147972374533e-13,7.175713070266610729e-26
4.271000000000000085e+01,2.881692976813064402e-13,8.304154412613740258e-26
4.271999999999999886e+01,3.099790592481967262e-13,9.608701717239705261e-26
4.273000000000000398e+01,3.333997997671124671e-13,1.111554264847506916e-25
4.274000000000000199e+01,3.585301798409262928e-13,1.285438898567669472e-25
4.275000000000000000e+01,3.855470297954033581e-13,1.486465121840576349e-25
4.275999999999999801e+01,4.145418750683257452e-13,1.718449661851633891e-25
4.277000000000000313e+01,4.456615011709121727e-13,1.986141736259109561e-25
4.278000000000000114e+01,4.790774987077230376e-13,2.295152497680483788e-25
4.278999999999999915e+01,5.149381875798354386e-13,2.651613370280058112e-25
4.280000000000000426e+01,5.534246646219632792e-13,3.062788594119325238e-25
4.281000000000000227e+01,5.947396964470661829e-13,3.537153065299484079e-25
4.282000000000000028e+01,6.390657987331349468e-13,4.084050951104197513e-25
4.282999999999999829e+01,6.866171148404911912e-13,4.714430623918802716e-25
4.284000000000000341e+01,7.376347947721978314e-13,5.441050904586224401e-25
4.285000000000000142e+01,7.923579710808228123e-13,6.278311543353180184e-25
4.285999999999999943e+01,8.510552327350594916e-13,7.242950091657262763e-25
4.286999999999999744e+01,9.140046401863566790e-13,8.354044822821912838e-25
4.288000000000000256e+01,9.815011509316518130e-13,9.633445092801572411e-25
4.289000000000000057e+01,1.053893647810398546e-12,1.110691820895108457e-24
4.289999999999999858e+01,1.131497667480397558e-12,1.280286971513580382e-24
4.291000000000000369e+01,1.214721508941105258e-12,1.475548344284155728e-24
4.292000000000000171e+01,1.303882689383356595e-12,1.700110067673574720e-24
4.292999999999999972e+01,1.399481188137212293e-12,1.958547595949943558e-24
4.293999999999999773e+01,1.501926977568378347e-12,2.255784645947684163e-24
4.295000000000000284e+01,1.611707265424241632e-12,2.597600309421286871e-24
4.296000000000000085e+01,1.729347105508976875e-12,2.990641411332276233e-24
4.296999999999999886e+01,1.855384373221185471e-12,3.442451172393371412e-24
4.298000000000000398e+01,1.990406522165452587e-12,3.961718123478772622e-24
4.299000000000000199e+01,2.135031966263233522e-12,4.558361496965849435e-24
4.300000000000000000e+01,2.289942274819377697e-12,5.243835622004946414e-24
4.300999999999999801e+01,2.455855718669778173e-12,6.031227310923052761e-24
4.302000000000000313e+01,2.633497534476633282e-12,6.935309264094506274e-24
4.303000000000000114e+01,2.823734788180972059e-12,7.973478153983438508e-24
4.303999999999999915e+01,3.027401045282944401e-12,9.165157088980264152e-24
4.305000000000000426e+01,3.245420336462851536e-12,1.053275316032664910e-23
4.306000000000000227e+01,3.478819927474236830e-12,1.210218808779185460e-23
4.307000000000000028e+01,3.728612556331990910e-12,1.390255159523658506e-23
4.307999999999999829e+01,3.995959385122997070e-12,1.596769140755256125e-23
4.309000000000000341e+01,4.282035367689005307e-12,1.833582689013951360e-23
4.310000000000000142e+01,4.588125562126979129e-12,2.105089617384300785e-23
4.310999999999999943e+01,4.915623273595853926e-12,2.416335216791721903e-23
4.311999999999999744e+01,5.265958446946751781e-12,2.773031836496984746e-23
4.313000000000000256e+01,5.640700188790811402e-12,3.181749861982469497e-23
4.314000000000000057e+01,6.041507791123836367e-12,3.649981639021001511e-23
4.314999999999999858e+01,6.470161111439238814e-12,4.186298480798064363e-23
4.316000000000000369e+01,6.928541908882179556e-12,4.800469298313671595e-23
4.317000000000000171e+01,7.418632041798931385e-12,5.503610137160578391e-23
4.317999999999999972e+01,7.942632518013508850e-12,6.308541131620560742e-23
4.318999999999999773e+01,8.502754353107366960e-12,7.229683158928627822e-23
4.320000000000000284e+01,9.101471660306293329e-12,8.283678638335859352e-23
4.321000000000000085e+01,9.741406665348355122e-12,9.489500381969335723e-23
4.321999999999999886e+01,1.042529115215254747e-11,1.086866956071501911e-22
4.323000000000000398e+01,1.115605818775447253e-11,1.244576342885636146e-22
4.324000000000000199e+01,1.193686600764963375e-11,1.424887700845813063e-22
4.325000000000000000e+01,1.277105735083089928e-11,1.630999058582119513e-22
4.325999999999999801e+01,1.366216785770813798e-11,1.866548305721933623e-22
4.327000000000000313e+01,1.461398552529766653e-11,2.135685729336097263e-22
4.328000000000000114e+01,1.563058336489749793e-11,2.443151363270103798e-22
4.328999999999999915e+01,1.671621708344568486e-11,2.794319135808813639e-22
4.330000000000000426e+01,1.787543582035665236e-11,3.195312057676897143e-22
4.331000000000000227e+01,1.911318200680104092e-11,3.653137264251030690e-22
4.332000000000000028e+01,2.043457112881023834e-11,4.175716972184049372e-22
4.332999999999999829e+01,2.184514396561179068e-11,4.772103148783052069e-22
4.334000000000000341e+01,2.335073915224648424e-11,5.452570189562568128e-22
4.335000000000000142e+01,2.495761083627420678e-11,6.228823386549116921e-22
4.335999999999999943e+01,2.667238536759515808e-11,7.114161411975043104e-22
4.336999999999999744e+01,2.850213394660476700e-11,8.123716395101998513e-22
4.338000000000000256e+01,3.045436873544193030e-11,9.274685750742628948e-22
4.339000000000000057e+01,3.253705854951468557e-11,1.058660179054546674e-21
4.339999999999999858e+01,3.475870320537893494e-11,1.208167448519619798e-21
4.341000000000000369e+01,3.712833497175514941e-11,1.378513257774856422e-21
4.342000000000000171e+01,3.965554231362224680e-11,1.572562036187484410e-21
4.342999999999999972e+01,4.235054489531789500e-11,1.793568652930336451e-21
4.343999999999999773e+01,4.522416707228144736e-11,2.045225287381625383e-21
4.345000000000000284e+01,4.828792246937762663e-11,2.331723456408624803e-21
4.346000000000000085e+01,5.155413280916149074e-11,2.657828609704661416e-21
4.346999999999999886e+01,5.503572734616018426e-11,3.028931284520884062e-21
4.348000000000000398e+01,5.874657838086095971e-11,3.451160471458640446e-21
4.349000000000000199e+01,6.270137679616906215e-11,3.931462652135167798e-21
4.350000000000000000e+01,6.691571251685793125e-11,4.477712581638776966e-21
4.350999999999999801e+01,7.140614980479901365e-11,5.098838229945398449e-21
4.352000000000000313e+01,7.619031788507493790e-11,5.804964539428769849e-21
4.353000000000000114e+01,8.128686881158385009e-11,6.607555041191643099e-21
4.353999999999999915e+01,8.671569746840653436e-11,7.519612187432207246e-21
4.355000000000000426e+01,9.249779677118530402e-11,8.555842407523498998e-21
4.356000000000000227e+01,9.865561931795575136e-11,9.732931223009403886e-21
4.357000000000000028e+01,1.052128507109781589e-10,1.106974395473057747e-20
4.357999999999999829e+01,1.121946884620243234e-10,1.258764811909069459e-20
4.359000000000000341e+01,1.196278676763487979e-10,1.431082672479001840e-20
4.360000000000000142e+01,1.275407541823043406e-10,1.626664397739098246e-20
4.360999999999999943e+01,1.359634483165233900e-10,1.848605927811992753e-20
4.361999999999999744e+01,1.449278649861042567e-10,2.100408604943046468e-20
4.363000000000000256e+01,1.544678913391974445e-10,2.386032945477810876e-20
4.364000000000000057e+01,1.646194216727030478e-10,2.709955399185521512e-20
4.364999999999999858e+01,1.754205747711876537e-10,3.077237805305384049e-20
4.366000000000000369e+01,1.869117282475566683e-10,3.493599415648847183e-20
4.367000000000000171e+01,1.991357000727107488e-10,3.965502704344861457e-20
4.367999999999999972e+01,2.121378987966618278e-10,4.500248810586273634e-20
4.368999999999999773e+01,2.259664578966617543e-10,5.106084009436380862e-20
4.370000000000000284e+01,2.406723556719342729e-10,5.792318278467803593e-20
4.371000000000000085e+01,2.563097323742884142e-10,6.569467890977934734e-20
4.371999999999999886e+01,2.729357906539778871e-10,7.449394581991203961e-20
4.373000000000000398e+01,2.906112814096970270e-10,8.445491688258611736e-20
4.374000000000000199e+01,3.094005110372438880e-10,9.572867623010767128e-20
4.375000000000000000e+01,3.293715921414832051e-10,1.084856457098155585e-19
4.375999999999999801e+01,3.505966950958061990e-10,1.229180426121017029e-19
4.377000000000000313e+01,3.731522581479288416e-10,1.392426077608985259e-19
4.378000000000000114e+01,3.971192148040750731e-10,1.577036707666051207e-19
4.378999999999999915e+01,4.225832650954328812e-10,1.785766159387169119e-19
4.380000000000000426e+01,4.496351321506165279e-10,2.021717520641023866e-19
4.381000000000000227e+01,4.783709358990352091e-10,2.288387523129188375e-19
4.382000000000000028e+01,5.088923060048675054e-10,2.589713791109517204e-19
4.382999999999999829e+01,5.413068961399532027e-10,2.930131558086701018e-19
4.384000000000000341e+01,5.757285982909168530e-10,3.314634188900239024e-19
4.385000000000000142e+01,6.122779387535863694e-10,3.748842742843404819e-19
4.385999999999999943e+01,6.510824654145527407e-10,4.239083767702922887e-19
4.386999999999999744e+01,6.922770719151933876e-10,4.792475442994738096e-19
4.388000000000000256e+01,7.360045195973132943e-10,5.417026528676718920e-19
4.389000000000000057e+01,7.824157265055264675e-10,6.121743690831708286e-19
4.389999999999999858e+01,8.316703842220895136e-10,6.916756279921180239e-19
4.391000000000000369e+01,8.839373277450476924e-10,7.813451993810558818e-19
4.392000000000000171e+01,9.393950884012887246e-10,8.824631321124650797e-19
4.392999999999999972e+01,9.982324066549018255e-10,9.964679376960373355e-19
4.393999999999999773e+01,1.060648839243786578e-09,1.124975960189191820e-18
4.395000000000000284e+01,1.126855258780853395e-09,1.269802774242064030e-18
4.396000000000000085e+01,1.197074658789169876e-09,1.432987738715207444e-18
4.396999999999999886e+01,1.271542561131499289e-09,1.616820484768852701e-18
4.398000000000000398e+01,1.350507919652405018e-09,1.823871641043866729e-18
4.399000000000000199e+01,1.434233780487491867e-09,2.057026537091442890e-18
4.400000000000000000e+01,1.522997975713589678e-09,2.319522834027692086e-18
4.400999999999999801e+01,1.617094043375115535e-09,2.614993145119279969e-18
4.402000000000000313e+01,1.716831993108605259e-09,2.947512092561266091e-18
4.403000000000000114e+01,1.822539251270244154e-09,3.321649322420702043e-18
4.403999999999999915e+01,1.934561554383008035e-09,3.742528407696800530e-18
4.405000000000000426e+01,2.053263964211039043e-09,4.215892906727630709e-18
4.406000000000000227e+01,2.179031908241340502e-09,4.748180057133897817e-18
4.407000000000000028e+01,2.312272247486088323e-09,5.346602946494366449e-18
4.407999999999999829e+01,2.453414418982219554e-09,6.019242311269862088e-18
4.409000000000000341e+01,2.602911672139435503e-09,6.775149172959711972e-18
4.410000000000000142e+01,2.761242311885745586e-09,7.624459104948136349e-18
4.410999999999999943e+01,2.928911025926021134e-09,8.578519797791018096e-18
4.411999999999999744e+01,3.106450297286136477e-09,9.650033449509125793e-18
4.413000000000000256e+01,3.294421869075462856e-09,1.085321545144266644e-17
4.414000000000000057e+01,3.493418234745893646e-09,1.220397096285511554e-17
4.414999999999999858e+01,3.704064363052652677e-09,1.372009280563665401e-17
4.416000000000000369e+01,3.927019317734953064e-09,1.542148072186349520e-17
4.417000000000000171e+01,4.162978057557965211e-09,1.733038630770908950e-17
4.417999999999999972e+01,4.412673321380845815e-09,1.947168584122626612e-17
4.418999999999999773e+01,4.676877577068492235e-09,2.187318387088605113e-17
4.420000000000000284e+01,4.956405102097756440e-09,2.456595153610067077e-17
4.421000000000000085e+01,5.252114235599561103e-09,2.758470394378756112e-17
4.421999999999999886e+01,5.564909425346066922e-09,3.096821691230549245e-17
4.423000000000000398e+01,5.895743853263668961e-09,3.475979558329633490e-17
4.424000000000000199e+01,6.245621842332114673e-09,3.900779219741600125e-17
4.425000000000000000e+01,6.615601449366159448e-09,4.376618253685562837e-17
4.425999999999999801e+01,7.006797288341104547e-09,4.909520823990425823e-17
4.427000000000000313e+01,7.420383365879461704e-09,5.506208929662061193e-17
4.428000000000000114e+01,7.857596137473626222e-09,6.174181705964044986e-17
4.428999999999999915e+01,8.319737686242661422e-09,6.921803516788639098e-17
4.430000000000000426e+01,8.808179059559046587e-09,7.758401834525448765e-17
4.431000000000000227e+01,9.324363727829809893e-09,8.694375892886823452e-17
4.432000000000000028e+01,9.869811279765366678e-09,9.741317469818366359e-17
4.432999999999999829e+01,1.044612121887413105e-08,1.091214485194123672e-16
4.434000000000000341e+01,1.105497703535797062e-08,1.222125172522921125e-16
4.435000000000000142e+01,1.169815033757870260e-08,1.368467213205927157e-16
4.435999999999999943e+01,1.237750534319043120e-08,1.532026385207076656e-16
4.436999999999999744e+01,1.309500344487787206e-08,1.714791152213633328e-16
4.438000000000000256e+01,1.385270806767611725e-08,1.918975208082589950e-16
4.439000000000000057e+01,1.465278973755585738e-08,2.147042470930222635e-16
4.439999999999999858e+01,1.549753136158832016e-08,2.401734783034135457e-16
4.441000000000000369e+01,1.638933379419965990e-08,2.686102622176950243e-16
4.442000000000000171e+01,1.733072167235755004e-08,3.003539136847236581e-16
4.442999999999999972e+01,1.832434945770996079e-08,3.357817830482753190e-16
4.443999999999999773e+01,1.937300781413318810e-08,3.753134317664655605e-16
4.445000000000000284e+01,2.047963027643999532e-08,4.194152562596777315e-16
4.446000000000000085e+01,2.164730028062006813e-08,4.686056094393337148e-16
4.446999999999999886e+01,2.287925829050782508e-08,5.234604599237710356e-16
4.448000000000000398e+01,2.417890959195441317e-08,5.846196690559051546e-16
4.449000000000000199e+01,2.554983219206157407e-08,6.527939250425059817e-16
4.450000000000000000e+01,2.699578517752845085e-08,7.287724173512647786e-16
4.450999999999999801e+01,2.852071740215719473e-08,8.134313211337122835e-16
4.452000000000000313e+01,3.012877662905157201e-08,9.077431811632841234e-16
4.453000000000000114e+01,3.182431910824629763e-08,1.012787286703490428e-15
4.453999999999999915e+01,3.361191944008085222e-08,1.129761128446485012e-15
4.455000000000000426e+01,3.549638105768272669e-08,1.259993068192216993e-15
4.456000000000000227e+01,3.748274706705489438e-08,1.404956327692812324e-15
4.457000000000000028e+01,3.957631165633564836e-08,1.566284444319408943e-15
4.457999999999999829e+01,4.178263190429338943e-08,1.745788328849675750e-15
4.459000000000000341e+01,4.410754023741247514e-08,1.945475105794960678e-15
4.460000000000000142e+01,4.655715735700023195e-08,2.167568901164481007e-15
4.460999999999999943e+01,4.913790573219393336e-08,2.414533779745977244e-15
4.461999999999999744e+01,5.185652380664493656e-08,2.689099061309133235e-15
4.463000000000000256e+01,5.472008065891486596e-08,2.994287227318148722e-15
4.464000000000000057e+01,5.773599141211611367e-08,3.333444704339945810e-15
4.464999999999999858e+01,6.091203331726543863e-08,3.710275802843655006e-15
4.466000000000000369e+01,6.425636251275992389e-08,4.128880123371218505e-15
4.467000000000000171e+01,6.777753150122701429e-08,4.593793776399820420e-15
4.467999999999999972e+01,7.148450736860906453e-08,5.110034793732723999e-15
4.468999999999999773e+01,7.538669087707287721e-08,5.683153161395342972e-15
4.470000000000000284e+01,7.949393627036237164e-08,6.319285903756434273e-15
4.471000000000000085e+01,8.381657207622609430e-08,7.025217754609203637e-15
4.471999999999999886e+01,8.836542251617934325e-08,7.808447896462894910e-15
4.473000000000000398e+01,9.315183022103342428e-08,8.677263473528236685e-15
4.474000000000000199e+01,9.818767954579665699e-08,9.640820414588055515e-15
4.475000000000000000e+01,1.034854211751390256e-07,1.070923239579591277e-14
4.475999999999999801e+01,1.090580974530613706e-07,1.189366862008143027e-14
4.477000000000000313e+01,1.149193691060846695e-07,1.320646139574052757e-14
4.478000000000000114e+01,1.210835428355814924e-07,1.466122434561609764e-14
4.478999999999999915e+01,1.275656002386364423e-07,1.627298236424360070e-14
4.480000000000000426e+01,1.343812277505340771e-07,1.805831437174090851e-14
4.481000000000000227e+01,1.415468480175036924e-07,2.003551018369028777e-14
4.482000000000000028e+01,1.490796525018606061e-07,2.222474279007551470e-14
4.482999999999999829e+01,1.569976353168811005e-07,2.464825749509239135e-14
4.484000000000000341e+01,1.653196286655142908e-07,2.733057962210353403e-14
4.485000000000000142e+01,1.740653395701746461e-07,3.029874243968020853e-14
4.485999999999999943e+01,1.832553881123709246e-07,3.358253727221570172e-14
4.486999999999999744e+01,1.929113473795053440e-07,3.721478794777618629e-14
4.488000000000000256e+01,2.030557848141564479e-07,4.123165174649300746e-14
4.489000000000000057e+01,2.137123054216262893e-07,4.567294948862647963e-14
4.489999999999999858e+01,2.249055965439606471e-07,5.058252735679480454e-14
4.491000000000000369e+01,2.366614747035696829e-07,5.600865360886835103e-14
4.492000000000000171e+01,2.490069339561743827e-07,6.200445315825458590e-14
4.492999999999999972e+01,2.619701964567798600e-07,6.862838383160383865e-14
4.493999999999999773e+01,2.755807649483612244e-07,7.594475800952391561e-14
4.495000000000000284e+01,2.898694772791368454e-07,8.402431385808003336e-14
4.496000000000000085e+01,3.048685631905412574e-07,9.294484082186504594e-14
4.496999999999999886e+01,3.206117031311645281e-07,1.027918641846659784e-13
4.498000000000000398e+01,3.371340896684435265e-07,1.136593944165701183e-13
4.499000000000000199e+01,3.544724909606261569e-07,1.256507468478312031e-13
4.500000000000000000e+01,3.726653170185581947e-07,1.388794385085424745e-13
4.500999999999999801e+01,3.917526882961068437e-07,1.534701687872266595e-13
4.502000000000000313e+01,4.117765070365435758e-07,1.695598917472166095e-13
4.503000000000000114e+01,4.327805313683210096e-07,1.872989883314462834e-13
4.503999999999999915e+01,4.548104521936929094e-07,2.068525474246314299e-13
4.505000000000000426e+01,4.779139730703674558e-07,2.284017656559038853e-13
4.506000000000000227e+01,5.021408929845324690e-07,2.521454764073036757e-13
4.507000000000000028e+01,5.275431925853189400e-07,2.783018200431109189e-13
4.507999999999999829e+01,5.541751232241335937e-07,3.071100672004836452e-13
4.509000000000000341e+01,5.820932997404842981e-07,3.388326096027652953e-13
4.510000000000000142e+01,6.113567965360392561e-07,3.737571326708080865e-13
4.510999999999999943e+01,6.420272471224628638e-07,4.121989860476479750e-13
4.511999999999999744e+01,6.741689477499044729e-07,4.545037701102134331e-13
4.513000000000000256e+01,7.078489644059264344e-07,5.010501564105424686e-13
4.514000000000000057e+01,7.431372441382171729e-07,5.522529636253441734e-13
4.514999999999999858e+01,7.801067301607371132e-07,6.085665104420771319e-13
4.516000000000000369e+01,8.188334815055393412e-07,6.704882704344824476e-13
4.517000000000000171e+01,8.593967966591839132e-07,7.385628541080666627e-13
4.517999999999999972e+01,9.018793420059255467e-07,8.133863475370411947e-13
4.518999999999999773e+01,9.463672847406211157e-07,8.956110376273358833e-13
4.520000000000000284e+01,9.929504306068481050e-07,9.859505576423250810e-13
4.521000000000000085e+01,1.041722366570051843e-06,1.085185489012309478e-12
4.521999999999999886e+01,1.092780608636652308e-06,1.194169458612292159e-12
4.523000000000000398e+01,1.146226754790245733e-06,1.313835773396978063e-12
4.524000000000000199e+01,1.202166643511651439e-06,1.445204638772070085e-12
4.525000000000000000e+01,1.260710517794502069e-06,1.589391009677681495e-12
4.525999999999999801e+01,1.321973194899212047e-06,1.747613128032030181e-12
4.527000000000000313e+01,1.386074242089150541e-06,1.921201804583012926e-12
4.528000000000000114e+01,1.453138158483261985e-06,2.111610507640125705e-12
4.528999999999999915e+01,1.523294563198000264e-06,2.320426326268586420e-12
4.530000000000000426e+01,1.596678389939910064e-06,2.549381880901103319e-12
4.531000000000000227e+01,1.673430088303566681e-06,2.800368260439682843e-12
4.532000000000000028e+01,1.753695832111106114e-06,3.075449071563864733e-12
4.532999999999999829e+01,1.837627734495224599e-06,3.376875690586051710e-12
4.534000000000000341e+01,1.925384070650582548e-06,3.707103819515007781e-12
4.535000000000000142e+01,2.017129507849377239e-06,4.068811451436670488e-12
4.535999999999999943e+01,2.113035343235175649e-06,4.464918361760996706e-12
4.536999999999999744e+01,2.213279749699133126e-06,4.898607250428257710e-12
4.538000000000000256e+01,2.318048029760649700e-06,5.373346668277229743e-12
4.539000000000000057e+01,2.427532877946196987e-06,5.892915873509746014e-12
4.539999999999999858e+01,2.541934651784026595e-06,6.461431773940380503e-12
4.541000000000000369e+01,2.661461651807105261e-06,7.083378124039805456e-12
4.542000000000000171e+01,2.786330410428072553e-06,7.763637156076271877e-12
4.542999999999999972e+01,2.916765990557464408e-06,8.507523843672666368e-12
4.543999999999999773e+01,3.053002293635483915e-06,9.320823004943525353e-12
4.545000000000000284e+01,3.195282377607224423e-06,1.020982947264727743e-11
4.546000000000000085e+01,3.343858785172078733e-06,1.118139157517248975e-11
4.546999999999999886e+01,3.498993882438772722e-06,1.224295818934395677e-11
4.548000000000000398e+01,3.660960208326442945e-06,1.340262964694959177e-11
4.549000000000000199e+01,3.830040834937626791e-06,1.466921279728971430e-11
4.550000000000000000e+01,4.006529739411239661e-06,1.605228055278669580e-11
4.550999999999999801e+01,4.190732187111346224e-06,1.756223626409104632e-11
4.552000000000000313e+01,4.382965127027606104e-06,1.921038330474011878e-11
4.553000000000000114e+01,4.583557599219093194e-06,2.100900026535909606e-11
4.553999999999999915e+01,4.792851154754907888e-06,2.297142219163545547e-11
4.555000000000000426e+01,5.011200288681495358e-06,2.511212833328150388e-11
4.556000000000000227e+01,5.238972885891648658e-06,2.744683689910786878e-11
4.557000000000000028e+01,5.476550680822072613e-06,2.999260735961271018e-11
4.557999999999999829e+01,5.724329730653045078e-06,3.276795086523836489e-11
4.559000000000000341e+01,5.982720902904987077e-06,3.579294940205626410e-11
4.560000000000000142e+01,6.252150377468835200e-06,3.908938434248369985e-11
4.560999999999999943e+01,6.533060163359066358e-06,4.268087509806919181e-11
4.561999999999999744e+01,6.825908631036239264e-06,4.659302863925502670e-11
4.563000000000000256e+01,7.131171059858528621e-06,5.085360068496381306e-11
4.564000000000000057e+01,7.449340201853430178e-06,5.549266944294970230e-11
4.564999999999999858e+01,7.780926861448441518e-06,6.054282282320989262e-11
4.566000000000000369e+01,8.126460492277528944e-06,6.603936013254754195e-11
4.567000000000000171e+01,8.486489810580454809e-06,7.202050930508588813e-11
4.567999999999999972e+01,8.861583426469066317e-06,7.852766082427124289e-11
4.568999999999999773e+01,9.252330492760166739e-06,8.560561954725959127e-11
4.570000000000000284e+01,9.659341372086511436e-06,9.330287574250213558e-11
4.571000000000000085e+01,1.008324832258350748e-05,1.016718967348831199e-10
4.571999999999999886e+01,1.052470620279001879e-05,1.107694406550467010e-10
4.573000000000000398e+01,1.098439319568585296e-05,1.206568938774296729e-10
4.574000000000000199e+01,1.146301155266384318e-05,1.314006338565047374e-10
4.575000000000000000e+01,1.196128835792598674e-05,1.430724191814557520e-10
4.575999999999999801e+01,1.247997631317129451e-05,1.557498087773165860e-10
4.577000000000000313e+01,1.301985454365263001e-05,1.695166123378720369e-10
4.578000000000000114e+01,1.358172942568960958e-05,1.844633741926430215e-10
4.578999999999999915e+01,1.416643543589866502e-05,2.006878929594853907e-10
4.580000000000000426e+01,1.477483602303428651e-05,2.182957795075516242e-10
4.581000000000000227e+01,1.540782450239578063e-05,2.374010558966277731e-10
4.582000000000000028e+01,1.606632497360950678e-05,2.581267981576285113e-10
4.582999999999999829e+01,1.675129326196932083e-05,2.806058259484987869e-10
4.584000000000000341e+01,1.746371788381589511e-05,3.049814423255111406e-10
4.585000000000000142e+01,1.820462103656064838e-05,3.314082270847865169e-10
4.585999999999999943e+01,1.897505961348778484e-05,3.600528873354152043e-10
4.586999999999999744e+01,1.977612624421975102e-05,3.910951692273172151e-10
4.588000000000000256e+01,2.060895036069901806e-05,4.247288349697561792e-10
4.589000000000000057e+01,2.147469928970871739e-05,4.611627095834160892e-10
4.589999999999999858e+01,2.237457937194741383e-05,5.006218020715747158e-10
4.591000000000000369e+01,2.330983710839951191e-05,5.433485060201188872e-10
4.592000000000000171e+01,2.428176033408499941e-05,5.896038849219436687e-10
4.592999999999999972e+01,2.529167942014020674e-05,6.396690478911436964e-10
4.593999999999999773e+01,2.634096850412925297e-05,6.938466217355293315e-10
4.595000000000000284e+01,2.743104674931095055e-05,7.524623257628828521e-10
4.596000000000000085e+01,2.856337963329117022e-05,8.158666560755128314e-10
4.596999999999999886e+01,2.973948026644432450e-05,8.844366865182314046e-10
4.598000000000000398e+01,3.096091074047300172e-05,9.585779938795363744e-10
4.599000000000000199e+01,3.222928350744406242e-05,1.038726715403205816e-09
4.600000000000000000e+01,3.354626279027830122e-05,1.125351747194410557e-09
4.600999999999999801e+01,3.491356602408685663e-05,1.218957092518272131e-09
4.602000000000000313e+01,3.633296532978564085e-05,1.320084369655405328e-09
4.603000000000000114e+01,3.780628901981086137e-05,1.429315489449471341e-09
4.603999999999999915e+01,3.933542313639190732e-05,1.547275513318995736e-09
4.605000000000000426e+01,4.092231302291497383e-05,1.674635703145436370e-09
4.606000000000000227e+01,4.256896492868423324e-05,1.812116775099548240e-09
4.607000000000000028e+01,4.427744764739270178e-05,1.960492370167601402e-09
4.607999999999999829e+01,4.604989418973391441e-05,2.120592754885689413e-09
4.609000000000000341e+01,4.788850349050391387e-05,2.293308766560005553e-09
4.610000000000000142e+01,4.979554215048603106e-05,2.479596018060831031e-09
4.610999999999999943e+01,5.177334621339354603e-05,2.680479378131911808e-09
4.611999999999999744e+01,5.382432297848756736e-05,2.897057744092544929e-09
4.613000000000000256e+01,5.595095284864994213e-05,3.130509124671849084e-09
4.614000000000000057e+01,5.815579121475648118e-05,3.382096051814347175e-09
4.614999999999999858e+01,6.044147037611326257e-05,3.653171341226577206e-09
4.616000000000000369e+01,6.281070149784656338e-05,3.945184222651584114e-09
4.617000000000000171e+01,6.526627660451539664e-05,4.259686861817113842e-09
4.617999999999999972e+01,6.781107061151348122e-05,4.598341297479667182e-09
4.618999999999999773e+01,7.044804339310907981e-05,4.962926817917379913e-09
4.620000000000000284e+01,7.318024188822685636e-05,5.355347802819392841e-09
4.621000000000000085e+01,7.601080224376126208e-05,5.777642057740181848e-09
4.621999999999999886e+01,7.894295199577296162e-05,6.231989669806914209e-09
4.623000000000000398e+01,8.198001228848839409e-05,6.720722414820707811e-09
4.624000000000000199e+01,8.512540013119657730e-05,7.246333747496322493e-09
4.625000000000000000e+01,8.838263069364952270e-05,7.811489408330038083e-09
4.625999999999999801e+01,9.175531963911745244e-05,8.419038682076612348e-09
4.627000000000000313e+01,9.524718549597721226e-05,9.072026344905091265e-09
4.628000000000000114e+01,9.886205206747632375e-05,9.773705338992399792e-09
4.628999999999999915e+01,1.026038508795363511e-04,1.052755021531013269e-08
4.630000000000000426e+01,1.064766236668810394e-04,1.133727138749861065e-08
4.631000000000000227e+01,1.104845248971877617e-04,1.220683024175730174e-08
4.632000000000000028e+01,1.146318243330871767e-04,1.314045514993175681e-08
4.632999999999999829e+01,1.189229096323128165e-04,1.414265843541523991e-08
4.634000000000000341e+01,1.233622889852369607e-04,1.521825434367711597e-08
4.635000000000000142e+01,1.279545937900323095e-04,1.637237807197217514e-08
4.635999999999999943e+01,1.327045813650756367e-04,1.761050591527997905e-08
4.636999999999999744e+01,1.376171376983508843e-04,1.893847658828686805e-08
4.638000000000000256e+01,1.426972802334679745e-04,2.036251378602888864e-08
4.639000000000000057e+01,1.479501606921204899e-04,2.188925004882427472e-08
4.639999999999999858e+01,1.533810679324022308e-04,2.352575200008418917e-08
4.641000000000000369e+01,1.589954308428625444e-04,2.527954702890748739e-08
4.642000000000000171e+01,1.647988212713076778e-04,2.715865149241241281e-08
4.642999999999999972e+01,1.707969569885951083e-04,2.917160051656400867e-08
4.643999999999999773e+01,1.769957046861821235e-04,3.132747947735819276e-08
4.645000000000000284e+01,1.834010830072236816e-04,3.363595724822254901e-08
4.646000000000000085e+01,1.900192656104120669e-04,3.610732130312032893e-08
4.646999999999999886e+01,1.968565842661999831e-04,3.875251476895549522e-08
4.648000000000000398e+01,2.039195319841086173e-04,4.158317552461789812e-08
4.649000000000000199e+01,2.112147661707992094e-04,4.461167744858538877e-08
4.650000000000000000e+01,2.187491118181368783e-04,4.785117392122375084e-08
4.650999999999999801e+01,2.265295647198741337e-04,5.131564369217564065e-08
4.652000000000000313e+01,2.345632947165307992e-04,5.501993922827408500e-08
4.653000000000000114e+01,2.428576489672370955e-04,5.897983766189376013e-08
4.653999999999999915e+01,2.514201552475910702e-04,6.321209446472279417e-08
4.655000000000000426e+01,2.602585252723654537e-04,6.773449997694649301e-08
4.656000000000000227e+01,2.693806580419786539e-04,7.256593892712944436e-08
4.657000000000000028e+01,2.787946432114709163e-04,7.772645308341136379e-08
4.657999999999999829e+01,2.885087644808261194e-04,8.323730718225279179e-08
4.659000000000000341e+01,2.985315030051532547e-04,8.912105828651582260e-08
4.660000000000000142e+01,3.088715408235213336e-04,9.540162873069621128e-08
4.660999999999999943e+01,3.195377643047571251e-04,1.021043828168825133e-07
4.661999999999999744e+01,3.305392676091413635e-04,1.092562074315875649e-07
4.663000000000000256e+01,3.418853561637674211e-04,1.168855967592261061e-07
4.664000000000000057e+01,3.535855501506123596e-04,1.250227412753112056e-07
4.664999999999999858e+01,3.656495880051411143e-04,1.336996212083294353e-07
4.666000000000000369e+01,3.780874299239636040e-04,1.429501046665080971e-07
4.667000000000000171e+01,3.909092613793583638e-04,1.528100506321555109e-07
4.667999999999999972e+01,4.041254966393620384e-04,1.633174170340110295e-07
4.668999999999999773e+01,4.177467822907040391e-04,1.745123741142368732e-07
4.670000000000000284e+01,4.317840007632188048e-04,1.864374233150913492e-07
4.671000000000000085e+01,4.462482738530941192e-04,1.991375219168660780e-07
4.671999999999999886e+01,4.611509662432320333e-04,2.126602136670665352e-07
4.673000000000000398e+01,4.765036890181371162e-04,2.270557656478935290e-07
4.674000000000000199e+01,4.923183031710580805e-04,2.423773116372298382e-07
4.675000000000000000e+01,5.086069231012392078e-04,2.586810022265098642e-07
4.675999999999999801e+01,5.253819200985148513e-04,2.760261619664022445e-07
4.677000000000000313e+01,5.426559258128065867e-04,2.944754538197542482e-07
4.678000000000000114e+01,5.604418357058668773e-04,3.140950512093618557e-07
4.678999999999999915e+01,5.787528124828747933e-04,3.349548179568376086e-07
4.680000000000000426e+01,5.976022895006245653e-04,3.571284964163882871e-07
4.681000000000000227e+01,6.170039741498701191e-04,3.806939041167336107e-07
4.682000000000000028e+01,6.369718512086033424e-04,4.057331392321151108e-07
4.682999999999999829e+01,6.575201861637395683e-04,4.323327952127987457e-07
4.684000000000000341e+01,6.786635284975876294e-04,4.605841849127959460e-07
4.685000000000000142e+01,7.004167149363609100e-04,4.905835745622434609e-07
4.685999999999999943e+01,7.227948726573620811e-04,5.224324279397722185e-07
4.686999999999999744e+01,7.458134224516878991e-04,5.562376611090998507e-07
4.688000000000000256e+01,7.694880818388859581e-04,5.921119080920880577e-07
4.689000000000000057e+01,7.938348681302800003e-04,6.301737978594190507e-07
4.689999999999999858e+01,8.188701014375473521e-04,6.705482430283391398e-07
4.691000000000000369e+01,8.446104076227844634e-04,7.133667406647261199e-07
4.692000000000000171e+01,8.710727211863410853e-04,7.587676855949771486e-07
4.692999999999999972e+01,8.982742880892578656e-04,8.068966966422630877e-07
4.693999999999999773e+01,9.262326685056899642e-04,8.579069562071713480e-07
4.695000000000000284e+01,9.549657395022066514e-04,9.119595636229964099e-07
4.696000000000000085e+01,9.844916976394231089e-04,9.692239027209532172e-07
4.696999999999999886e+01,1.014829061492609043e-03,1.029878024049969637e-06
4.698000000000000398e+01,1.045996674086717643e-03,1.094109042200474925e-06
4.699000000000000199e+01,1.078013705241693014e-03,1.162113548688923740e-06
4.700000000000000000e+01,1.110899653824397445e-03,1.234098040867166130e-06
4.700999999999999801e+01,1.144674349902360597e-03,1.310279367324391792e-06
4.702000000000000313e+01,1.179357956795245698e-03,1.390885190256256641e-06
4.703000000000000114e+01,1.214970973019528777e-03,1.476154465280020454e-06
4.703999999999999915e+01,1.251534234122513587e-03,1.566337939180626623e-06
4.705000000000000426e+01,1.289068914400289412e-03,1.661698666073140595e-06
4.706000000000000227e+01,1.327596528495853098e-03,1.762512542474240440e-06
4.707000000000000028e+01,1.367138932872417716e-03,1.869068861775533035e-06
4.707999999999999829e+01,1.407718327157584303e-03,1.981670888615347706e-06
4.709000000000000341e+01,1.449357255353256194e-03,2.100636453645123844e-06
4.710000000000000142e+01,1.492078606906884538e-03,2.226298569189189435e-06
4.710999999999999943e+01,1.535905617639311826e-03,2.359006066295996056e-06
4.711999999999999744e+01,1.580861870524240395e-03,2.499124253677400329e-06
4.713000000000000256e+01,1.626971296314443528e-03,2.647035599031100814e-06
4.714000000000000057e+01,1.674258174009975132e-03,2.803140433239216003e-06
4.714999999999999858e+01,1.722747131163519015e-03,2.967857677932134869e-06
4.716000000000000369e+01,1.772463144017812596e-03,3.141625596901509250e-06
4.717000000000000171e+01,1.823431537469882976e-03,3.324902571839781323e-06
4.717999999999999972e+01,1.875677984858089252e-03,3.518167902881302494e-06
4.718999999999999773e+01,1.929228507565706975e-03,3.721922634404205013e-06
4.720000000000000284e+01,1.984109474436992256e-03,3.936690406550637556e-06
4.721000000000000085e+01,2.040347601000114339e-03,4.163018332906922202e-06
4.721999999999999886e+01,2.097969948492491889e-03,4.401477904777589391e-06
4.723000000000000398e+01,2.157003922682882140e-03,4.652665922469341156e-06
4.724000000000000199e+01,2.217477272485449818e-03,4.917205453989510129e-06
4.725000000000000000e+01,2.279418088361132716e-03,5.195746821547920610e-06
4.725999999999999801e+01,2.342854800500660233e-03,5.488968616228988539e-06
4.727000000000000313e+01,2.407816176784620919e-03,5.797578741185708635e-06
4.728000000000000114e+01,2.474331320515309792e-03,6.122315483683036535e-06
4.728999999999999915e+01,2.542429667915961818e-03,6.463948616299267987e-06
4.730000000000000426e+01,2.612140985391688160e-03,6.823280527563059801e-06
4.731000000000000227e+01,2.683495366547571526e-03,7.201147382282285275e-06
4.732000000000000028e+01,2.756523228959169639e-03,7.598420311791486696e-06
4.732999999999999829e+01,2.831255310690521890e-03,8.016006634313282888e-06
4.734000000000000341e+01,2.907722666554532227e-03,8.454851105595000114e-06
4.735000000000000142e+01,2.985956664111412678e-03,8.915937199951356484e-06
4.735999999999999943e+01,3.065988979400580995e-03,9.400288421805817011e-06
4.736999999999999744e+01,3.147851592401024190e-03,9.908969647781663205e-06
4.738000000000000256e+01,3.231576782215742592e-03,1.044308849935585369e-05
4.739000000000000057e+01,3.317197121975743335e-03,1.100379674604415525e-05
4.739999999999999858e+01,3.404745473459748224e-03,1.159229173904464515e-05
4.741000000000000369e+01,3.494254981424444774e-03,1.220981787520954676e-05
4.742000000000000171e+01,3.585759067641248066e-03,1.285766809117143282e-05
4.742999999999999972e+01,3.679291424636562356e-03,1.353718538740414419e-05
4.743999999999999773e+01,3.774886009129726789e-03,1.424976438192335633e-05
4.745000000000000284e+01,3.872577035166313748e-03,1.499685289329751656e-05
4.746000000000000085e+01,3.972398966941739600e-03,1.577995355255980129e-05
4.746999999999999886e+01,4.074386511312880210e-03,1.660062544356834217e-05
4.748000000000000398e+01,4.178574609992862648e-03,1.746048577127700275e-05
4.749000000000000199e+01,4.284998431426042392e-03,1.836121155732364362e-05
4.750000000000000000e+01,4.393693362340662413e-03,1.930454136227639480e-05
4.750999999999999801e+01,4.504694998974769285e-03,2.029227703378829598e-05
4.752000000000000313e+01,4.618039137973461647e-03,2.132628547985467298e-05
4.753000000000000114e+01,4.733761766953652021e-03,2.240850046627216317e-05
4.753999999999999915e+01,4.851899054735366208e-03,2.354092443734194108e-05
4.755000000000000426e+01,4.972487341234978903e-03,2.472563035874211041e-05
4.756000000000000227e+01,5.095563127019458322e-03,2.596476358144031983e-05
4.757000000000000028e+01,5.221163062519423685e-03,2.726054372541720887e-05
4.757999999999999829e+01,5.349323936898555711e-03,2.861526658187586348e-05
4.759000000000000341e+01,5.480082666577955862e-03,3.003130603252816041e-05
4.760000000000000142e+01,5.613476283413457689e-03,3.151111598444536580e-05
4.760999999999999943e+01,5.749541922525839947e-03,3.305723231888213460e-05
4.761999999999999744e+01,5.888316809781085279e-03,3.467227485235049704e-05
4.763000000000000256e+01,6.029838248921052211e-03,3.635894930815130027e-05
4.764000000000000057e+01,6.174143608343010507e-03,3.812004929644285104e-05
4.764999999999999858e+01,6.321270307528973134e-03,3.995845830084743982e-05
4.766000000000000369e+01,6.471255803122864629e-03,4.187715166945135019e-05
4.767000000000000171e+01,6.624137574656386272e-03,4.387919860797459407e-05
4.767999999999999972e+01,6.779953109924912076e-03,4.596776417278048983e-05
4.768999999999999773e+01,6.938739890011824847e-03,4.814611126124131185e-05
4.770000000000000284e+01,7.100535373963882263e-03,5.041760259691240736e-05
4.771000000000000085e+01,7.265376983117585209e-03,5.278570270681478513e-05
4.771999999999999886e+01,7.433302085079113164e-03,5.525397988804149082e-05
4.773000000000000398e+01,7.604347977358086839e-03,5.782610816075002834e-05
4.774000000000000199e+01,7.778551870657440109e-03,6.050586920450836125e-05
4.775000000000000000e+01,7.955950871822946996e-03,6.329715427486031626e-05
4.775999999999999801e+01,8.136581966452663059e-03,6.620396609680268473e-05
4.777000000000000313e+01,8.320482001170938918e-03,6.923042073180955293e-05
4.778000000000000114e+01,8.507687665568397159e-03,7.238074941486464576e-05
4.778999999999999915e+01,8.698235473813873894e-03,7.565930035791406576e-05
4.780000000000000426e+01,8.892161745938879230e-03,7.907054051593878370e-05
4.781000000000000227e+01,9.089502588800271732e-03,8.261905731180684681e-05
4.782000000000000028e+01,9.290293876726441261e-03,8.630956031594081096e-05
4.782999999999999829e+01,9.494571231849283088e-03,9.014688287666001835e-05
4.784000000000000341e+01,9.702370004128909112e-03,9.413598369702041188e-05
4.785000000000000142e+01,9.913725251074916034e-03,9.828194835380041350e-05
4.785999999999999943e+01,1.012867171717197340e-02,1.025899907542394490e-04
4.787000000000000455e+01,1.034724381301327552e-02,1.070654545259415078e-04
4.788000000000000256e+01,1.056947559414902517e-02,1.117138143353118895e-04
4.789000000000000057e+01,1.079540073965835033e-02,1.165406771298160637e-04
4.789999999999999858e+01,1.102505253044856227e-02,1.215517832991502487e-04
4.791000000000000369e+01,1.125846382729164125e-02,1.267530077504343386e-04
4.792000000000000171e+01,1.149566704860359098e-02,1.321503608923503873e-04
4.792999999999999972e+01,1.173669414797759089e-02,1.377499895231714354e-04
4.793999999999999773e+01,1.198157659147557584e-02,1.435581776173954654e-04
4.795000000000000284e+01,1.223034533469012468e-02,1.495813470057764927e-04
4.796000000000000085e+01,1.248303079958331015e-02,1.558260579433455378e-04
4.796999999999999886e+01,1.273966285111466368e-02,1.622990095600709956e-04
4.798000000000000398e+01,1.300027077366517486e-02,1.690070401886129253e-04
4.799000000000000199e+01,1.326488324726844172e-02,1.759571275636629707e-04
4.800000000000000000e+01,1.353352832366121888e-02,1.831563888873404542e-04
4.800999999999999801e+01,1.380623340216096534e-02,1.906120807549451543e-04
4.802000000000000313e+01,1.408302520538415835e-02,1.983315989354855128e-04
4.803000000000000114e+01,1.436392975481449313e-02,2.063224780012451335e-04
4.803999999999999915e+01,1.464897234623645239e-02,2.145923908008003252e-04
4.805000000000000426e+01,1.493817752504181771e-02,2.231491477696644933e-04
4.806000000000000227e+01,1.523156906142413870e-02,2.320006960729330183e-04
4.807000000000000028e+01,1.552916992547531162e-02,2.411551185742868953e-04
4.807999999999999829e+01,1.583100226219368717e-02,2.506206326255816497e-04
4.809000000000000341e+01,1.613708736642043007e-02,2.604055886714858633e-04
4.810000000000000142e+01,1.644744565771539754e-02,2.705184686635011019e-04
4.810999999999999943e+01,1.676209665518979194e-02,2.809678842779248322e-04
4.812000000000000455e+01,1.708105895230647639e-02,2.917625749321692448e-04
4.813000000000000256e+01,1.740435019166358677e-02,3.029114055940603455e-04
4.814000000000000057e+01,1.773198703977948987e-02,3.144233643789077787e-04
4.814999999999999858e+01,1.806398516188916989e-02,3.263075599289520724e-04
4.816000000000000369e+01,1.840035919677192669e-02,3.385732185702292432e-04
4.817000000000000171e+01,1.874112273162277520e-02,3.512296812417479031e-04
4.817999999999999972e+01,1.908628827698784572e-02,3.642864001922836779e-04
4.818999999999999773e+01,1.943586724177519959e-02,3.777529354399102902e-04
4.820000000000000284e+01,1.978986990836139465e-02,3.916389509898678340e-04
4.821000000000000085e+01,2.014830540780780319e-02,4.059542108062971517e-04
4.821999999999999886e+01,2.051118169520751294e-02,4.207085745338157569e-04
4.823000000000000398e+01,2.087850552517555788e-02,4.359119929647862763e-04
4.824000000000000199e+01,2.125028242750214014e-02,4.515745032486062497e-04
4.825000000000000000e+01,2.162651668298860505e-02,4.677062238395844791e-04
4.825999999999999801e+01,2.200721129947939142e-02,4.843173491799333992e-04
4.827000000000000313e+01,2.239236798811216136e-02,5.014181441150302419e-04
4.828000000000000114e+01,2.278198713980084805e-02,5.190189380380512028e-04
4.828999999999999915e+01,2.317606780197474167e-02,5.371301187617302970e-04
4.830000000000000426e+01,2.357460765558644714e-02,5.557621261148351643e-04
4.831000000000000227e+01,2.397760299241037674e-02,5.749254452616469994e-04
4.832000000000000028e+01,2.438504869265244179e-02,5.946305997430305921e-04
4.832999999999999829e+01,2.479693820288495637e-02,6.148881442376954217e-04
4.834000000000000341e+01,2.521326351433013715e-02,6.357086570430512795e-04
4.835000000000000142e+01,2.563401514150742688e-02,6.571027322750320728e-04
4.835999999999999943e+01,2.605918210126890316e-02,6.790809717870935954e-04
4.837000000000000455e+01,2.648875189223614396e-02,7.016539768084439172e-04
4.838000000000000256e+01,2.692271047466010189e-02,7.248323393023727804e-04
4.839000000000000057e+01,2.736104225072646598e-02,7.486266330460388321e-04
4.839999999999999858e+01,2.780373004531939626e-02,7.730474044329965462e-04
4.841000000000000369e+01,2.825075508726819853e-02,7.981051630008100233e-04
4.842000000000000171e+01,2.870209699109189938e-02,8.238103716860466479e-04
4.842999999999999972e+01,2.915773373926643097e-02,8.501734368099560105e-04
4.843999999999999773e+01,2.961764166502669007e-02,8.772046977979249373e-04
4.845000000000000284e+01,3.008179543572779557e-02,9.049144166369736631e-04
4.846000000000000085e+01,3.055016803678068174e-02,9.333127670755360632e-04
4.846999999999999886e+01,3.102273075618560902e-02,9.624098235707844937e-04
4.848000000000000398e+01,3.149945316967666525e-02,9.922155499886532119e-04
4.849000000000000199e+01,3.198030312649827178e-02,1.022739788062715068e-03
4.850000000000000000e+01,3.246524673583513210e-02,1.053992245618653794e-03
4.850999999999999801e+01,3.295424835390779045e-02,1.085982484571034216e-03
4.852000000000000313e+01,3.344727057175673340e-02,1.118719908700304029e-03
4.853000000000000114e+01,3.394427420372912035e-02,1.152213751217950281e-03
4.853999999999999915e+01,3.444521827669103087e-02,1.186473062128889878e-03
4.855000000000000426e+01,3.495006001997604667e-02,1.221506695399927987e-03
4.856000000000000227e+01,3.545875485609017996e-02,1.257323295944298876e-03
4.857000000000000028e+01,3.597125639219358323e-02,1.293931286432927624e-03
4.857999999999999829e+01,3.648751641236800541e-02,1.331338853942824491e-03
4.859000000000000341e+01,3.700748487069281667e-02,1.369553936454557695e-03
4.860000000000000142e+01,3.753110988514021112e-02,1.408584209210469312e-03
4.860999999999999943e+01,3.805833773231145217e-02,1.448437070946681591e-03
4.862000000000000455e+01,3.858911284302231348e-02,1.489119630011509661e-03
4.863000000000000256e+01,3.912337779875523641e-02,1.530638690384134156e-03
4.864000000000000057e+01,3.966107332899666826e-02,1.573000737608050772e-03
4.864999999999999858e+01,4.020213830946552797e-02,1.616211924653395728e-03
4.866000000000000369e+01,4.074650976125309548e-02,1.660278057723893865e-03
4.867000000000000171e+01,4.129412285088197854e-02,1.705204582023733123e-03
4.867999999999999972e+01,4.184491089130361330e-02,1.750996567501139720e-03
4.868999999999999773e+01,4.239880534383810851e-02,1.797658694584674871e-03
4.870000000000000284e+01,4.295573582107414107e-02,1.845195239929912088e-03
4.871000000000000085e+01,4.351563009073578653e-02,1.893610062193749931e-03
4.871999999999999886e+01,4.407841408053244509e-02,1.942906587854880979e-03
4.873000000000000398e+01,4.464401188399459014e-02,1.993087797098250409e-03
4.874000000000000199e+01,4.521234576730841226e-02,2.044156209782650984e-03
4.875000000000000000e+01,4.578333617716143222e-02,2.096113871510978978e-03
4.875999999999999801e+01,4.635690174959973542e-02,2.148962339822042822e-03
4.877000000000000313e+01,4.693295931991112169e-02,2.202702670524432377e-03
4.878000000000000114e+01,4.751142393353594701e-02,2.257335404192172424e-03
4.878999999999999915e+01,4.809220885801854944e-02,2.312860552843278017e-03
4.880000000000000426e+01,4.867522559599735121e-02,2.369277586821235630e-03
4.881000000000000227e+01,4.926038389924214389e-02,2.426585421900714652e-03
4.882000000000000028e+01,4.984759178374653654e-02,2.484782406639035428e-03
4.882999999999999829e+01,5.043675554587168097e-02,2.543866309994017964e-03
4.884000000000000341e+01,5.102777977955046118e-02,2.603834309230299102e-03
4.885000000000000142e+01,5.162056739454962129e-02,2.664682978135239286e-03
4.885999999999999943e+01,5.221501963579783245e-02,2.726408275566753053e-03
4.887000000000000455e+01,5.281103610377296809e-02,2.789005534354011776e-03
4.888000000000000256e+01,5.340851477595170982e-02,2.852469450573052231e-03
4.889000000000000057e+01,5.400735202932516188e-02,2.916794073219452534e-03
4.889999999999999858e+01,5.460744266397066921e-02,2.981972794298843980e-03
4.891000000000000369e+01,5.520867992768474508e-02,3.047998339357540446e-03
4.892000000000000171e+01,5.581095554166819184e-02,3.114862758474063430e-03
4.892999999999999972e+01,5.641415972726781386e-02,3.182557417733685671e-03
4.893999999999999773e+01,5.701818123376019981e-02,3.251072991205924013e-03
4.895000000000000284e+01,5.762290736717998879e-02,3.320399453446605705e-03
4.896000000000000085e+01,5.822822402018121291e-02,3.390526072544408458e-03
4.896999999999999886e+01,5.883401570293123745e-02,3.461441403732759461e-03
4.898000000000000398e+01,5.944016557502193598e-02,3.533133283586022653e-03
4.899000000000000199e+01,6.004655547839319457e-02,3.605588824819751844e-03
4.900000000000000000e+01,6.065306597126318700e-02,3.678794411714404310e-03
4.900999999999999801e+01,6.125957636304743548e-02,3.752735696180039930e-03
4.902000000000000313e+01,6.186596475026229225e-02,3.827397594480696618e-03
4.903000000000000114e+01,6.247210805339614009e-02,3.902764284635202967e-03
4.903999999999999915e+01,6.307788205474264276e-02,3.978819204512024262e-03
4.905000000000000426e+01,6.368316143717447919e-02,4.055545050633226588e-03
4.906000000000000227e+01,6.428781982384722260e-02,4.132923777703444330e-03
4.907000000000000028e+01,6.489172981882287972e-02,4.210936598879106221e-03
4.907999999999999829e+01,6.549476304858811715e-02,4.289563986790703547e-03
4.909000000000000341e+01,6.609679020445878572e-02,4.368785675332238945e-03
4.910000000000000142e+01,6.669768108584747668e-02,4.448580662229415991e-03
4.910999999999999943e+01,6.729730464438329895e-02,4.528927212398933810e-03
4.912000000000000455e+01,6.789552902885705177e-02,4.609802862108370453e-03
4.913000000000000256e+01,6.849222163097543059e-02,4.691184423946658313e-03
4.914000000000000057e+01,6.908724913190900097e-02,4.773047992614460992e-03
4.914999999999999858e+01,6.968047754960338125e-02,4.855368951540780728e-03
4.916000000000000369e+01,7.027177228684000632e-02,4.938121980333495115e-03
4.917000000000000171e+01,7.086099818001780071e-02,5.021281063068486032e-03
4.917999999999999972e+01,7.144801954864037075e-02,5.104819497422896299e-03
4.918999999999999773e+01,7.203270024547540895e-02,5.188709904654513309e-03
4.920000000000000284e+01,7.261490370736933819e-02,5.272924240430520992e-03
4.921000000000000085e+01,7.319449300668641467e-02,5.357433806505866418e-03
4.921999999999999886e+01,7.377133090335348531e-02,5.442209263252077191e-03
4.923000000000000398e+01,7.434527989747559407e-02,5.527220643033988259e-03
4.924000000000000199e+01,7.491620228249949720e-02,5.612437364432383211e-03
4.925000000000000000e+01,7.548396019890087072e-02,5.697828247309250603e-03
4.925999999999999801e+01,7.604841568835900290e-02,5.783361528709447634e-03
4.927000000000000313e+01,7.660943074839696165e-02,5.869004879593429924e-03
4.928000000000000114e+01,7.716686738745283380e-02,5.954725422392732025e-03
4.928999999999999915e+01,7.772058768035836063e-02,6.040489749380271826e-03
4.930000000000000426e+01,7.827045382418722219e-02,6.126263941844223987e-03
4.931000000000000227e+01,7.881632819444556182e-02,6.212013590054554432e-03
4.932000000000000028e+01,7.935807340157687018e-02,6.297703814010062462e-03
4.932999999999999829e+01,7.989555234774188552e-02,6.383299284950763770e-03
4.934000000000000341e+01,8.042862828384776674e-02,6.468764247621356690e-03
4.935000000000000142e+01,8.095716486678897206e-02,6.554062543268450447e-03
4.935999999999999943e+01,8.148102621687308700e-02,6.639157633354758961e-03
4.937000000000000455e+01,8.200007697539127283e-02,6.724012623970094041e-03
4.938000000000000256e+01,8.251418236230241565e-02,6.808590290919298849e-03
4.939000000000000057e+01,8.302320823400104188e-02,6.892853105466298022e-03
4.939999999999999858e+01,8.352702114112726950e-02,6.976763260710321796e-03
4.941000000000000369e+01,8.402548838639056772e-02,7.060282698571456080e-03
4.942000000000000171e+01,8.451847808236738480e-02,7.143373137359615606e-03
4.942999999999999972e+01,8.500585920924484673e-02,7.225996099901956654e-03
4.943999999999999773e+01,8.548750167246696452e-02,7.308112942200042234e-03
4.945000000000000284e+01,8.596327636025449803e-02,7.389684882589489870e-03
4.946000000000000085e+01,8.643305520095874439e-02,7.470673031371981125e-03
4.946999999999999886e+01,8.689671122021962180e-02,7.551038420890242298e-03
4.948000000000000398e+01,8.735411859788530520e-02,7.630742036013411257e-03
4.949000000000000199e+01,8.780515272466178633e-02,7.709744845001181152e-03
4.950000000000000000e+01,8.824969025845962045e-02,7.788007830714063079e-03
4.950999999999999801e+01,8.868760918039535202e-02,7.865492022134545902e-03
4.952000000000000313e+01,8.911878885041861487e-02,7.942158526165497834e-03
4.953000000000000114e+01,8.954311006252477223e-02,8.017968559669425704e-03
4.953999999999999915e+01,8.996045509952313446e-02,8.092883481713317173e-03
4.955000000000000426e+01,9.037070778731978726e-02,8.166864825981140497e-03
4.956000000000000227e+01,9.077375354868302826e-02,8.239874333317045302e-03
4.957000000000000028e+01,9.116947945645903495e-02,8.311873984361705867e-03
4.957999999999999829e+01,9.155777428619764347e-02,8.382826032242314193e-03
4.959000000000000341e+01,9.193852856815906693e-02,8.452693035278201206e-03
4.960000000000000142e+01,9.231163463866357000e-02,8.521437889662111104e-03
4.960999999999999943e+01,9.267698669075540019e-02,8.589023862078453211e-03
4.962000000000000455e+01,9.303448082414214615e-02,8.655414622217673382e-03
4.963000000000000256e+01,9.338401509437889436e-02,8.720574275147184584e-03
4.964000000000000057e+01,9.372548956126768027e-02,8.784467393499296312e-03
4.964999999999999858e+01,9.405880633643402822e-02,8.847059049434802605e-03
4.966000000000000369e+01,9.438386963005429564e-02,8.908314846343086402e-03
4.967000000000000171e+01,9.470058579669851651e-02,8.968200950237856239e-03
4.967999999999999972e+01,9.500886338026252875e-02,9.026684120809390366e-03
4.968999999999999773e+01,9.530861315795459421e-02,9.083731742092635009e-03
4.970000000000000284e+01,9.559974818330990720e-02,9.139311852712266038e-03
4.971000000000000085e+01,9.588218382820216934e-02,9.193393175665153655e-03
4.971999999999999886e+01,9.615583782382672307e-02,9.245945147602066191e-03
4.973000000000000398e+01,9.642063030062357487e-02,9.296937947569529695e-03
4.974000000000000199e+01,9.667648382711517552e-02,9.346342525174461749e-03
4.975000000000000000e+01,9.692332344763422702e-02,9.394130628134723590e-03
4.975999999999999801e+01,9.716107671891206776e-02,9.440274829178316521e-03
4.977000000000000313e+01,9.738967374550561162e-02,9.484748552256025075e-03
4.978000000000000114e+01,9.760904721403687589e-02,9.527526098032080420e-03
4.978999999999999915e+01,9.781913242622357341e-02,9.568582668619063716e-03
4.980000000000000426e+01,9.801986733067545587e-02,9.607894391523217129e-03
4.981000000000000227e+01,9.821119255343625787e-02,9.645438342768134291e-03
4.982000000000000028e+01,9.839305142725070230e-02,9.681192569165601725e-03
4.982999999999999829e+01,9.856539001953439072e-02,9.715136109702929984e-03
4.984000000000000341e+01,9.872815715902900913e-02,9.747249016017931270e-03
4.985000000000000142e+01,9.888130446112322613e-02,9.777512371933347324e-03
4.985999999999999943e+01,9.902478635182335176e-02,9.805908312024260928e-03
4.987000000000000455e+01,9.915856009035500795e-02,9.832420039192544745e-03
4.988000000000000256e+01,9.928258579038129472e-02,9.857031841224422192e-03
4.989000000000000057e+01,9.939682643982337973e-02,9.879729106308372116e-03
4.989999999999999858e+01,9.950124791926816259e-02,9.900498337491667189e-03
4.991000000000000369e+01,9.959581901895135647e-02,9.919327166055712935e-03
4.992000000000000171e+01,9.968051145430330273e-02,9.936204363791492286e-03
4.992999999999999972e+01,9.975529988004795678e-02,9.951119854158295766e-03
4.993999999999999773e+01,9.982016190284373480e-02,9.964064722309935729e-03
4.995000000000000284e+01,9.987507809245811663e-02,9.975031223974606745e-03
4.996000000000000085e+01,9.992003199146842762e-02,9.984012793176073874e-03
4.996999999999999886e+01,9.995501012348145808e-02,9.991004048785280880e-03
4.998000000000000398e+01,9.998000199986675773e-02,9.996000799893361294e-03
4.999000000000000199e+01,9.999500012499799861e-02,9.999000049998350154e-03
5.000000000000000000e+01,1.000000000000000888e-01,1.000000000000001756e-02
5.000999999999999801e+01,9.999500012499804025e-02,9.999000049998358827e-03
5.002000000000000313e+01,9.998000199986678549e-02,9.996000799893366498e-03
5.003000000000000114e+01,9.995501012348154135e-02,9.991004048785298228e-03
5.003999999999999915e+01,9.992003199146851089e-02,9.984012793176091222e-03
5.005000000000000426e+01,9.987507809245819990e-02,9.975031223974624092e-03
5.006000000000000227e+01,9.982016190284385970e-02,9.964064722309960015e-03
5.007000000000000028e+01,9.975529988004813720e-02,9.951119854158332195e-03
5.007999999999999829e+01,9.968051145430346927e-02,9.936204363791525246e-03
5.009000000000000341e+01,9.959581901895150913e-02,9.919327166055742426e-03
5.010000000000000142e+01,9.950124791926839851e-02,9.900498337491714027e-03
5.010999999999999943e+01,9.939682643982362953e-02,9.879729106308422423e-03
5.012000000000000455e+01,9.928258579038147513e-02,9.857031841224456886e-03
5.013000000000000256e+01,9.915856009035521612e-02,9.832420039192586378e-03
5.014000000000000057e+01,9.902478635182365707e-02,9.805908312024321644e-03
5.014999999999999858e+01,9.888130446112350369e-02,9.777512371933402835e-03
5.016000000000000369e+01,9.872815715902917566e-02,9.747249016017964229e-03
5.017000000000000171e+01,9.856539001953469603e-02,9.715136109702990699e-03
5.017999999999999972e+01,9.839305142725102149e-02,9.681192569165664175e-03
5.018999999999999773e+01,9.821119255343657706e-02,9.645438342768196741e-03
5.020000000000000284e+01,9.801986733067565016e-02,9.607894391523255292e-03
5.021000000000000085e+01,9.781913242622387872e-02,9.568582668619124432e-03
5.021999999999999886e+01,9.760904721403720896e-02,9.527526098032144605e-03
5.023000000000000398e+01,9.738967374550576428e-02,9.484748552256054566e-03
5.024000000000000199e+01,9.716107671891233144e-02,9.440274829178368562e-03
5.025000000000000000e+01,9.692332344763453233e-02,9.394130628134782571e-03
5.025999999999999801e+01,9.667648382711546695e-02,9.346342525174518995e-03
5.027000000000000313e+01,9.642063030062367202e-02,9.296937947569547042e-03
5.028000000000000114e+01,9.615583782382700062e-02,9.245945147602119968e-03
5.028999999999999915e+01,9.588218382820241914e-02,9.193393175665202227e-03
5.030000000000000426e+01,9.559974818330992108e-02,9.139311852712267772e-03
5.031000000000000227e+01,9.530861315795481625e-02,9.083731742092678377e-03
5.032000000000000028e+01,9.500886338026270916e-02,9.026684120809425060e-03
5.032999999999999829e+01,9.470058579669864141e-02,8.968200950237880525e-03
5.034000000000000341e+01,9.438386963005421237e-02,8.908314846343069054e-03
5.035000000000000142e+01,9.405880633643413924e-02,8.847059049434823422e-03
5.035999999999999943e+01,9.372548956126774966e-02,8.784467393499310189e-03
5.037000000000000455e+01,9.338401509437870007e-02,8.720574275147148155e-03
5.038000000000000256e+01,9.303448082414192410e-02,8.655414622217631748e-03
5.039000000000000057e+01,9.267698669075542794e-02,8.589023862078458416e-03
5.039999999999999858e+01,9.231163463866354224e-02,8.521437889662105900e-03
5.041000000000000369e+01,9.193852856815874774e-02,8.452693035278142225e-03
5.042000000000000171e+01,9.155777428619758795e-02,8.382826032242303785e-03
5.042999999999999972e+01,9.116947945645892393e-02,8.311873984361685050e-03
5.043999999999999773e+01,9.077375354868290336e-02,8.239874333317022750e-03
5.045000000000000284e+01,9.037070778731937093e-02,8.166864825981065903e-03
5.046000000000000085e+01,8.996045509952296793e-02,8.092883481713287683e-03
5.046999999999999886e+01,8.954311006252459182e-02,8.017968559669392745e-03
5.048000000000000398e+01,8.911878885041811527e-02,7.942158526165407628e-03
5.049000000000000199e+01,8.868760918039510222e-02,7.865492022134500799e-03
5.050000000000000000e+01,8.824969025845937065e-02,7.788007830714018843e-03
5.050999999999999801e+01,8.780515272466155041e-02,7.709744845001139518e-03
5.052000000000000313e+01,8.735411859788469457e-02,7.630742036013304572e-03
5.053000000000000114e+01,8.689671122021934424e-02,7.551038420890194593e-03
5.053999999999999915e+01,8.643305520095846683e-02,7.470673031371933420e-03
5.055000000000000426e+01,8.596327636025383190e-02,7.389684882589375378e-03
5.056000000000000227e+01,8.548750167246665921e-02,7.308112942199990192e-03
5.057000000000000028e+01,8.500585920924454142e-02,7.225996099901904612e-03
5.057999999999999829e+01,8.451847808236706561e-02,7.143373137359561829e-03
5.059000000000000341e+01,8.402548838638988771e-02,7.060282698571341588e-03
5.060000000000000142e+01,8.352702114112696419e-02,6.976763260710270621e-03
5.060999999999999943e+01,8.302320823400069494e-02,6.892853105466240776e-03
5.062000000000000455e+01,8.251418236230173564e-02,6.808590290919186959e-03
5.063000000000000256e+01,8.200007697539062057e-02,6.724012623969987355e-03
5.064000000000000057e+01,8.148102621687280944e-02,6.639157633354713858e-03
5.064999999999999858e+01,8.095716486678866675e-02,6.554062543268401007e-03
5.066000000000000369e+01,8.042862828384711449e-02,6.468764247621251740e-03
5.067000000000000171e+01,7.989555234774164960e-02,6.383299284950726474e-03
5.067999999999999972e+01,7.935807340157662038e-02,6.297703814010022563e-03
5.068999999999999773e+01,7.881632819444533977e-02,6.212013590054519738e-03
5.070000000000000284e+01,7.827045382418665320e-02,6.126263941844135516e-03
5.071000000000000085e+01,7.772058768035818022e-02,6.040489749380244071e-03
5.071999999999999886e+01,7.716686738745268115e-02,5.954725422392708606e-03
5.073000000000000398e+01,7.660943074839640654e-02,5.869004879593344923e-03
5.074000000000000199e+01,7.604841568835885024e-02,5.783361528709424215e-03
5.075000000000000000e+01,7.548396019890075970e-02,5.697828247309234123e-03
5.075999999999999801e+01,7.491620228249944169e-02,5.612437364432374537e-03
5.077000000000000313e+01,7.434527989747514998e-02,5.527220643033922340e-03
5.078000000000000114e+01,7.377133090335348531e-02,5.442209263252077191e-03
5.078999999999999915e+01,7.319449300668644243e-02,5.357433806505870755e-03
5.080000000000000426e+01,7.261490370736893574e-02,5.272924240430462879e-03
5.081000000000000227e+01,7.203270024547547834e-02,5.188709904654522850e-03
5.082000000000000028e+01,7.144801954864045401e-02,5.104819497422908442e-03
5.082999999999999829e+01,7.086099818001792561e-02,5.021281063068503379e-03
5.084000000000000341e+01,7.027177228683971488e-02,4.938121980333454349e-03
5.085000000000000142e+01,6.968047754960356166e-02,4.855368951540805882e-03
5.085999999999999943e+01,6.908724913190919525e-02,4.773047992614487881e-03
5.087000000000000455e+01,6.849222163097519467e-02,4.691184423946626221e-03
5.088000000000000256e+01,6.789552902885682972e-02,4.609802862108340095e-03
5.089000000000000057e+01,6.729730464438354876e-02,4.528927212398967637e-03
5.089999999999999858e+01,6.669768108584772648e-02,4.448580662229449818e-03
5.091000000000000369e+01,6.609679020445863307e-02,4.368785675332218996e-03
5.092000000000000171e+01,6.549476304858842246e-02,4.289563986790743445e-03
5.092999999999999972e+01,6.489172981882318503e-02,4.210936598879146120e-03
5.093999999999999773e+01,6.428781982384755567e-02,4.132923777703486831e-03
5.095000000000000284e+01,6.368316143717435429e-02,4.055545050633210975e-03
5.096000000000000085e+01,6.307788205474296195e-02,3.978819204512064160e-03
5.096999999999999886e+01,6.247210805339646622e-02,3.902764284635243733e-03
5.098000000000000398e+01,6.186596475026218817e-02,3.827397594480683608e-03
5.099000000000000199e+01,6.125957636304776160e-02,3.752735696180079829e-03
5.100000000000000000e+01,6.065306597126352006e-02,3.678794411714444643e-03
5.100999999999999801e+01,6.004655547839352764e-02,3.605588824819791743e-03
5.102000000000000313e+01,5.944016557502181802e-02,3.533133283586008776e-03
5.103000000000000114e+01,5.883401570293154276e-02,3.461441403732795456e-03
5.103999999999999915e+01,5.822822402018151128e-02,3.390526072544443152e-03
5.105000000000000426e+01,5.762290736717983614e-02,3.320399453446588357e-03
5.106000000000000227e+01,5.701818123376046349e-02,3.251072991205953937e-03
5.107000000000000028e+01,5.641415972726807754e-02,3.182557417733715595e-03
5.107999999999999829e+01,5.581095554166842776e-02,3.114862758474089884e-03
5.109000000000000341e+01,5.520867992768452304e-02,3.047998339357516160e-03
5.110000000000000142e+01,5.460744266397089125e-02,2.981972794298868266e-03
5.110999999999999943e+01,5.400735202932534229e-02,2.916794073219472049e-03
5.112000000000000455e+01,5.340851477595146002e-02,2.852469450573025343e-03
5.113000000000000256e+01,5.281103610377268359e-02,2.789005534353981852e-03
5.114000000000000057e+01,5.221501963579792960e-02,2.726408275566763462e-03
5.114999999999999858e+01,5.162056739454969762e-02,2.664682978135247526e-03
5.116000000000000369e+01,5.102777977955010730e-02,2.603834309230262673e-03
5.117000000000000171e+01,5.043675554587172954e-02,2.543866309994022735e-03
5.117999999999999972e+01,4.984759178374653654e-02,2.484782406639035428e-03
5.118999999999999773e+01,4.926038389924210920e-02,2.426585421900711182e-03
5.120000000000000284e+01,4.867522559599690712e-02,2.369277586821192261e-03
5.121000000000000085e+01,4.809220885801845924e-02,2.312860552843269343e-03
5.121999999999999886e+01,4.751142393353584986e-02,2.257335404192163317e-03
5.123000000000000398e+01,4.693295931991059433e-02,2.202702670524382504e-03
5.124000000000000199e+01,4.635690174959958276e-02,2.148962339822028944e-03
5.125000000000000000e+01,4.578333617716127263e-02,2.096113871510964233e-03
5.125999999999999801e+01,4.521234576730823185e-02,2.044156209782634504e-03
5.127000000000000313e+01,4.464401188399397952e-02,1.993087797098195765e-03
5.128000000000000114e+01,4.407841408053221610e-02,1.942906587854860813e-03
5.128999999999999915e+01,4.351563009073554367e-02,1.893610062193728681e-03
5.130000000000000426e+01,4.295573582107349575e-02,1.845195239929856576e-03
5.131000000000000227e+01,4.239880534383782401e-02,1.797658694584650801e-03
5.132000000000000028e+01,4.184491089130332880e-02,1.750996567501115868e-03
5.132999999999999829e+01,4.129412285088166629e-02,1.705204582023707319e-03
5.134000000000000341e+01,4.074650976125238772e-02,1.660278057723836185e-03
5.135000000000000142e+01,4.020213830946521572e-02,1.616211924653370791e-03
5.135999999999999943e+01,3.966107332899634907e-02,1.573000737608025619e-03
5.137000000000000455e+01,3.912337779875454252e-02,1.530638690384079730e-03
5.138000000000000256e+01,3.858911284302159878e-02,1.489119630011454583e-03
5.139000000000000057e+01,3.805833773231113298e-02,1.448437070946657305e-03
5.139999999999999858e+01,3.753110988513988500e-02,1.408584209210444809e-03
5.141000000000000369e+01,3.700748487069213666e-02,1.369553936454507388e-03
5.142000000000000171e+01,3.648751641236770010e-02,1.331338853942802374e-03
5.142999999999999972e+01,3.597125639219327792e-02,1.293931286432905723e-03
5.143999999999999773e+01,3.545875485608990935e-02,1.257323295944279794e-03
5.145000000000000284e+01,3.495006001997542217e-02,1.221506695399884402e-03
5.146000000000000085e+01,3.444521827669078107e-02,1.186473062128872531e-03
5.146999999999999886e+01,3.394427420372887749e-02,1.152213751217933801e-03
5.148000000000000398e+01,3.344727057175615748e-02,1.118719908700265431e-03
5.149000000000000199e+01,3.295424835390757534e-02,1.085982484571020121e-03
5.150000000000000000e+01,3.246524673583494475e-02,1.053992245618641434e-03
5.150999999999999801e+01,3.198030312649811913e-02,1.022739788062705310e-03
5.152000000000000313e+01,3.149945316967620035e-02,9.922155499886239384e-04
5.153000000000000114e+01,3.102273075618548759e-02,9.624098235707770127e-04
5.153999999999999915e+01,3.055016803678059500e-02,9.333127670755307507e-04
5.155000000000000426e+01,3.008179543572741393e-02,9.049144166369506781e-04
5.156000000000000227e+01,2.961764166502663456e-02,8.772046977979216847e-04
5.157000000000000028e+01,2.915773373926641709e-02,8.501734368099551431e-04
5.157999999999999829e+01,2.870209699109191673e-02,8.238103716860476237e-04
5.159000000000000341e+01,2.825075508726791404e-02,7.981051630007939771e-04
5.160000000000000142e+01,2.780373004531947606e-02,7.730474044330009915e-04
5.160999999999999943e+01,2.736104225072655619e-02,7.486266330460437110e-04
5.162000000000000455e+01,2.692271047465992148e-02,7.248323393023630226e-04
5.163000000000000256e+01,2.648875189223596008e-02,7.016539768084341594e-04
5.164000000000000057e+01,2.605918210126906970e-02,6.790809717871022690e-04
5.164999999999999858e+01,2.563401514150760035e-02,6.571027322750409632e-04
5.166000000000000369e+01,2.521326351433004695e-02,6.357086570430467258e-04
5.167000000000000171e+01,2.479693820288517841e-02,6.148881442377063722e-04
5.167999999999999972e+01,2.438504869265267425e-02,5.946305997430418678e-04
5.168999999999999773e+01,2.397760299241063695e-02,5.749254452616595762e-04
5.170000000000000284e+01,2.357460765558643326e-02,5.557621261148345138e-04
5.171000000000000085e+01,2.317606780197502964e-02,5.371301187617436327e-04
5.171999999999999886e+01,2.278198713980116030e-02,5.190189380380654059e-04
5.173000000000000398e+01,2.239236798811218912e-02,5.014181441150315430e-04
5.174000000000000199e+01,2.200721129947970714e-02,4.843173491799472770e-04
5.175000000000000000e+01,2.162651668298892424e-02,4.677062238395982485e-04
5.175999999999999801e+01,2.125028242750246973e-02,4.515745032486202359e-04
5.177000000000000313e+01,2.087850552517562727e-02,4.359119929647892037e-04
5.178000000000000114e+01,2.051118169520782519e-02,4.207085745338285505e-04
5.178999999999999915e+01,2.014830540780812237e-02,4.059542108063100537e-04
5.180000000000000426e+01,1.978986990836149179e-02,3.916389509898716829e-04
5.181000000000000227e+01,1.943586724177550837e-02,3.777529354399223249e-04
5.182000000000000028e+01,1.908628827698815103e-02,3.642864001922953331e-04
5.182999999999999829e+01,1.874112273162306663e-02,3.512296812417588536e-04
5.184000000000000341e+01,1.840035919677196832e-02,3.385732185702307610e-04
5.185000000000000142e+01,1.806398516188945091e-02,3.263075599289622639e-04
5.185999999999999943e+01,1.773198703977973620e-02,3.144233643789165066e-04
5.187000000000000455e+01,1.740435019166360758e-02,3.029114055940610502e-04
5.188000000000000256e+01,1.708105895230645557e-02,2.917625749321684859e-04
5.189000000000000057e+01,1.676209665518998276e-02,2.809678842779312290e-04
5.189999999999999858e+01,1.644744565771555020e-02,2.705184686635060893e-04
5.191000000000000369e+01,1.613708736642036762e-02,2.604055886714838576e-04
5.192000000000000171e+01,1.583100226219380513e-02,2.506206326255853902e-04
5.192999999999999972e+01,1.552916992547540877e-02,2.411551185742899040e-04
5.193999999999999773e+01,1.523156906142421677e-02,2.320006960729354036e-04
5.195000000000000284e+01,1.493817752504165985e-02,2.231491477696597771e-04
5.196000000000000085e+01,1.464897234623648709e-02,2.145923908008013281e-04
5.196999999999999886e+01,1.436392975481451395e-02,2.063224780012457298e-04
5.198000000000000398e+01,1.408302520538392763e-02,1.983315989354790076e-04
5.199000000000000199e+01,1.380623340216091850e-02,1.906120807549438532e-04
5.200000000000000000e+01,1.353352832366113388e-02,1.831563888873381503e-04
5.200999999999999801e+01,1.326488324726833590e-02,1.759571275636601518e-04
5.202000000000000313e+01,1.300027077366486955e-02,1.690070401886049835e-04
5.203000000000000114e+01,1.273966285111450582e-02,1.622990095600669840e-04
5.203999999999999915e+01,1.248303079958312800e-02,1.558260579433409841e-04
5.205000000000000426e+01,1.223034533468979161e-02,1.495813470057683612e-04
5.206000000000000227e+01,1.198157659147535380e-02,1.435581776173901528e-04
5.207000000000000028e+01,1.173669414797734976e-02,1.377499895231657705e-04
5.207999999999999829e+01,1.149566704860335159e-02,1.321503608923448850e-04
5.209000000000000341e+01,1.125846382729120063e-02,1.267530077504244181e-04
5.210000000000000142e+01,1.102505253044829513e-02,1.215517832991443533e-04
5.210999999999999943e+01,1.079540073965806236e-02,1.165406771298098431e-04
5.212000000000000455e+01,1.056947559414857067e-02,1.117138143353022808e-04
5.213000000000000256e+01,1.034724381301279500e-02,1.070654545259315602e-04
5.214000000000000057e+01,1.012867171717163166e-02,1.025899907542325237e-04
5.214999999999999858e+01,9.913725251074572559e-03,9.828194835379359658e-05
5.216000000000000369e+01,9.702370004128435532e-03,9.413598369701122327e-05
5.217000000000000171e+01,9.494571231848956960e-03,9.014688287665382485e-05
5.217999999999999972e+01,9.290293876726106459e-03,8.630956031593459035e-05
5.218999999999999773e+01,9.089502588799950808e-03,8.261905731180100567e-05
5.220000000000000284e+01,8.892161745938421263e-03,7.907054051593063863e-05
5.221000000000000085e+01,8.698235473813573787e-03,7.565930035790884804e-05
5.221999999999999886e+01,8.507687665568107460e-03,7.238074941485971264e-05
5.223000000000000398e+01,8.320482001170515646e-03,6.923042073180250562e-05
5.224000000000000199e+01,8.136581966452395911e-03,6.620396609679833437e-05
5.225000000000000000e+01,7.955950871822685053e-03,6.329715427485614208e-05
5.225999999999999801e+01,7.778551870657195513e-03,6.050586920450455299e-05
5.227000000000000313e+01,7.604347977357752905e-03,5.782610816074494614e-05
5.228000000000000114e+01,7.433302085078906732e-03,5.525397988803842117e-05
5.228999999999999915e+01,7.265376983117399594e-03,5.278570270681208818e-05
5.230000000000000426e+01,7.100535373963650677e-03,5.041760259690912087e-05
5.231000000000000227e+01,6.938739890011672191e-03,4.814611126123919088e-05
5.232000000000000028e+01,6.779953109924814932e-03,4.596776417277916846e-05
5.232999999999999829e+01,6.624137574656303006e-03,4.387919860797348954e-05
5.234000000000000341e+01,6.471255803122685953e-03,4.187715166944903949e-05
5.235000000000000142e+01,6.321270307528951450e-03,3.995845830084716199e-05
5.235999999999999943e+01,6.174143608343013109e-03,3.812004929644288492e-05
5.237000000000000455e+01,6.029838248920979353e-03,3.635894930815041935e-05
5.238000000000000256e+01,5.888316809781129514e-03,3.467227485235101881e-05
5.239000000000000057e+01,5.749541922525892856e-03,3.305723231888273769e-05
5.239999999999999858e+01,5.613476283413533149e-03,3.151111598444621283e-05
5.241000000000000369e+01,5.480082666577975811e-03,3.003130603252837725e-05
5.242000000000000171e+01,5.349323936898694488e-03,2.861526658187734748e-05
5.242999999999999972e+01,5.221163062519581545e-03,2.726054372541885550e-05
5.243999999999999773e+01,5.095563127019641335e-03,2.596476358144218669e-05
5.245000000000000284e+01,4.972487341235115946e-03,2.472563035874347244e-05
5.246000000000000085e+01,4.851899054735599529e-03,2.354092443734420435e-05
5.246999999999999886e+01,4.733761766953899219e-03,2.240850046627450098e-05
5.248000000000000398e+01,4.618039137973636854e-03,2.132628547985629251e-05
5.249000000000000199e+01,4.504694998975054647e-03,2.029227703379086757e-05
5.250000000000000000e+01,4.393693362340947775e-03,1.930454136227890201e-05
5.250999999999999801e+01,4.284998431426335561e-03,1.836121155732615761e-05
5.252000000000000313e+01,4.178574609993099438e-03,1.746048577127898142e-05
5.253000000000000114e+01,4.074386511313196797e-03,1.660062544357092393e-05
5.253999999999999915e+01,3.972398966942058789e-03,1.577995355256233561e-05
5.255000000000000426e+01,3.872577035166617759e-03,1.499685289329987131e-05
5.256000000000000227e+01,3.774886009130055953e-03,1.424976438192584152e-05
5.257000000000000028e+01,3.679291424636889352e-03,1.353718538740655146e-05
5.257999999999999829e+01,3.585759067641580266e-03,1.285766809117381468e-05
5.259000000000000341e+01,3.494254981424681997e-03,1.220981787521120525e-05
5.260000000000000142e+01,3.404745473460062642e-03,1.159229173904678645e-05
5.260999999999999943e+01,3.317197121976042141e-03,1.100379674604613730e-05
5.262000000000000455e+01,3.231576782215978948e-03,1.044308849935738005e-05
5.263000000000000256e+01,3.147851592401308685e-03,9.908969647783455527e-06
5.264000000000000057e+01,3.065988979400836867e-03,9.400288421807385716e-06
5.264999999999999858e+01,2.985956664111635156e-03,8.915937199952684631e-06
5.266000000000000369e+01,2.907722666554700928e-03,8.454851105595980978e-06
5.267000000000000171e+01,2.831255310690726154e-03,8.016006634314439935e-06
5.267999999999999972e+01,2.756523228959354387e-03,7.598420311792505676e-06
5.268999999999999773e+01,2.683495366547722881e-03,7.201147382283097580e-06
5.270000000000000284e+01,2.612140985391788774e-03,6.823280527563584962e-06
5.271000000000000085e+01,2.542429667916083248e-03,6.463948616299885474e-06
5.271999999999999886e+01,2.474331320515394794e-03,6.122315483683457510e-06
5.273000000000000398e+01,2.407816176784649976e-03,5.797578741185848396e-06
5.274000000000000199e+01,2.342854800500707938e-03,5.488968616229212156e-06
5.275000000000000000e+01,2.279418088361146160e-03,5.195746821547981596e-06
5.275999999999999801e+01,2.217477272485433772e-03,4.917205453989438978e-06
5.277000000000000313e+01,2.157003922682795404e-03,4.652665922468966768e-06
5.278000000000000114e+01,2.097969948492428138e-03,4.401477904777321729e-06
5.278999999999999915e+01,2.040347601000030205e-03,4.163018332906578307e-06
5.280000000000000426e+01,1.984109474436880367e-03,3.936690406550193711e-06
5.281000000000000227e+01,1.929228507565574052e-03,3.721922634403692135e-06
5.282000000000000028e+01,1.875677984857931609e-03,3.518167902880711265e-06
5.282999999999999829e+01,1.823431537469696277e-03,3.324902571839100308e-06
5.284000000000000341e+01,1.772463144017562579e-03,3.141625596900622830e-06
5.285000000000000142e+01,1.722747131163326027e-03,2.967857677931469948e-06
5.285999999999999943e+01,1.674258174009741378e-03,2.803140433238433344e-06
5.287000000000000455e+01,1.626971296314169224e-03,2.647035599030208042e-06
5.288000000000000256e+01,1.580861870523970428e-03,2.499124253676546520e-06
5.289000000000000057e+01,1.535905617639019959e-03,2.359006066295099472e-06
5.289999999999999858e+01,1.492078606906569902e-03,2.226298569188250499e-06
5.291000000000000369e+01,1.449357255352925295e-03,2.100636453644164579e-06
5.292000000000000171e+01,1.407718327157264464e-03,1.981670888614446886e-06
5.292999999999999972e+01,1.367138932872096141e-03,1.869068861774653814e-06
5.293999999999999773e+01,1.327596528495520681e-03,1.762512542473357832e-06
5.295000000000000284e+01,1.289068914399942034e-03,1.661698666072245070e-06
5.296000000000000085e+01,1.251534234122197650e-03,1.566337939179835918e-06
5.296999999999999886e+01,1.214970973019209805e-03,1.476154465279245419e-06
5.298000000000000398e+01,1.179357956794900054e-03,1.390885190255441372e-06
5.299000000000000199e+01,1.144674349902058538e-03,1.310279367323700401e-06
5.300000000000000000e+01,1.110899653824091700e-03,1.234098040866486809e-06
5.300999999999999801e+01,1.078013705241384883e-03,1.162113548688259454e-06
5.302000000000000313e+01,1.045996674086418403e-03,1.094109042199848967e-06
5.303000000000000114e+01,1.014829061492345365e-03,1.029878024049434524e-06
5.303999999999999915e+01,9.844916976391596478e-04,9.692239027204346213e-07
5.305000000000000426e+01,9.549657395019871004e-04,9.119595636225771286e-07
5.306000000000000227e+01,9.262326685054865678e-04,8.579069562067945242e-07
5.307000000000000028e+01,8.982742880890644439e-04,8.068966966419155924e-07
5.307999999999999829e+01,8.710727211861750939e-04,7.587676855946878868e-07
5.309000000000000341e+01,8.446104076226034017e-04,7.133667406644202351e-07
5.310000000000000142e+01,8.188701014374370887e-04,6.705482430281585100e-07
5.310999999999999943e+01,7.938348681301809042e-04,6.301737978592617143e-07
5.312000000000000455e+01,7.694880818387865367e-04,5.921119080919350624e-07
5.313000000000000256e+01,7.458134224516462657e-04,5.562376611090378056e-07
5.314000000000000057e+01,7.227948726573329161e-04,5.224324279397300787e-07
5.314999999999999858e+01,7.004167149363353228e-04,4.905835745622075679e-07
5.316000000000000369e+01,6.786635284975956525e-04,4.605841849128068515e-07
5.317000000000000171e+01,6.575201861637759975e-04,4.323327952128466560e-07
5.317999999999999972e+01,6.369718512086698040e-04,4.057331392321997612e-07
5.318999999999999773e+01,6.170039741499582647e-04,3.806939041168423485e-07
5.320000000000000284e+01,5.976022895007540190e-04,3.571284964165430294e-07
5.321000000000000085e+01,5.787528124830411099e-04,3.349548179570301498e-07
5.321999999999999886e+01,5.604418357060291823e-04,3.140950512095438090e-07
5.323000000000000398e+01,5.426559258129825527e-04,2.944754538199452012e-07
5.324000000000000199e+01,5.253819200987414496e-04,2.760261619666403666e-07
5.325000000000000000e+01,5.086069231014766481e-04,2.586810022267513745e-07
5.325999999999999801e+01,4.923183031713015924e-04,2.423773116374696014e-07
5.327000000000000313e+01,4.765036890183819832e-04,2.270557656481268866e-07
5.328000000000000114e+01,4.611509662435228705e-04,2.126602136673347799e-07
5.328999999999999915e+01,4.462482738533759576e-04,1.991375219171176203e-07
5.330000000000000426e+01,4.317840007635341992e-04,1.864374233153636967e-07
5.331000000000000227e+01,4.177467822910283781e-04,1.745123741145078708e-07
5.332000000000000028e+01,4.041254966396747765e-04,1.633174170342637895e-07
5.332999999999999829e+01,3.909092613796821066e-04,1.528100506324086149e-07
5.334000000000000341e+01,3.780874299242794863e-04,1.429501046667469604e-07
5.335000000000000142e+01,3.656495880054798733e-04,1.336996212085771659e-07
5.335999999999999943e+01,3.535855501509360481e-04,1.250227412755401163e-07
5.337000000000000455e+01,3.418853561640746298e-04,1.168855967594361570e-07
5.338000000000000256e+01,3.305392676094659195e-04,1.092562074318021290e-07
5.339000000000000057e+01,3.195377643050631412e-04,1.021043828170780853e-07
5.339999999999999858e+01,3.088715408237972630e-04,9.540162873086666343e-08
5.341000000000000369e+01,2.985315030054329247e-04,8.912105828668280721e-08
5.342000000000000171e+01,2.885087644810961399e-04,8.323730718240860615e-08
5.342999999999999972e+01,2.787946432117182228e-04,7.772645308354925811e-08
5.343999999999999773e+01,2.693806580422142510e-04,7.256593892725636696e-08
5.345000000000000284e+01,2.602585252725880404e-04,6.773449997706235123e-08
5.346000000000000085e+01,2.514201552478038449e-04,6.321209446482978502e-08
5.346999999999999886e+01,2.428576489674181302e-04,5.897983766198168612e-08
5.348000000000000398e+01,2.345632947166871140e-04,5.501993922834741952e-08
5.349000000000000199e+01,2.265295647200206636e-04,5.131564369224203348e-08
5.350000000000000000e+01,2.187491118182567369e-04,4.785117392127618747e-08
5.350999999999999801e+01,2.112147661708887103e-04,4.461167744862319423e-08
5.352000000000000313e+01,2.039195319841617703e-04,4.158317552463957687e-08
5.353000000000000114e+01,1.968565842662525127e-04,3.875251476897617473e-08
5.353999999999999915e+01,1.900192656104236679e-04,3.610732130312473615e-08
5.355000000000000426e+01,1.834010830072092888e-04,3.363595724821727491e-08
5.356000000000000227e+01,1.769957046861607376e-04,3.132747947735062241e-08
5.357000000000000028e+01,1.707969569885359922e-04,2.917160051654381223e-08
5.357999999999999829e+01,1.647988212712134877e-04,2.715865149238136707e-08
5.359000000000000341e+01,1.589954308427333888e-04,2.527954702886641622e-08
5.360000000000000142e+01,1.533810679322851098e-04,2.352575200004825976e-08
5.360999999999999943e+01,1.479501606919524385e-04,2.188925004877454793e-08
5.362000000000000455e+01,1.426972802332673157e-04,2.036251378597162458e-08
5.363000000000000256e+01,1.376171376981547522e-04,1.893847658823288624e-08
5.364000000000000057e+01,1.327045813648454605e-04,1.761050591521889010e-08
5.364999999999999858e+01,1.279545937897676286e-04,1.637237807190443898e-08
5.366000000000000369e+01,1.233622889849692711e-04,1.521825434361107056e-08
5.367000000000000171e+01,1.189229096320244594e-04,1.414265843534665671e-08
5.367999999999999972e+01,1.146318243327884112e-04,1.314045514986326129e-08
5.368999999999999773e+01,1.104845248968687216e-04,1.220683024168680444e-08
5.370000000000000284e+01,1.064766236665751453e-04,1.133727138743347018e-08
5.371000000000000085e+01,1.026038508792278956e-04,1.052755021524683517e-08
5.371999999999999886e+01,9.886205206714472052e-05,9.773705338926834148e-09
5.373000000000000398e+01,9.524718549565669499e-05,9.072026344844035410e-09
5.374000000000000199e+01,9.175531963878216291e-05,8.419038682015083345e-09
5.375000000000000000e+01,8.838263069333883101e-05,7.811489408275119908e-09
5.375999999999999801e+01,8.512540013088064079e-05,7.246333747442533419e-09
5.377000000000000313e+01,8.198001228815124787e-05,6.720722414765429812e-09
5.378000000000000114e+01,7.894295199548049809e-05,6.231989669760738506e-09
5.378999999999999915e+01,7.601080224345513759e-05,5.777642057693644667e-09
5.380000000000000426e+01,7.318024188793975963e-05,5.355347802777372893e-09
5.381000000000000227e+01,7.044804339284117345e-05,4.962926817879633180e-09
5.382000000000000028e+01,6.781107061125613228e-05,4.598341297444765123e-09
5.382999999999999829e+01,6.526627660426307569e-05,4.259686861784177992e-09
5.384000000000000341e+01,6.281070149760333617e-05,3.945184222621029717e-09
5.385000000000000142e+01,6.044147037593535177e-05,3.653171341205070510e-09
5.385999999999999943e+01,5.815579121455866172e-05,3.382096051791338319e-09
5.387000000000000455e+01,5.595095284847100811e-05,3.130509124651825937e-09
5.388000000000000256e+01,5.382432297834493379e-05,2.897057744077190389e-09
5.389000000000000057e+01,5.177334621326972337e-05,2.680479378119090508e-09
5.389999999999999858e+01,4.979554215036126650e-05,2.479596018048405537e-09
5.391000000000000369e+01,4.788850349044397782e-05,2.293308766554264919e-09
5.392000000000000171e+01,4.604989418968228606e-05,2.120592754880934365e-09
5.392999999999999972e+01,4.427744764737568658e-05,1.960492370166094693e-09
5.393999999999999773e+01,4.256896492867720625e-05,1.812116775098949981e-09
5.395000000000000284e+01,4.092231302294150968e-05,1.674635703147608340e-09
5.396000000000000085e+01,3.933542313645588880e-05,1.547275513324029130e-09
5.396999999999999886e+01,3.780628901990003022e-05,1.429315489456213690e-09
5.398000000000000398e+01,3.633296532990353429e-05,1.320084369663972230e-09
5.399000000000000199e+01,3.491356602421291546e-05,1.218957092527074367e-09
5.400000000000000000e+01,3.354626279044424514e-05,1.125351747205544201e-09
5.400999999999999801e+01,3.222928350764064860e-05,1.038726715415877602e-09
5.402000000000000313e+01,3.096091074065575078e-05,9.585779938908526187e-10
5.403000000000000114e+01,2.973948026668185625e-05,8.844366865323595461e-10
5.403999999999999915e+01,2.856337963352191555e-05,8.158666560886945748e-10
5.405000000000000426e+01,2.743104674955985627e-05,7.524623257765383632e-10
5.406000000000000227e+01,2.634096850440209583e-05,6.938466217499031456e-10
5.407000000000000028e+01,2.529167942043122693e-05,6.396690479058644094e-10
5.407999999999999829e+01,2.428176033437781192e-05,5.896038849361636273e-10
5.409000000000000341e+01,2.330983710869990707e-05,5.433485060341232618e-10
5.410000000000000142e+01,2.237457937228346907e-05,5.006218020866129628e-10
5.410999999999999943e+01,2.147469929003357485e-05,4.611627095973685064e-10
5.412000000000000455e+01,2.060895036101745162e-05,4.247288349828813642e-10
5.413000000000000256e+01,1.977612624453920780e-05,3.910951692399524506e-10
5.414000000000000057e+01,1.897505961381841568e-05,3.600528873479627070e-10
5.414999999999999858e+01,1.820462103687202446e-05,3.314082270961234408e-10
5.416000000000000369e+01,1.746371788413381029e-05,3.049814423366151098e-10
5.417000000000000171e+01,1.675129326228812031e-05,2.806058259591793947e-10
5.417999999999999972e+01,1.606632497392482666e-05,2.581267981677605949e-10
5.418999999999999773e+01,1.540782450267443753e-05,2.374010559052147867e-10
5.420000000000000284e+01,1.477483602331096983e-05,2.182957795157275032e-10
5.421000000000000085e+01,1.416643543618109460e-05,2.006878929674874325e-10
5.421999999999999886e+01,1.358172942595157654e-05,1.844633741997589461e-10
5.423000000000000398e+01,1.301985454389899632e-05,1.695166123442873396e-10
5.424000000000000199e+01,1.247997631338849409e-05,1.557498087827378760e-10
5.425000000000000000e+01,1.196128835812276266e-05,1.430724191861631334e-10
5.425999999999999801e+01,1.146301155285871497e-05,1.314006338609723657e-10
5.427000000000000313e+01,1.098439319583463261e-05,1.206568938806981737e-10
5.428000000000000114e+01,1.052470620292044154e-05,1.107694406577920230e-10
5.428999999999999915e+01,1.008324832268925446e-05,1.016718967370156691e-10
5.430000000000000426e+01,9.659341372156957472e-06,9.330287574386305448e-11
5.431000000000000227e+01,9.252330492831393739e-06,8.560561954857762603e-11
5.432000000000000028e+01,8.861583426513833703e-06,7.852766082506466419e-11
5.432999999999999829e+01,8.486489810580932536e-06,7.202050930509399192e-11
5.434000000000000341e+01,8.126460492253764588e-06,6.603936013216130030e-11
5.435000000000000142e+01,7.780926861420103184e-06,6.054282282276890196e-11
5.435999999999999943e+01,7.449340201774163988e-06,5.549266944176874042e-11
5.437000000000000455e+01,7.131171059767625045e-06,5.085360068366731085e-11
5.438000000000000256e+01,6.825908630912780824e-06,4.659302863756959450e-11
5.439000000000000057e+01,6.533060163213815454e-06,4.268087509617132283e-11
5.439999999999999858e+01,6.252150377282542162e-06,3.908938434015423646e-11
5.441000000000000369e+01,5.982720902720129759e-06,3.579294939984436376e-11
5.442000000000000171e+01,5.724329730453047047e-06,3.276795086294865140e-11
5.442999999999999972e+01,5.476550680583866619e-06,2.999260735700361451e-11
5.443999999999999773e+01,5.238972885642363473e-06,2.744683689649587151e-11
5.445000000000000284e+01,5.011200288411658613e-06,2.511212833057709180e-11
5.446000000000000085e+01,4.792851154478482073e-06,2.297142218898571809e-11
5.446999999999999886e+01,4.583557598930360838e-06,2.100900026271225381e-11
5.448000000000000398e+01,4.382965126737303349e-06,1.921038330219534610e-11
5.449000000000000199e+01,4.190732186791838620e-06,1.756223626141310725e-11
5.450000000000000000e+01,4.006529739094190147e-06,1.605228055024615919e-11
5.450999999999999801e+01,3.830040834619355008e-06,1.466921279485172546e-11
5.452000000000000313e+01,3.660960207999018124e-06,1.340262964455221394e-11
5.453000000000000114e+01,3.498993882116561388e-06,1.224295818708912543e-11
5.453999999999999915e+01,3.343858784842034039e-06,1.118139157296524392e-11
5.455000000000000426e+01,3.195282377272661655e-06,1.020982947050923204e-11
5.456000000000000227e+01,3.053002293319684622e-06,9.320823003015254254e-12
5.457000000000000028e+01,2.916765990251347972e-06,8.507523841886927213e-12
5.457999999999999829e+01,2.786330410117304211e-06,7.763637154344464251e-12
5.459000000000000341e+01,2.661461651511779600e-06,7.083378122467809286e-12
5.460000000000000142e+01,2.541934651533932071e-06,6.461431772668932816e-12
5.460999999999999943e+01,2.427532877689037784e-06,5.892915872261221085e-12
5.462000000000000455e+01,2.318048029524896290e-06,5.373346667184254351e-12
5.463000000000000256e+01,2.213279749468049833e-06,4.898607249405353563e-12
5.464000000000000057e+01,2.113035343021019038e-06,4.464918360855955295e-12
5.464999999999999858e+01,2.017129507642927358e-06,4.068811450603798162e-12
5.466000000000000369e+01,1.925384070484459905e-06,3.707103818875307977e-12
5.467000000000000171e+01,1.837627734365778695e-06,3.376875690110304920e-12
5.467999999999999972e+01,1.753695831995191773e-06,3.075449071157307885e-12
5.468999999999999773e+01,1.673430088220762645e-06,2.800368260162549469e-12
5.470000000000000284e+01,1.596678389865479797e-06,2.549381880663420967e-12
5.471000000000000085e+01,1.523294563162175005e-06,2.320426326159441392e-12
5.471999999999999886e+01,1.453138158473551599e-06,2.111610507611904629e-12
5.473000000000000398e+01,1.386074242109039086e-06,1.921201804638147261e-12
5.474000000000000199e+01,1.321973194937761787e-06,1.747613128133953534e-12
5.475000000000000000e+01,1.260710517865141652e-06,1.589391009855793716e-12
5.475999999999999801e+01,1.202166643604532837e-06,1.445204638995387848e-12
5.477000000000000313e+01,1.146226754903445969e-06,1.313835773656484372e-12
5.478000000000000114e+01,1.092780608776594009e-06,1.194169458918143403e-12
5.478999999999999915e+01,1.041722366742273970e-06,1.085185489371124716e-12
5.480000000000000426e+01,9.929504307879916065e-07,9.859505580020581746e-13
5.481000000000000227e+01,9.463672849574041637e-07,8.956110380376485672e-13
5.482000000000000028e+01,9.018793422444143433e-07,8.133863479672174214e-13
5.482999999999999829e+01,8.593967969121418326e-07,7.385628545428491303e-13
5.484000000000000341e+01,8.188334817750703072e-07,6.704882708758843795e-13
5.485000000000000142e+01,7.801067304619783458e-07,6.085665109120777835e-13
5.485999999999999943e+01,7.431372444339285509e-07,5.522529640648524353e-13
5.487000000000000455e+01,7.078489647127343675e-07,5.010501568448898384e-13
5.488000000000000256e+01,6.741689480532345946e-07,4.545037705192049201e-13
5.489000000000000057e+01,6.420272474460082739e-07,4.121989864630979231e-13
5.489999999999999858e+01,6.113567968470455080e-07,3.737571330510796849e-13
5.491000000000000369e+01,5.820933000851970615e-07,3.388326100040752714e-13
5.492000000000000171e+01,5.541751235613124226e-07,3.071100675741959094e-13
5.492999999999999972e+01,5.275431929120408295e-07,2.783018203878307146e-13
5.493999999999999773e+01,5.021408933138238329e-07,2.521454767380050219e-13
5.495000000000000284e+01,4.779139733828736972e-07,2.284017659546061049e-13
5.496000000000000085e+01,4.548104525188869102e-07,2.068525477204346804e-13
5.496999999999999886e+01,4.327805316730519650e-07,1.872989885952095380e-13
5.498000000000000398e+01,4.117765073358471676e-07,1.695598919937089852e-13
5.499000000000000199e+01,3.917526885798966564e-07,1.534701690095774933e-13
5.500000000000000000e+01,3.726653172854687055e-07,1.388794387074790584e-13
5.500999999999999801e+01,3.544724912201602812e-07,1.256507470318266100e-13
5.502000000000000313e+01,3.371340899038589700e-07,1.136593945753032582e-13
5.503000000000000114e+01,3.206117033501569027e-07,1.027918643250890130e-13
5.503999999999999915e+01,3.048685633763437048e-07,9.294484093515569557e-14
5.505000000000000426e+01,2.898694774565741542e-07,8.402431396094735656e-14
5.506000000000000227e+01,2.755807651048125508e-07,7.594475809575387202e-14
5.507000000000000028e+01,2.619701965861711307e-07,6.862838389939714383e-14
5.507999999999999829e+01,2.490069340622669004e-07,6.200445321109014168e-14
5.509000000000000341e+01,2.366614747878817278e-07,5.600865364877517709e-14
5.510000000000000142e+01,2.249055966135644943e-07,5.058252738810339383e-14
5.510999999999999943e+01,2.137123054372779494e-07,4.567294949531637982e-14
5.512000000000000455e+01,2.030557848153966100e-07,4.123165174699665412e-14
5.513000000000000256e+01,1.929113473422425382e-07,3.721478793339934776e-14
5.514000000000000057e+01,1.832553880628390054e-07,3.358253725406171513e-14
5.514999999999999858e+01,1.740653394783679213e-07,3.029874240771947109e-14
5.516000000000000369e+01,1.653196285692159885e-07,2.733057959026353648e-14
5.517000000000000171e+01,1.569976351922173324e-07,2.464825745594855787e-14
5.517999999999999972e+01,1.490796523509548838e-07,2.222474274508156764e-14
5.518999999999999773e+01,1.415468478543653585e-07,2.003551013750685521e-14
5.520000000000000284e+01,1.343812275664746118e-07,1.805831432227263706e-14
5.521000000000000085e+01,1.275656000211204725e-07,1.627298230874849188e-14
5.521999999999999886e+01,1.210835426091140784e-07,1.466122429077314329e-14
5.523000000000000398e+01,1.149193688568260872e-07,1.320646133845124929e-14
5.524000000000000199e+01,1.090580971804135087e-07,1.189366856061251668e-14
5.525000000000000000e+01,1.034854208879080092e-07,1.070923233634746697e-14
5.525999999999999801e+01,9.818767926171705307e-08,9.640820358801820738e-15
5.527000000000000313e+01,9.315182990676699549e-08,8.677263414979250090e-15
5.528000000000000114e+01,8.836542219568307978e-08,7.808447839821320341e-15
5.528999999999999915e+01,8.381657174617892554e-08,7.025217699282359642e-15
5.530000000000000426e+01,7.949393595513220464e-08,6.319285853638660505e-15
5.531000000000000227e+01,7.538669054054041393e-08,5.683153110655205280e-15
5.532000000000000028e+01,7.148450703365533832e-08,5.110034745844719222e-15
5.532999999999999829e+01,6.777753117802875542e-08,4.593793732588659845e-15
5.534000000000000341e+01,6.425636220409819300e-08,4.128880083704259020e-15
5.535000000000000142e+01,6.091203302035985007e-08,3.710275766673409047e-15
5.535999999999999943e+01,5.773599109818963627e-08,3.333444668090232765e-15
5.537000000000000455e+01,5.472008035491301404e-08,2.994287194048137259e-15
5.538000000000000256e+01,5.185652350664131837e-08,2.689099030194843546e-15
5.539000000000000057e+01,4.913790546199461865e-08,2.414533753191920476e-15
5.539999999999999858e+01,4.655715708981851844e-08,2.167568876286038560e-15
5.541000000000000369e+01,4.410754000135767395e-08,1.945475084971367414e-15
5.542000000000000171e+01,4.178263167961153419e-08,1.745788310074077414e-15
5.542999999999999972e+01,3.957631145489303538e-08,1.566284428374697722e-15
5.543999999999999773e+01,3.748274688687403922e-08,1.404956314185465546e-15
5.545000000000000284e+01,3.549638090826855663e-08,1.259993057584892508e-15
5.546000000000000085e+01,3.361191930347780402e-08,1.129761119263503915e-15
5.546999999999999886e+01,3.182431900740908328e-08,1.012787280285339008e-15
5.548000000000000398e+01,3.012877655042228438e-08,9.077431764252756778e-16
5.549000000000000199e+01,2.852071734414288577e-08,8.134313178244928509e-16
5.550000000000000000e+01,2.699578514374449873e-08,7.287724155272162201e-16
5.550999999999999801e+01,2.554983218798088696e-08,6.527939248339842092e-16
5.552000000000000313e+01,2.417890961305734570e-08,5.846196700763969209e-16
5.553000000000000114e+01,2.287925833484898740e-08,5.234604619527568812e-16
5.553999999999999915e+01,2.164730035031617904e-08,4.686056124567989567e-16
5.555000000000000426e+01,2.047963039153697955e-08,4.194152609739650804e-16
5.556000000000000227e+01,1.937300793618450804e-08,3.753134364954679263e-16
5.557000000000000028e+01,1.832434960384194105e-08,3.357817884038223237e-16
5.557999999999999829e+01,1.733072184954344890e-08,3.003539198262427101e-16
5.559000000000000341e+01,1.638933399184475948e-08,2.686102686962380854e-16
5.560000000000000142e+01,1.549753157307721373e-08,2.401734848585251226e-16
5.560999999999999943e+01,1.465278997174603299e-08,2.147042539561011196e-16
5.562000000000000455e+01,1.385270832498591488e-08,1.918975279371340806e-16
5.563000000000000256e+01,1.309500370433445816e-08,1.714791220165331718e-16
5.564000000000000057e+01,1.237750563004306713e-08,1.532026456217478189e-16
5.564999999999999858e+01,1.169815062601076380e-08,1.368467280688360297e-16
5.566000000000000369e+01,1.105497733903728166e-08,1.222125239666278183e-16
5.567000000000000171e+01,1.044612153581236149e-08,1.091214551409628080e-16
5.567999999999999972e+01,9.869811606332826479e-09,9.741318114450216347e-17
5.568999999999999773e+01,9.324364071270068396e-09,8.694376533359212032e-17
5.570000000000000284e+01,8.808179406898803243e-09,7.758402446411614784e-17
5.571000000000000085e+01,8.319738026473340035e-09,6.921804082914650474e-17
5.571999999999999886e+01,7.857596467964600537e-09,6.174182225336976055e-17
5.573000000000000398e+01,7.420383684354817059e-09,5.506209402303916862e-17
5.574000000000000199e+01,7.006797613683614086e-09,4.909521279912239019e-17
5.575000000000000000e+01,6.615601774219027695e-09,4.376618683504994816e-17
5.575999999999999801e+01,6.245622160645269010e-09,3.900779617354328104e-17
5.577000000000000313e+01,5.895744168814518988e-09,3.475979930411040358e-17
5.578000000000000114e+01,5.564909710272827863e-09,3.096822008348881124e-17
5.578999999999999915e+01,5.252114499809967413e-09,2.758470671911410515e-17
5.580000000000000426e+01,4.956405373365902657e-09,2.456595422513039237e-17
5.581000000000000227e+01,4.676877798545544554e-09,2.187318594252821895e-17
5.582000000000000028e+01,4.412673528750190512e-09,1.947168767133265697e-17
5.582999999999999829e+01,4.162978257799958617e-09,1.733038797491517957e-17
5.584000000000000341e+01,3.927019487358939642e-09,1.542148205409687023e-17
5.585000000000000142e+01,3.704064514008400365e-09,1.372009392393628714e-17
5.585999999999999943e+01,3.493418359035239247e-09,1.220397183124446439e-17
5.587000000000000455e+01,3.294421965108167771e-09,1.085321608418716189e-17
5.588000000000000256e+01,3.106450369621042044e-09,9.650033898918709177e-18
5.589000000000000057e+01,2.928911078427887229e-09,8.578520105337609423e-18
5.589999999999999858e+01,2.761242341894487571e-09,7.624459270670953716e-18
5.591000000000000369e+01,2.602911670444780655e-09,6.775149164137638573e-18
5.592000000000000171e+01,2.453414380343746670e-09,6.019242121677490384e-18
5.592999999999999972e+01,2.312272188501955597e-09,5.346602673719622903e-18
5.593999999999999773e+01,2.179031837296964422e-09,4.748179747953784326e-18
5.595000000000000284e+01,2.053263866958452828e-09,4.215892507357179347e-18
5.596000000000000085e+01,1.934561413537068410e-09,3.742527862746540348e-18
5.596999999999999886e+01,1.822539087775062487e-09,3.321648726467956985e-18
5.598000000000000398e+01,1.716831811651769827e-09,2.947511469499498218e-18
5.599000000000000199e+01,1.617093840427418688e-09,2.614992488748297944e-18
5.600000000000000000e+01,1.522997743321810595e-09,2.319522126163327598e-18
5.600999999999999801e+01,1.434233537753417130e-09,2.057025840816682702e-18
5.602000000000000313e+01,1.350507669645675204e-09,1.823870965771792052e-18
5.603000000000000114e+01,1.271542289815707263e-09,1.616819794789772034e-18
5.603999999999999915e+01,1.197074374127673764e-09,1.432987057193161919e-18
5.605000000000000426e+01,1.126854987152825916e-09,1.269802162071195414e-18
5.606000000000000227e+01,1.060648516946418180e-09,1.124975276500636309e-18
5.607000000000000028e+01,9.982320931886629534e-10,9.964673118718195505e-19
5.607999999999999829e+01,9.393947744633174346e-10,8.824625422889870622e-19
5.609000000000000341e+01,8.839370087761643304e-10,7.813446354841527825e-19
5.610000000000000142e+01,8.316700532780944325e-10,6.916750775195884531e-19
5.610999999999999943e+01,7.824153958643052366e-10,6.121738516854974687e-19
5.612000000000000455e+01,7.360041816766786104e-10,5.417021554455572927e-19
5.613000000000000256e+01,6.922767518325346986e-10,4.792471011278048558e-19
5.614000000000000057e+01,6.510821449230142289e-10,4.239079594375528887e-19
5.614999999999999858e+01,6.122776245006761941e-10,3.748838894641910492e-19
5.616000000000000369e+01,5.757283003127775782e-10,3.314630757810398077e-19
5.617000000000000171e+01,5.413066046288742910e-10,2.930128402148404065e-19
5.617999999999999972e+01,5.088920345363368890e-10,2.589711028145323156e-19
5.618999999999999773e+01,4.783706797827613845e-10,2.288385072758212554e-19
5.620000000000000284e+01,4.496349213848659099e-10,2.021715625287745369e-19
5.621000000000000085e+01,4.225830452903956832e-10,1.785764301669046185e-19
5.621999999999999886e+01,3.971190126599453134e-10,1.577035102160097942e-19
5.623000000000000398e+01,3.731520830743504500e-10,1.392424771027269385e-19
5.624000000000000199e+01,3.505965427481769448e-10,1.229179357869742618e-19
5.625000000000000000e+01,3.293714643246192128e-10,1.084855615113439021e-19
5.625999999999999801e+01,3.094004029365000771e-10,9.572860933726860834e-20
5.627000000000000313e+01,2.906112103017689348e-10,8.445487555305897664e-20
5.628000000000000114e+01,2.729357490567016137e-10,7.449392311314279332e-20
5.628999999999999915e+01,2.563097045961383159e-10,6.569466467015968539e-20
5.630000000000000426e+01,2.406723863801648960e-10,5.792319756592337707e-20
5.631000000000000227e+01,2.259664775134342872e-10,5.106084895982940321e-20
5.632000000000000028e+01,2.121379566822255982e-10,4.500251266530982556e-20
5.632999999999999829e+01,1.991357880974524696e-10,3.965506210119349188e-20
5.634000000000000341e+01,1.869118325166567020e-10,3.493603313473472326e-20
5.635000000000000142e+01,1.754207136906610099e-10,3.077242679174086592e-20
5.635999999999999943e+01,1.646195900092251626e-10,2.709960941480538590e-20
5.637000000000000455e+01,1.544680782337973264e-10,2.386038719324253125e-20
5.638000000000000256e+01,1.449280667892755187e-10,2.100414454327670518e-20
5.639000000000000057e+01,1.359636724315262331e-10,1.848612022106736535e-20
5.639999999999999858e+01,1.275409860901859709e-10,1.626670313285701037e-20
5.641000000000000369e+01,1.196281292214322988e-10,1.431088930101970342e-20
5.642000000000000171e+01,1.121949575474779422e-10,1.258770849908037770e-20
5.642999999999999972e+01,1.052131325807286013e-10,1.106980326744997400e-20
5.643999999999999773e+01,9.865592724363985158e-11,9.732991980302360472e-21
5.645000000000000284e+01,9.249813110007639871e-11,8.555904257006919977e-21
5.646000000000000085e+01,8.671601016816449636e-11,7.519666419485208381e-21
5.646999999999999886e+01,8.128719653165822316e-11,6.607608319976428384e-21
5.648000000000000398e+01,7.619064456550463096e-11,5.805014319307060726e-21
5.649000000000000199e+01,7.140648869276411588e-11,5.098886627429849574e-21
5.650000000000000000e+01,6.691604124132798790e-11,4.477756575411108302e-21
5.650999999999999801e+01,6.270171340247461516e-11,3.931504863606065134e-21
5.652000000000000313e+01,5.874691681251104984e-11,3.451200234976093138e-21
5.653000000000000114e+01,5.503605742407333091e-11,3.028967616785897019e-21
5.653999999999999915e+01,5.155443680797251655e-11,2.657859954587231315e-21
5.655000000000000426e+01,4.828825203331862292e-11,2.331755284433300147e-21
5.656000000000000227e+01,4.522446023577567403e-11,2.045251803617255214e-21
5.657000000000000028e+01,4.235082189639874699e-11,1.793592115300487693e-21
5.657999999999999829e+01,3.965580055269228168e-11,1.572582517474909389e-21
5.659000000000000341e+01,3.712858432360135530e-11,1.378531773874776298e-21
5.660000000000000142e+01,3.475894735701649444e-11,1.208184421367843949e-21
5.660999999999999943e+01,3.253726578538166673e-11,1.058673664788568485e-21
5.662000000000000455e+01,3.045454695840918755e-11,9.274794304419503843e-22
5.663000000000000256e+01,2.850230408422585048e-11,8.123813381096776162e-22
5.664000000000000057e+01,2.667252860936811694e-11,7.114237824175606765e-22
5.664999999999999858e+01,2.495771095845368774e-11,6.228873362857192477e-22
5.666000000000000369e+01,2.335082742738490458e-11,5.452611415435111266e-22
5.667000000000000171e+01,2.184519106147761440e-11,4.772123725124614977e-22
5.667999999999999972e+01,2.043461314679346314e-11,4.175734144591042291e-22
5.668999999999999773e+01,1.911318881583374081e-11,3.653139867097119996e-22
5.670000000000000284e+01,1.787543794382868539e-11,3.195312816836703211e-22
5.671000000000000085e+01,1.671616509217258156e-11,2.794301753887691836e-22
5.671999999999999886e+01,1.563051184504827558e-11,2.443129005381944381e-22
5.673000000000000398e+01,1.461389943648389045e-11,2.135660567396641760e-22
5.674000000000000199e+01,1.366205048214942200e-11,1.866516233767992455e-22
5.675000000000000000e+01,1.277091377114068375e-11,1.630962385499107546e-22
5.675999999999999801e+01,1.193670138787941802e-11,1.424848400234024186e-22
5.677000000000000313e+01,1.115586736993526833e-11,1.244533767755864329e-22
5.678000000000000114e+01,1.042508366014428487e-11,1.086823693210073477e-22
5.678999999999999915e+01,9.741182410616713792e-12,9.489063475690844535e-23
5.680000000000000426e+01,9.101247412332997100e-12,8.283270446049808067e-23
5.681000000000000227e+01,8.502481886369208373e-12,7.229219822803649497e-23
5.682000000000000028e+01,7.942330053684740433e-12,6.308060668166384798e-23
5.682999999999999829e+01,7.418340035333388293e-12,5.503176887983017999e-23
5.684000000000000341e+01,6.928225108075926942e-12,4.800030314817369224e-23
5.685000000000000142e+01,6.469848271023220311e-12,4.185893665006215220e-23
5.685999999999999943e+01,6.041192239259759412e-12,3.649600367169234522e-23
5.687000000000000455e+01,5.640367580891178647e-12,3.181374644756820937e-23
5.688000000000000256e+01,5.265626319565456040e-12,2.772682053730045035e-23
5.689000000000000057e+01,4.915290036494290317e-12,2.416007614286004053e-23
5.689999999999999858e+01,4.587778738724239165e-12,2.104771375549017087e-23
5.691000000000000369e+01,4.281694263197898646e-12,1.833290576350179702e-23
5.692000000000000171e+01,3.995626821828441498e-12,1.596503369931485194e-23
5.692999999999999972e+01,3.728293268454737041e-12,1.390017069560490583e-23
5.693999999999999773e+01,3.478511936846670089e-12,1.210004529478477259e-23
5.695000000000000284e+01,3.245140872809999084e-12,1.053093928438204305e-23
5.696000000000000085e+01,3.027115284204117263e-12,9.163426943862173776e-24
5.696999999999999886e+01,2.823456939772600797e-12,7.971909090750060469e-24
5.698000000000000398e+01,2.633249872216700657e-12,6.934004889529270204e-24
5.699000000000000199e+01,2.455611431865311398e-12,6.030027504307604895e-24
5.700000000000000000e+01,2.289720779182128751e-12,5.242821246618415005e-24
5.700999999999999801e+01,2.134840450644897225e-12,4.557543749709707737e-24
5.702000000000000313e+01,1.990224783507071059e-12,3.960994688885767555e-24
5.703000000000000114e+01,1.855232947430213630e-12,3.441889289230598175e-24
5.703999999999999915e+01,1.729226190604925942e-12,2.990223218274023562e-24
5.705000000000000426e+01,1.611611901119717724e-12,2.597292919830710679e-24
5.706000000000000227e+01,1.501853468400274348e-12,2.255563840545933924e-24
5.707000000000000028e+01,1.399444271352877665e-12,1.958444268622386811e-24
5.707999999999999829e+01,1.303874064383325767e-12,1.700087575771493138e-24
5.709000000000000341e+01,1.214714604277822508e-12,1.475531569845826872e-24
5.710000000000000142e+01,1.131549952741514780e-12,1.280405295549324254e-24
5.710999999999999943e+01,1.053946799153441771e-12,1.110803855445785330e-24
5.712000000000000455e+01,9.815922382174722900e-13,9.635233221287868608e-25
5.713000000000000256e+01,9.141220522401364849e-13,8.356191263917188797e-25
5.714000000000000057e+01,8.511853175307156376e-13,7.245164447798651902e-25
5.714999999999999858e+01,7.925029264321855592e-13,6.280608884035781602e-25
5.716000000000000369e+01,7.378093709364305155e-13,5.443626678416112991e-25
5.717000000000000171e+01,6.868224347166340621e-13,4.717250568300850873e-25
5.717999999999999972e+01,6.392865930231200328e-13,4.086873480191083015e-25
5.718999999999999773e+01,5.949816430900591060e-13,3.540031556141464595e-25
5.720000000000000284e+01,5.536880853574310048e-13,3.065704958667778162e-25
5.721000000000000085e+01,5.152116588826359183e-13,2.654430534485976008e-25
5.721999999999999886e+01,4.793646863649640781e-13,2.297905025337803581e-25
5.723000000000000398e+01,4.459663046051639791e-13,1.988859448431859063e-25
5.724000000000000199e+01,4.148466554397248738e-13,1.720977475295258104e-25
5.725000000000000000e+01,3.858670012211859997e-13,1.488933426314307603e-25
5.725999999999999801e+01,3.588694807620414089e-13,1.287873042224172131e-25
5.727000000000000313e+01,3.337210470575729220e-13,1.113697372492027979e-25
5.728000000000000114e+01,3.103130330093772166e-13,9.629417845547882864e-26
5.728999999999999915e+01,2.885153072103365802e-13,8.324108249467489509e-26
5.730000000000000426e+01,2.682008597428617178e-13,7.193170116681018503e-26
5.731000000000000227e+01,2.493174340688021378e-13,6.215918293065149630e-26
5.732000000000000028e+01,2.317241725903946362e-13,5.369609216270299789e-26
5.732999999999999829e+01,2.153494030577364383e-13,4.637536539732342687e-26
5.734000000000000341e+01,2.001158083131708192e-13,4.004633673683372448e-26
5.735000000000000142e+01,1.859449677302429954e-13,3.457553102420110648e-26
5.735999999999999943e+01,1.727397147227464526e-13,2.983900904249582679e-26
5.737000000000000455e+01,1.604535150433362240e-13,2.574533048976212440e-26
5.738000000000000256e+01,1.490350905932753540e-13,2.221145822814579141e-26
5.739000000000000057e+01,1.384090743353888365e-13,1.915707185837919130e-26
5.739999999999999858e+01,1.285142062641693347e-13,1.651590121170945996e-26
5.741000000000000369e+01,1.193325896059282412e-13,1.424026694205689372e-26
5.742000000000000171e+01,1.107803580286789129e-13,1.227228772496228474e-26
5.742999999999999972e+01,1.028298016416315347e-13,1.057396810565728754e-26
5.743999999999999773e+01,9.544582773779692911e-14,9.109906032553205133e-27
5.745000000000000284e+01,8.857561275386985729e-14,7.845639174723512676e-27
5.746000000000000085e+01,8.218374938189621972e-14,6.754168662466327409e-27
5.746999999999999886e+01,7.625418790390629747e-14,5.814701172884249776e-27
5.748000000000000398e+01,7.072545779194248249e-14,5.002090379879837372e-27
5.749000000000000199e+01,6.560792431990159331e-14,4.304399733565935248e-27
5.750000000000000000e+01,6.084616905787298428e-14,3.702256289019259936e-27
5.750999999999999801e+01,5.641632389634518547e-14,3.182801601977328678e-27
5.752000000000000313e+01,5.230994293143291458e-14,2.736330129489768448e-27
5.753000000000000114e+01,4.848752262221029180e-14,2.351039850039354718e-27
5.753999999999999915e+01,4.496377284472877387e-14,2.021740868432368764e-27
5.755000000000000426e+01,4.165081348584029366e-14,1.734790264032255777e-27
5.756000000000000227e+01,3.861069933243730031e-14,1.490786102939874251e-27
5.757000000000000028e+01,3.577059603717521080e-14,1.279535540854774840e-27
5.757999999999999829e+01,3.314531687878568445e-14,1.098612030995115226e-27
5.759000000000000341e+01,3.071343384825961616e-14,9.433150187514195382e-28
5.760000000000000142e+01,2.846224193262272708e-14,8.100992158311474291e-28
5.760999999999999943e+01,2.634820319683508480e-14,6.942278117017105904e-28
5.762000000000000455e+01,2.439956279261933090e-14,5.953386644709736810e-28
5.763000000000000256e+01,2.260049132405634754e-14,5.107822080887462701e-28
5.764000000000000057e+01,2.093403075159347117e-14,4.382336435086611534e-28
5.764999999999999858e+01,1.936650491737682779e-14,3.750615127147808364e-28
5.766000000000000369e+01,1.794165112762712036e-14,3.219028451854835143e-28
5.767000000000000171e+01,1.663014289540394841e-14,2.765616527215544031e-28
5.767999999999999972e+01,1.538625325768590858e-14,2.367367893096502246e-28
5.768999999999999773e+01,1.424901030582032691e-14,2.030342946953738969e-28
5.770000000000000284e+01,1.320582324286530442e-14,1.743937675218014986e-28
5.771000000000000085e+01,1.222220626122265960e-14,1.493823258918703727e-28
5.771999999999999886e+01,1.132143104644779923e-14,1.281748009394721073e-28
5.773000000000000398e+01,1.049009613810275610e-14,1.100421169866383586e-28
5.774000000000000199e+01,9.711435771553281974e-15,9.431198474500469150e-29
5.775000000000000000e+01,8.992913863140023482e-15,8.087249974985602408e-29
5.775999999999999801e+01,8.341449944504935249e-15,6.957978717668138413e-29
5.777000000000000313e+01,7.726569285873245921e-15,5.969987292939980372e-29
5.778000000000000114e+01,7.172972286956841915e-15,5.145153142945086156e-29
5.778999999999999915e+01,6.658800432163036852e-15,4.433962319537464902e-29
5.780000000000000426e+01,6.153349545900537353e-15,3.786371063403434766e-29
5.781000000000000227e+01,5.726743879124401213e-15,3.279559545708879334e-29
5.782000000000000028e+01,5.319115307502852519e-15,2.829298765451116792e-29
5.782999999999999829e+01,4.935607607499916956e-15,2.436022245521105544e-29
5.784000000000000341e+01,4.597650477710985175e-15,2.113838991519604907e-29
5.785000000000000142e+01,4.280934826606100140e-15,1.832640298964899971e-29
5.785999999999999943e+01,3.972156175999639154e-15,1.577802468653207503e-29
5.787000000000000455e+01,3.696712048901693118e-15,1.366567997249495373e-29
5.788000000000000256e+01,3.439650620505817689e-15,1.183119639114605624e-29
5.789000000000000057e+01,3.211950822444923220e-15,1.031662808580461902e-29
5.789999999999999858e+01,2.975644102926471638e-15,8.854457827281085563e-30
5.791000000000000369e+01,2.780038334128957944e-15,7.728613139226511489e-30
5.792000000000000171e+01,2.609815726858174341e-15,6.811138128156261007e-30
5.792999999999999972e+01,2.423235558997847198e-15,5.872070574391608654e-30
5.793999999999999773e+01,2.258857737537732204e-15,5.102438278434082260e-30
5.795000000000000284e+01,2.107890838198740123e-15,4.443203785762187369e-30
5.796000000000000085e+01,1.967388898346962096e-15,3.870619077338873158e-30
5.796999999999999886e+01,1.834451067302105037e-15,3.365210718325832291e-30
5.798000000000000398e+01,1.712512273966863463e-15,2.932698288487157466e-30
5.799000000000000199e+01,1.601064882144082463e-15,2.563408756835044690e-30
5.800000000000000000e+01,1.493390294239891439e-15,2.230214570929909401e-30
5.800999999999999801e+01,1.394002620152249063e-15,1.943243304991335511e-30
5.802000000000000313e+01,1.297775422796306208e-15,1.684221048014131250e-30
5.803000000000000114e+01,1.210644181806147848e-15,1.465659334941077144e-30
5.803999999999999915e+01,1.133118545042589837e-15,1.283957637119435727e-30
5.805000000000000426e+01,1.022877771260074123e-15,1.046278934937976447e-30
5.806000000000000227e+01,9.750068499711608389e-16,9.506383574906857921e-31
5.807000000000000028e+01,8.939698146859687159e-16,7.991820295696652978e-31
5.807999999999999829e+01,8.239296206482307986e-16,6.788600197815375491e-31
5.809000000000000341e+01,7.565123403480934662e-16,5.723109210989496210e-31
5.810000000000000142e+01,7.110532612310311412e-16,5.055967403072849813e-31
5.810999999999999943e+01,6.477148956433575167e-16,4.195345860382855070e-31
5.812000000000000455e+01,5.807413851790748699e-16,3.372605564597105967e-31
5.813000000000000256e+01,5.244778242122819490e-16,2.750769880904493396e-31
5.814000000000000057e+01,4.843297061214287644e-16,2.345752642316695541e-31
5.814999999999999858e+01,4.106078191051293319e-16,1.685987811102706136e-31
5.816000000000000369e+01,3.807780044125801612e-16,1.449918886444269162e-31
5.817000000000000171e+01,3.470193947483466432e-16,1.204224603315088373e-31
5.817999999999999972e+01,2.848409301403579188e-16,8.113435548322425930e-32
5.818999999999999773e+01,2.586202406957401706e-16,6.688442889752258505e-32
5.820000000000000284e+01,2.109580255517876346e-16,4.450328854470868578e-32
5.821000000000000085e+01,1.663282798591656950e-16,2.766509668090894569e-32
5.821999999999999886e+01,1.342764902527292424e-16,1.803017583459129181e-32
5.823000000000000398e+01,9.643719181044038322e-17,9.300131964283669970e-33
5.824000000000000199e+01,6.051354628988020845e-17,3.661889284577474715e-33
5.825000000000000000e+01,3.648661566831110292e-17,1.331273122927045232e-33
5.825999999999999801e+01,1.641804777828722644e-17,2.695522928501221530e-34
5.827000000000000313e+01,-1.467473265689044845e-17,2.153477785512070156e-34
5.828000000000000114e+01,-3.828163212980745129e-17,1.465483358521906178e-33
5.828999999999999915e+01,-5.534848103875600850e-17,3.063454353297533470e-33
5.830000000000000426e+01,-1.010054951882583749e-16,1.020211005822528546e-32
5.831000000000000227e+01,-9.837345768475779643e-17,9.677337176854832964e-33
5.832000000000000028e+01,-1.185332632337809157e-16,1.405013449284879966e-32
5.832999999999999829e+01,-1.433522719023657450e-16,2.054987385956979997e-32
5.834000000000000341e+01,-1.441845621027922145e-16,2.078918794877394519e-32
5.835000000000000142e+01,-1.483977144450242468e-16,2.202188165250695720e-32
5.835999999999999943e+01,-1.678728996342974455e-16,2.818131043162690494e-32
5.837000000000000455e+01,-1.702484579408334817e-16,2.898453743123174619e-32
5.838000000000000256e+01,-1.808212130325687498e-16,3.269631108256961005e-32
5.839000000000000057e+01,-1.767570822000355121e-16,3.124306610787011130e-32
5.839999999999999858e+01,-1.850806600388115092e-16,3.425485072040212154e-32
5.841000000000000369e+01,-1.763400923066833785e-16,3.109582815472961370e-32
5.842000000000000171e+01,-1.661032269669675618e-16,2.759028200883994163e-32
5.842999999999999972e+01,-1.734079842802519476e-16,3.007032901214010777e-32
5.843999999999999773e+01,-1.644606111877254984e-16,2.704729263224022235e-32
5.845000000000000284e+01,-1.547434625870498579e-16,2.394553921342970018e-32
5.846000000000000085e+01,-1.551003032089135903e-16,2.405610405549693200e-32
5.846999999999999886e+01,-1.491347119793848450e-16,2.224116231717407408e-32
5.848000000000000398e+01,-1.273481727621306614e-16,1.621755710585347708e-32
5.849000000000000199e+01,-1.136740130989319912e-16,1.292178125401616151e-32
5.850000000000000000e+01,-1.081872506205215413e-16,1.170448119682753870e-32
5.850999999999999801e+01,-8.070612981269195760e-17,6.513479389343086081e-33
5.852000000000000313e+01,-7.243256372773776097e-17,5.246476288172792300e-33
5.853000000000000114e+01,-6.572625787403734407e-17,4.319940974124455890e-33
5.853999999999999915e+01,-3.756524754803556337e-17,1.411147823345191927e-33
5.855000000000000426e+01,-4.237617551534045408e-17,1.795740251306939734e-33
5.856000000000000227e+01,-3.057137410985973801e-18,9.346089149650022306e-36
5.857000000000000028e+01,1.315849793122513793e-17,1.731460678060562307e-34
5.857999999999999829e+01,1.697662500171596466e-17,2.882057964488875806e-34
5.859000000000000341e+01,3.894394995069089472e-17,1.516631237761917264e-33
5.860000000000000142e+01,7.506358747947168307e-17,5.634542165288298308e-33
5.860999999999999943e+01,8.020567435721828935e-17,6.432950199096143747e-33
5.862000000000000455e+01,1.016945084723304854e-16,1.034177305342889679e-32
5.863000000000000256e+01,1.119655034548571528e-16,1.253627396389962878e-32
5.864000000000000057e+01,1.219796813231636889e-16,1.487904265570056927e-32
5.864999999999999858e+01,1.341882938490299780e-16,1.800649820611361600e-32
5.866000000000000369e+01,1.538493335288571896e-16,2.366961742727354230e-32
5.867000000000000171e+01,1.768814357500789400e-16,3.128704231300930277e-32
5.867999999999999972e+01,1.780256235773806232e-16,3.169312265011522066e-32
5.868999999999999773e+01,2.022120511435706452e-16,4.088971362769002936e-32
5.870000000000000284e+01,2.056760409302421781e-16,4.230263381273865451e-32
5.871000000000000085e+01,2.044838688526519701e-16,4.181365262094857053e-32
5.871999999999999886e+01,2.269668555336004479e-16,5.151395351081025334e-32
5.873000000000000398e+01,2.232746026408030305e-16,4.985154818440848946e-32
5.874000000000000199e+01,2.328432366076632354e-16,5.421597283393224443e-32
5.875000000000000000e+01,2.300538141423889443e-16,5.292475740146083964e-32
5.875999999999999801e+01,2.374040213265451831e-16,5.636066934201472539e-32
5.877000000000000313e+01,2.348721762893160002e-16,5.516493919487953652e-32
5.878000000000000114e+01,2.268554273185818980e-16,5.146338490389639690e-32
5.878999999999999915e+01,2.407896565495853872e-16,5.797965870126728687e-32
5.880000000000000426e+01,2.200161510248214802e-16,4.840710671177705368e-32
5.881000000000000227e+01,2.093616516369851218e-16,4.383230117616631286e-32
5.882000000000000028e+01,2.086156253759527167e-16,4.352047915099984965e-32
5.882999999999999829e+01,1.940358474678726060e-16,3.764991010257552443e-32
5.884000000000000341e+01,1.871746065525012386e-16,3.503433333808364175e-32
5.885000000000000142e+01,1.849234440356655912e-16,3.419668015401194295e-32
5.885999999999999943e+01,1.657992703955978292e-16,2.748939806371256357e-32
5.887000000000000455e+01,1.536263926195062664e-16,2.360106850928269029e-32
5.888000000000000256e+01,1.350885054178225846e-16,1.824890429602108226e-32
5.889000000000000057e+01,1.339096810718267162e-16,1.793180268475834637e-32
5.889999999999999858e+01,9.995592419251144637e-17,9.991186781179095688e-33
5.891000000000000369e+01,9.962713070285860184e-17,9.925565172084471309e-33
5.892000000000000171e+01,7.969727784623914003e-17,6.351656096100639853e-33
5.892999999999999972e+01,5.728018503012346188e-17,3.281019597085180029e-33
5.893999999999999773e+01,3.874778898384251125e-17,1.501391151136387018e-33
5.895000000000000284e+01,2.612590365443518039e-17,6.825628417608295425e-34
5.896000000000000085e+01,-3.464665621182622895e-18,1.200390786660477041e-35
5.896999999999999886e+01,-1.324230141060222627e-17,1.753585466492377132e-34
5.898000000000000398e+01,-3.460880947920431796e-17,1.197769693567862739e-33
5.899000000000000199e+01,-4.480106974118718043e-17,2.007135849954717423e-33
5.900000000000000000e+01,-6.950957946720623739e-17,4.831581637707858781e-33
5.900999999999999801e+01,-8.879215182081435607e-17,7.884046224970546576e-33
5.902000000000000313e+01,-1.109179599626435370e-16,1.230279384227459447e-32
5.903000000000000114e+01,-1.335161764277355106e-16,1.782656936788219566e-32
5.903999999999999915e+01,-1.299541906369536894e-16,1.688809166410570171e-32
5.905000000000000426e+01,-1.539861900173560830e-16,2.371174671606129293e-32
5.906000000000000227e+01,-1.688907064080224128e-16,2.852407071100082097e-32
5.907000000000000028e+01,-1.785821732972760672e-16,3.189159261957834327e-32
5.907999999999999829e+01,-1.890234785766013252e-16,3.572987545319885806e-32
5.909000000000000341e+01,-2.003021428151863470e-16,4.012094841635530586e-32
5.910000000000000142e+01,-1.898581341978166720e-16,3.604611112107616246e-32
5.910999999999999943e+01,-2.243341421955887651e-16,5.032580735463063699e-32
5.912000000000000455e+01,-2.162677193882884145e-16,4.677172644941146325e-32
5.913000000000000256e+01,-2.337464894317558234e-16,5.463742132166993244e-32
5.914000000000000057e+01,-2.311735874479769528e-16,5.344122753356745084e-32
5.914999999999999858e+01,-2.431862079656226407e-16,5.913953174469906418e-32
5.916000000000000369e+01,-2.275463836268734362e-16,5.177735670166825381e-32
5.917000000000000171e+01,-2.335559040996240315e-16,5.454836033979277738e-32
5.917999999999999972e+01,-2.272074526195540033e-16,5.162322652586687982e-32
5.918999999999999773e+01,-2.162447410149108208e-16,4.676178801660585200e-32
5.920000000000000284e+01,-2.146180073466797441e-16,4.606088907745948244e-32
5.921000000000000085e+01,-2.144490487189033620e-16,4.598839449644258870e-32
5.921999999999999886e+01,-2.031328756649519683e-16,4.126296517591283711e-32
5.923000000000000398e+01,-2.009722327329475015e-16,4.038983832966601640e-32
5.924000000000000199e+01,-1.816413382117953430e-16,3.299357574737182282e-32
5.925000000000000000e+01,-1.708259585305731573e-16,2.918150810788909832e-32
5.925999999999999801e+01,-1.640044228927292692e-16,2.689745072837718009e-32
5.927000000000000313e+01,-1.381943029136081519e-16,1.909766535777808561e-32
5.928000000000000114e+01,-1.322070849797240461e-16,1.747871331883597661e-32
5.928999999999999915e+01,-1.132891253448573710e-16,1.283442592140280374e-32
5.930000000000000426e+01,-8.124409408353197317e-17,6.600602823453794916e-33
5.931000000000000227e+01,-8.117549688065475657e-17,6.589461293821190587e-33
5.932000000000000028e+01,-5.299725277461978677e-17,2.808708801656944748e-33
5.932999999999999829e+01,-4.840394351989088866e-17,2.342941748276787074e-33
5.934000000000000341e+01,-2.632138878677246270e-17,6.928155076644311701e-34
5.935000000000000142e+01,4.480782808629823637e-19,2.007741457811257057e-37
5.935999999999999943e+01,1.653260172791961808e-17,2.733269198940107479e-34
5.937000000000000455e+01,2.515996717943756875e-17,6.330239484703756464e-34
5.938000000000000256e+01,4.630040860407485397e-17,2.143727836904288875e-33
5.939000000000000057e+01,6.992386602251394166e-17,4.889347039534479698e-33
5.939999999999999858e+01,7.169759369691046313e-17,5.140544941927254699e-33
5.941000000000000369e+01,1.062111105100489036e-16,1.128079999577782092e-32
5.942000000000000171e+01,1.189695144106995573e-16,1.415374535911764864e-32
5.942999999999999972e+01,1.285433860950208263e-16,1.652340210877359286e-32
5.943999999999999773e+01,1.528097310921490918e-16,2.335081391645491775e-32
5.945000000000000284e+01,1.716269913848610370e-16,2.945582417181916425e-32
5.946000000000000085e+01,1.723818985337659348e-16,2.971551894210557635e-32
5.946999999999999886e+01,1.968672139124923706e-16,3.875669991366702718e-32
5.948000000000000398e+01,1.930418216210071701e-16,3.726514489475674998e-32
5.949000000000000199e+01,2.011146648561629988e-16,4.044710842020676422e-32
5.950000000000000000e+01,2.221380179517512638e-16,4.934529901953256352e-32
5.950999999999999801e+01,2.197460706583209311e-16,4.828833556977177498e-32
5.952000000000000313e+01,2.311351493601578094e-16,5.342345726974245605e-32
5.953000000000000114e+01,2.213087690066247510e-16,4.897757123922759092e-32
5.953999999999999915e+01,2.308746151561266170e-16,5.330308792348957229e-32
5.955000000000000426e+01,2.526610698940669280e-16,6.383761624001457242e-32
5.956000000000000227e+01,2.296392741491395605e-16,5.273419623174367514e-32
5.957000000000000028e+01,2.412252741316498608e-16,5.818963287988962593e-32
5.957999999999999829e+01,2.193816691378641938e-16,4.812831675371531283e-32
5.959000000000000341e+01,2.151669143286468459e-16,4.629680102171125344e-32
5.960000000000000142e+01,2.208509333650076606e-16,4.877513476819505305e-32
5.960999999999999943e+01,2.000631085965397062e-16,4.002524742131084238e-32
5.962000000000000455e+01,2.001366900789363197e-16,4.005469471575221002e-32
5.963000000000000256e+01,1.811967235828017833e-16,3.283225263714227355e-32
5.964000000000000057e+01,1.755236842172678711e-16,3.080856372120316986e-32
5.964999999999999858e+01,1.460200441556410252e-16,2.132185329521535426e-32
5.966000000000000369e+01,1.571482507361911960e-16,2.469557270944481530e-32
5.967000000000000171e+01,1.296671299283615876e-16,1.681356458385860461e-32
5.967999999999999972e+01,1.088796430771491854e-16,1.185477667660740075e-32
5.968999999999999773e+01,1.036040788834592316e-16,1.073380516129004278e-32
5.970000000000000284e+01,8.486504643540775697e-17,7.202076106483914940e-33
5.971000000000000085e+01,6.120982479494670806e-17,3.746642651428072956e-33
5.971999999999999886e+01,4.686810959340351801e-17,2.196619696859282842e-33
5.973000000000000398e+01,2.523177459624253360e-17,6.366424492755901071e-34
5.974000000000000199e+01,9.978527597845730058e-18,9.957101302096886907e-35
5.975000000000000000e+01,-1.079003588705572402e-17,1.164248744439504051e-34
5.975999999999999801e+01,-3.482845569531362331e-17,1.213021326120423944e-33
5.977000000000000313e+01,-4.785212464157320522e-17,2.289825832712657406e-33
5.978000000000000114e+01,-7.801766012751406361e-17,6.086755291772297831e-33
5.978999999999999915e+01,-8.228758256867895117e-17,6.771246244997156208e-33
5.980000000000000426e+01,-7.974847231045537914e-17,6.359818835851468422e-33
5.981000000000000227e+01,-1.127244656108286760e-16,1.270680514724689638e-32
5.982000000000000028e+01,-1.238753971268147733e-16,1.534511401332606854e-32
5.982999999999999829e+01,-1.507310330946161813e-16,2.271984433777027730e-32
5.984000000000000341e+01,-1.689988399297992895e-16,2.856060789761792344e-32
5.985000000000000142e+01,-1.617910648688585726e-16,2.617634867139919997e-32
5.985999999999999943e+01,-1.812256999874654425e-16,3.284275433594683052e-32
5.987000000000000455e+01,-1.956047550457471977e-16,3.826122019650676490e-32
5.988000000000000256e+01,-1.901230613261700543e-16,3.614677844803462066e-32
5.989000000000000057e+01,-2.189369277898998005e-16,4.793337835007979894e-32
5.989999999999999858e+01,-2.228013495244013759e-16,4.964044134989446960e-32
5.991000000000000369e+01,-2.136809627970318945e-16,4.565955386186652652e-32
5.992000000000000171e+01,-2.261311861606184324e-16,5.113531335440826440e-32
5.992999999999999972e+01,-2.381971976046414297e-16,5.673790494670459660e-32
5.993999999999999773e+01,-2.252100237219815449e-16,5.071955478485549402e-32
5.995000000000000284e+01,-2.190322204559656718e-16,4.797511359787074594e-32
5.996000000000000085e+01,-2.278924108965595007e-16,5.193495094424631505e-32
5.996999999999999886e+01,-2.227114635344243386e-16,4.960039598964522557e-32
5.998000000000000398e+01,-2.322748597838234548e-16,5.395161048759484260e-32
5.999000000000000199e+01,-2.121637143195999276e-16,4.501344167388881330e-32
6.000000000000000000e+01,-2.016933481562971377e-16,4.068020669049729220e-32
